id;original;punkte;stern;umfang;grund
zuordnungen-basis-k1-v1;2014-GYM-B1c;1;;ganz;gleiche Größe mit gleichem Lösungsweg
zuordnungen-basis-k1-v10;2014-GYM-B1c;1;;ganz;gleiche Größe mit gleichem Lösungsweg
zuordnungen-basis-k1-v2;2014-GYM-B1c;1;;ganz;gleiche Größe mit gleichem Lösungsweg
zuordnungen-basis-k1-v3;2014-GYM-B1c;1;;ganz;gleiche Größe mit gleichem Lösungsweg
zuordnungen-basis-k1-v4;2014-GYM-B1c;1;;ganz;gleiche Größe mit gleichem Lösungsweg
zuordnungen-basis-k1-v5;2014-GYM-B1c;1;;ganz;gleiche Größe mit gleichem Lösungsweg
zuordnungen-basis-k1-v6;2014-GYM-B1c;1;;ganz;gleiche Größe mit gleichem Lösungsweg
zuordnungen-basis-k1-v7;2014-GYM-B1c;1;;ganz;gleiche Größe mit gleichem Lösungsweg
zuordnungen-basis-k1-v8;2014-GYM-B1c;1;;ganz;gleiche Größe mit gleichem Lösungsweg
zuordnungen-basis-k1-v9;2014-GYM-B1c;1;;ganz;gleiche Größe mit gleichem Lösungsweg
zuordnungen-e3-k1-s6-v1;2014-GYM-B1c;1;;ganz;gleiche Größe mit gleichem Lösungsweg
zuordnungen-e3-k1-s6-v2;2014-GYM-B1c;1;;ganz;gleiche Größe mit gleichem Lösungsweg
prozentrechnung-e3-k1-s9-v5;2014-OS-B1a;1;nein;ganz;Prozentwert aus Prozentsatz und Grundwert wie im Original, ein Ergebnis
prozentrechnung-e3-k1-s9-v6;2014-OS-B1a;1;nein;ganz;Prozentwert aus Prozentsatz und Grundwert wie im Original, ein Ergebnis
wahrscheinlichkeit-e2-k3-s6-v1;2014-OS-B1b;1;nein;ganz;gleiche Größe mit gleichem Lösungsweg
brueche-dezimalzahlen-e3-k1-s7-v1;2014-OS-B1c;1;nein;ganz;gleiche Größe mit gleichem Lösungsweg
brueche-dezimalzahlen-e3-k1-s7-v2;2014-OS-B1c;1;nein;ganz;gleiche Größe mit gleichem Lösungsweg
bruchrechnung-basis-k1-v1;2014-OS-B1d;1;nein;ganz;gleiche Größe mit gleichem Lösungsweg
bruchrechnung-basis-k1-v10;2014-OS-B1d;1;nein;ganz;gleiche Größe mit gleichem Lösungsweg
bruchrechnung-basis-k1-v2;2014-OS-B1d;1;nein;ganz;gleiche Größe mit gleichem Lösungsweg
bruchrechnung-basis-k1-v3;2014-OS-B1d;1;nein;ganz;gleiche Größe mit gleichem Lösungsweg
bruchrechnung-basis-k1-v4;2014-OS-B1d;1;nein;ganz;gleiche Größe mit gleichem Lösungsweg
bruchrechnung-basis-k1-v5;2014-OS-B1d;1;nein;ganz;gleiche Größe mit gleichem Lösungsweg
bruchrechnung-basis-k1-v6;2014-OS-B1d;1;nein;ganz;gleiche Größe mit gleichem Lösungsweg
bruchrechnung-basis-k1-v7;2014-OS-B1d;1;nein;ganz;gleiche Größe mit gleichem Lösungsweg
bruchrechnung-basis-k1-v8;2014-OS-B1d;1;nein;ganz;gleiche Größe mit gleichem Lösungsweg
bruchrechnung-basis-k1-v9;2014-OS-B1d;1;nein;ganz;gleiche Größe mit gleichem Lösungsweg
bruchrechnung-e1-k3-s8-v11;2014-OS-B1d;1;nein;teil;das Original verlangt die günstigen Fälle zu zählen und den Bruch zu bilden, die Bankzeile gibt die Wahrscheinlichkeit vor und übt nur eins minus Bruch
bruchrechnung-e1-k3-s8-v12;2014-OS-B1d;1;nein;teil;das Original verlangt die günstigen Fälle zu zählen und den Bruch zu bilden, die Bankzeile gibt die Wahrscheinlichkeit vor und übt nur eins minus Bruch
wahrscheinlichkeit-e2-k3-s7-v1;2014-OS-B1d;1;nein;ganz;gleiche Größe mit gleichem Lösungsweg
prozentrechnung-basis-k3-v1;2014-OS-B1e;1;nein;ganz;gleiche Größe mit gleichem Lösungsweg
prozentrechnung-basis-k3-v10;2014-OS-B1e;1;nein;ganz;gleiche Größe mit gleichem Lösungsweg
prozentrechnung-basis-k3-v2;2014-OS-B1e;1;nein;ganz;gleiche Größe mit gleichem Lösungsweg
prozentrechnung-basis-k3-v3;2014-OS-B1e;1;nein;ganz;gleiche Größe mit gleichem Lösungsweg
prozentrechnung-basis-k3-v4;2014-OS-B1e;1;nein;ganz;gleiche Größe mit gleichem Lösungsweg
prozentrechnung-basis-k3-v5;2014-OS-B1e;1;nein;ganz;gleiche Größe mit gleichem Lösungsweg
prozentrechnung-basis-k3-v6;2014-OS-B1e;1;nein;ganz;gleiche Größe mit gleichem Lösungsweg
prozentrechnung-basis-k3-v7;2014-OS-B1e;1;nein;ganz;gleiche Größe mit gleichem Lösungsweg
prozentrechnung-basis-k3-v8;2014-OS-B1e;1;nein;ganz;gleiche Größe mit gleichem Lösungsweg
prozentrechnung-basis-k3-v9;2014-OS-B1e;1;nein;ganz;gleiche Größe mit gleichem Lösungsweg
prozentrechnung-e2-k3-s8-v7;2014-OS-B1e;1;nein;ganz;Anteil aus Teil und Ganzem in Prozent wie der Zinssatz aus Zinsen und Kapital, gleiche Handlung
prozentrechnung-e2-k3-s8-v8;2014-OS-B1e;1;nein;ganz;Anteil aus Teil und Ganzem in Prozent wie der Zinssatz aus Zinsen und Kapital, gleiche Handlung
zinsrechnung-e1-k1-s11-v3;2014-OS-B1e;1;nein;ganz;gleiche Größe mit gleichem Lösungsweg
zinsrechnung-e1-k1-s11-v4;2014-OS-B1e;1;nein;ganz;gleiche Größe mit gleichem Lösungsweg
winkel-dreiecke-e2-k2-s4-v1;2014-OS-B1f;1;nein;ganz;gleiche Größe mit gleichem Lösungsweg
brueche-dezimalzahlen-e5-k2-s10-v3;2014-OS-B1h;1;nein;ganz;gleiche Größe mit gleichem Lösungsweg
brueche-dezimalzahlen-e5-k2-s10-v4;2014-OS-B1h;1;nein;ganz;gleiche Größe mit gleichem Lösungsweg
potenzen-wurzeln-e3-k2-s13-v5;2014-OS-B1h;1;nein;ganz;gleiche Größe mit gleichem Lösungsweg
potenzen-wurzeln-e3-k2-s13-v6;2014-OS-B1h;1;nein;ganz;gleiche Größe mit gleichem Lösungsweg
rationale-zahlen-e1-k1-s6-v3;2014-OS-B1h;1;nein;ganz;gleiche Handlung Ordnen, ohne Wurzel
rationale-zahlen-e1-k1-s6-v4;2014-OS-B1h;1;nein;ganz;gleiche Handlung Ordnen, ohne Wurzel
reelle-zahlen-e1-k1-s6-v3;2014-OS-B1h;1;nein;ganz;gleiche Größe mit gleichem Lösungsweg
brueche-dezimalzahlen-e1-k1-s6-v5;2014-OS-B1i;2;nein;ganz;beide Leistungen, Bruch und Prozent
brueche-dezimalzahlen-e1-k1-s6-v6;2014-OS-B1i;2;nein;ganz;beide Leistungen, Bruch und Prozent
brueche-dezimalzahlen-e2-k1-s8-v1;2014-OS-B1i;2;nein;ganz;beide Leistungen, Bruch und Prozent
brueche-dezimalzahlen-e2-k1-s8-v2;2014-OS-B1i;2;nein;ganz;beide Leistungen, Bruch und Prozent
trigonometrie-e4-k1-s10-v1;2014-OS-K2b;4;ja;ganz;Sinussatz und Weglänge wie im Original
zuordnungen-e4-k3-s6-v1;2014-OS-K2c;3;ja;ganz;Dauer und Ankunftszeit wie im Original
zuordnungen-e4-k3-s6-v2;2014-OS-K2c;3;ja;ganz;Dauer und Ankunftszeit wie im Original
zinsrechnung-e1-k1-s11-v5;2014-OS-K3a;1;nein;ganz;Nachweis des Zinssatzes wie im Original
zinsrechnung-e1-k1-s11-v6;2014-OS-K3a;1;nein;ganz;Nachweis des Zinssatzes wie im Original
zinsrechnung-e2-k1-s10-v1;2014-OS-K3b;2;nein;ganz;beide Tabellenfelder mit gleichem Weg
zinsrechnung-e2-k1-s10-v2;2014-OS-K3b;2;nein;ganz;beide Tabellenfelder mit gleichem Weg
zinsrechnung-e2-k1-s10-v3;2014-OS-K3c;2;nein;ganz;gleiche Größe mit gleichem Lösungsweg
zinsrechnung-e2-k1-s10-v4;2014-OS-K3c;2;nein;ganz;gleiche Größe mit gleichem Lösungsweg
daten-e4-k1-s1-v4;2014-OS-K4a;2;nein;ganz;Minimum und Maximum abgelesen
daten-e4-k1-s2-v2;2014-OS-K4b;2;nein;ganz;gleiche Größe mit gleichem Lösungsweg
bruchrechnung-e4-k2-s8-v1;2014-OS-K4c;1;nein;ganz;gleiche Größe mit gleichem Lösungsweg
bruchrechnung-e4-k2-s8-v2;2014-OS-K4c;1;nein;ganz;gleiche Größe mit gleichem Lösungsweg
zuordnungen-e4-k3-s5-v1;2014-OS-K4c;1;nein;ganz;gleiche Größe mit gleichem Lösungsweg
zuordnungen-e4-k3-s5-v2;2014-OS-K4c;1;nein;ganz;gleiche Größe mit gleichem Lösungsweg
bruchrechnung-e2-k1-s5-v1;2014-OS-K4d;2;nein;unklar;nur Differenz gegebener Beträge, Kostenrechnung fehlt
bruchrechnung-e2-k1-s5-v2;2014-OS-K4d;2;nein;unklar;nur Differenz gegebener Beträge, Kostenrechnung fehlt
zuordnungen-e4-k3-s5-v3;2014-OS-K4d;2;nein;ganz;Nachweis der Mehrkosten, anderer gleichwertiger Weg
zuordnungen-e4-k3-s5-v4;2014-OS-K4d;2;nein;ganz;Nachweis der Mehrkosten, anderer gleichwertiger Weg
einheiten-e4-k1-s12-v1;2014-OS-K4e;4;nein;ganz;Fehler erklärt und Behauptung korrigiert
einheiten-e4-k1-s12-v2;2014-OS-K4e;4;nein;ganz;Fehler erklärt und Behauptung korrigiert
koerper-e3-k1-s1-v4;2014-OS-K5a;2;nein;ganz;gleiche Größe mit gleichem Lösungsweg
koerper-e3-k1-s1-v5;2014-OS-K5a;2;nein;ganz;gleiche Größe mit gleichem Lösungsweg
flaechen-e4-k1-s6-v1;2014-OS-K5c;3;ja;ganz;Höhe aus Fläche und Vergleich als Nachweis
flaechen-e4-k1-s6-v2;2014-OS-K5c;3;ja;ganz;Höhe aus Fläche und Vergleich als Nachweis
wahrscheinlichkeit-e2-k3-s5-v2;2014-OS-K6a;2;nein;ganz;beide Leistungen, Bruch und Prozent
wahrscheinlichkeit-e3-k3-s2-v2;2014-OS-K6b;2;nein;ganz;alle Astwahrscheinlichkeiten ergänzen
bruchrechnung-e1-k3-s8-v1;2014-OS-K6c;2;ja;unklar;nur letzter Schritt 1 minus gegebener Wahrscheinlichkeit
bruchrechnung-e1-k3-s8-v2;2014-OS-K6c;2;ja;unklar;nur letzter Schritt 1 minus gegebener Wahrscheinlichkeit
wahrscheinlichkeit-e3-k3-s5-v1;2014-OS-K6c;2;ja;ganz;gleiche Größe mit gleichem Lösungsweg
wahrscheinlichkeit-e2-k4-s1-v1;2015-OS-B1a;1;nein;ganz;Ankreuzen wie im Original
rationale-zahlen-basis-k3-v1;2015-OS-B1b;1;nein;ganz;gleiche Größe mit gleichem Lösungsweg
rationale-zahlen-basis-k3-v10;2015-OS-B1b;1;nein;ganz;gleiche Größe mit gleichem Lösungsweg
rationale-zahlen-basis-k3-v2;2015-OS-B1b;1;nein;ganz;gleiche Größe mit gleichem Lösungsweg
rationale-zahlen-basis-k3-v3;2015-OS-B1b;1;nein;ganz;gleiche Größe mit gleichem Lösungsweg
rationale-zahlen-basis-k3-v4;2015-OS-B1b;1;nein;ganz;gleiche Größe mit gleichem Lösungsweg
rationale-zahlen-basis-k3-v5;2015-OS-B1b;1;nein;ganz;gleiche Größe mit gleichem Lösungsweg
rationale-zahlen-basis-k3-v6;2015-OS-B1b;1;nein;ganz;gleiche Größe mit gleichem Lösungsweg
rationale-zahlen-basis-k3-v7;2015-OS-B1b;1;nein;ganz;gleiche Größe mit gleichem Lösungsweg
rationale-zahlen-basis-k3-v8;2015-OS-B1b;1;nein;ganz;gleiche Größe mit gleichem Lösungsweg
rationale-zahlen-basis-k3-v9;2015-OS-B1b;1;nein;ganz;gleiche Größe mit gleichem Lösungsweg
rationale-zahlen-e1-k1-s6-v1;2015-OS-B1b;1;nein;ganz;gleiche Größe mit gleichem Lösungsweg
rationale-zahlen-e1-k1-s6-v2;2015-OS-B1b;1;nein;ganz;gleiche Größe mit gleichem Lösungsweg
brueche-dezimalzahlen-e4-k1-s9-v1;2015-OS-B1c;1;nein;ganz;Ankreuzen wie im Original
brueche-dezimalzahlen-e4-k1-s9-v2;2015-OS-B1c;1;nein;ganz;Ankreuzen wie im Original
brueche-dezimalzahlen-e5-k2-s10-v5;2015-OS-B1c;1;nein;ganz;Ankreuzen wie im Original
brueche-dezimalzahlen-e5-k2-s10-v6;2015-OS-B1c;1;nein;ganz;Ankreuzen wie im Original
potenzen-wurzeln-e3-k2-s13-v3;2015-OS-B1c;1;nein;ganz;Ankreuzen wie im Original
potenzen-wurzeln-e3-k2-s13-v4;2015-OS-B1c;1;nein;ganz;Ankreuzen wie im Original
winkel-dreiecke-basis-k3-v1;2015-OS-B1d;1;nein;ganz;gleiche Größe mit gleichem Lösungsweg
winkel-dreiecke-basis-k3-v10;2015-OS-B1d;1;nein;ganz;gleiche Größe mit gleichem Lösungsweg
winkel-dreiecke-basis-k3-v2;2015-OS-B1d;1;nein;ganz;gleiche Größe mit gleichem Lösungsweg
winkel-dreiecke-basis-k3-v3;2015-OS-B1d;1;nein;ganz;gleiche Größe mit gleichem Lösungsweg
winkel-dreiecke-basis-k3-v4;2015-OS-B1d;1;nein;ganz;gleiche Größe mit gleichem Lösungsweg
winkel-dreiecke-basis-k3-v5;2015-OS-B1d;1;nein;ganz;gleiche Größe mit gleichem Lösungsweg
winkel-dreiecke-basis-k3-v6;2015-OS-B1d;1;nein;ganz;gleiche Größe mit gleichem Lösungsweg
winkel-dreiecke-basis-k3-v7;2015-OS-B1d;1;nein;ganz;gleiche Größe mit gleichem Lösungsweg
winkel-dreiecke-basis-k3-v8;2015-OS-B1d;1;nein;ganz;gleiche Größe mit gleichem Lösungsweg
winkel-dreiecke-basis-k3-v9;2015-OS-B1d;1;nein;ganz;gleiche Größe mit gleichem Lösungsweg
winkel-dreiecke-e2-k2-s10-v1;2015-OS-B1d;1;nein;ganz;gleiche Größe mit gleichem Lösungsweg
winkel-dreiecke-e2-k2-s10-v2;2015-OS-B1d;1;nein;ganz;gleiche Größe mit gleichem Lösungsweg
zinsrechnung-e1-k1-s11-v1;2015-OS-B1e;1;nein;ganz;Zinsen nach einem Jahr mit gleichem Weg
zinsrechnung-e1-k1-s11-v2;2015-OS-B1e;1;nein;ganz;Zinsen nach einem Jahr mit gleichem Weg
daten-e4-k1-s4-v2;2015-OS-B1f;1;nein;ganz;Median bei ungerader Anzahl mit gleichem Weg
rationale-zahlen-basis-k2-v1;2015-OS-B1g;1;nein;ganz;Vorzeichenregel ankreuzen wie im Original
rationale-zahlen-basis-k2-v10;2015-OS-B1g;1;nein;ganz;Vorzeichenregel ankreuzen wie im Original
rationale-zahlen-basis-k2-v2;2015-OS-B1g;1;nein;ganz;Vorzeichenregel ankreuzen wie im Original
rationale-zahlen-basis-k2-v3;2015-OS-B1g;1;nein;ganz;Vorzeichenregel ankreuzen wie im Original
rationale-zahlen-basis-k2-v4;2015-OS-B1g;1;nein;ganz;Vorzeichenregel ankreuzen wie im Original
rationale-zahlen-basis-k2-v5;2015-OS-B1g;1;nein;ganz;Vorzeichenregel ankreuzen wie im Original
rationale-zahlen-basis-k2-v6;2015-OS-B1g;1;nein;ganz;Vorzeichenregel ankreuzen wie im Original
rationale-zahlen-basis-k2-v7;2015-OS-B1g;1;nein;ganz;Vorzeichenregel ankreuzen wie im Original
rationale-zahlen-basis-k2-v8;2015-OS-B1g;1;nein;ganz;Vorzeichenregel ankreuzen wie im Original
rationale-zahlen-basis-k2-v9;2015-OS-B1g;1;nein;ganz;Vorzeichenregel ankreuzen wie im Original
rationale-zahlen-e3-k1-s7-v7;2015-OS-B1g;1;nein;ganz;Vorzeichenregel ankreuzen wie im Original
rationale-zahlen-e3-k1-s7-v8;2015-OS-B1g;1;nein;ganz;Vorzeichenregel ankreuzen wie im Original
brueche-dezimalzahlen-e1-k2-s6-v1;2015-OS-B1h;1;nein;ganz;Rest zum Ganzen mit gleichem Weg
brueche-dezimalzahlen-e1-k2-s6-v2;2015-OS-B1h;1;nein;ganz;Rest zum Ganzen mit gleichem Weg
potenzen-wurzeln-basis-k2-v1;2015-OS-B1j;1;ja;ganz;Wurzel eines Quadrats ankreuzen wie im Original
potenzen-wurzeln-basis-k2-v10;2015-OS-B1j;1;ja;ganz;Wurzel eines Quadrats ankreuzen wie im Original
potenzen-wurzeln-basis-k2-v2;2015-OS-B1j;1;ja;ganz;Wurzel eines Quadrats ankreuzen wie im Original
potenzen-wurzeln-basis-k2-v3;2015-OS-B1j;1;ja;ganz;Wurzel eines Quadrats ankreuzen wie im Original
potenzen-wurzeln-basis-k2-v4;2015-OS-B1j;1;ja;ganz;Wurzel eines Quadrats ankreuzen wie im Original
potenzen-wurzeln-basis-k2-v5;2015-OS-B1j;1;ja;ganz;Wurzel eines Quadrats ankreuzen wie im Original
potenzen-wurzeln-basis-k2-v6;2015-OS-B1j;1;ja;ganz;Wurzel eines Quadrats ankreuzen wie im Original
potenzen-wurzeln-basis-k2-v7;2015-OS-B1j;1;ja;ganz;Wurzel eines Quadrats ankreuzen wie im Original
potenzen-wurzeln-basis-k2-v8;2015-OS-B1j;1;ja;ganz;Wurzel eines Quadrats ankreuzen wie im Original
potenzen-wurzeln-basis-k2-v9;2015-OS-B1j;1;ja;ganz;Wurzel eines Quadrats ankreuzen wie im Original
potenzen-wurzeln-e3-k2-s13-v1;2015-OS-B1j;1;ja;ganz;Wurzel eines Quadrats ankreuzen wie im Original
potenzen-wurzeln-e3-k2-s13-v2;2015-OS-B1j;1;ja;ganz;Wurzel eines Quadrats ankreuzen wie im Original
bruchrechnung-e5-k1-s6-v5;2015-OS-K2a;3;nein;ganz;drei Terme zum Rabatt beurteilen wie im Original
bruchrechnung-e5-k1-s6-v6;2015-OS-K2a;3;nein;ganz;drei Terme zum Rabatt beurteilen wie im Original
prozentrechnung-e5-k2-s8-v10;2015-OS-K2b;2;nein;ganz;Preis nach Rabatt mit gleichem Weg
prozentrechnung-e5-k2-s8-v9;2015-OS-K2b;2;nein;ganz;Preis nach Rabatt mit gleichem Weg
potenzen-wurzeln-e2-k1-s17-v5;2015-OS-K3a;1;nein;ganz;große Zahl mal hundert ausgeschrieben angeben
potenzen-wurzeln-e2-k1-s17-v6;2015-OS-K3a;1;nein;ganz;große Zahl mal hundert ausgeschrieben angeben
potenzen-wurzeln-e2-k1-s9-v1;2015-OS-K3b;1;nein;ganz;passende ausgeschriebene Zahl ankreuzen
potenzen-wurzeln-e2-k1-s9-v2;2015-OS-K3b;1;nein;ganz;passende ausgeschriebene Zahl ankreuzen
potenzen-wurzeln-e2-k1-s9-v3;2015-OS-K3b;1;nein;ganz;passende ausgeschriebene Zahl ankreuzen
zuordnungen-e4-k3-s6-v3;2015-OS-K3c;4;ja;ganz;Dauer und Umrechnung in zweite Zeiteinheit, beide Ergebnisse
zuordnungen-e4-k3-s6-v4;2015-OS-K3c;4;ja;ganz;Dauer und Umrechnung in zweite Zeiteinheit, beide Ergebnisse
quadratische-funktionen-e1-k1-s11-v1;2015-OS-K4b;3;ja;ganz;Gleichung ankreuzen und begründen wie im Original
quadratische-funktionen-e1-k1-s11-v2;2015-OS-K4b;3;ja;ganz;Gleichung ankreuzen und begründen wie im Original
zuordnungen-e4-k3-s5-v7;2015-OS-K4c;2;ja;ganz;Geschwindigkeit aus Höhendifferenz in km/h
zuordnungen-e4-k3-s5-v8;2015-OS-K4c;2;ja;ganz;Geschwindigkeit aus Höhendifferenz in km/h
lineare-funktionen-e4-k1-s6-v3;2015-OS-K4d;3;ja;ganz;Geradengleichung aus zwei Punkten im Sachkontext
lineare-funktionen-e4-k1-s6-v4;2015-OS-K4d;3;ja;ganz;Geradengleichung aus zwei Punkten im Sachkontext
wahrscheinlichkeit-e1-k1-s8-v3;2015-OS-K5a;1;nein;ganz;Dreiecksanzahl ankreuzen mit gleichem Weg
winkel-dreiecke-e3-k2-s7-v3;2015-OS-K5b;1;nein;ganz;Winkelsumme im Teildreieck wie im Original
trigonometrie-e4-k1-s4-v1;2015-OS-K5c;2;ja;ganz;Diagonale mit Sinussatz wie im Original
trigonometrische-funktionen-e1-k1-s13-v1;2015-OS-K5c;2;ja;unklar;Sinussatz-Term vorgegeben, dazu Einheitskreis-Erklärung
trigonometrie-e3-k1-s17-v11;2015-OS-K5d;3;nein;ganz;benötigte Größen und Rechenschritte beide beschrieben
trigonometrie-e3-k1-s17-v12;2015-OS-K5d;3;nein;ganz;benötigte Größen und Rechenschritte beide beschrieben
strahlensaetze-e1-k2-s9-v3;2015-OS-K6a;2;nein;ganz;beide Originalmaße aus Maßstab
strahlensaetze-e1-k2-s9-v4;2015-OS-K6a;2;nein;ganz;beide Originalmaße aus Maßstab
koerper-e1-k1-s7-v1;2015-OS-K6b;2;nein;ganz;Höhe einzeichnen und beide Maße beschriften
koerper-e1-k1-s7-v2;2015-OS-K6b;2;nein;ganz;Höhe einzeichnen und beide Maße beschriften
koerper-e1-k1-s7-v3;2015-OS-K6b;2;nein;ganz;Höhe einzeichnen und beide Maße beschriften
pyramide-kegel-kugel-e1-k5-s14-v1;2015-OS-K6b;2;nein;ganz;Höhe einzeichnen und beide Maße beschriften
pyramide-kegel-kugel-e1-k5-s14-v2;2015-OS-K6b;2;nein;ganz;Höhe einzeichnen und beide Maße beschriften
pyramide-kegel-kugel-e1-k5-s14-v3;2015-OS-K6c;4;nein;ganz;Flächennachweis über Seitenhöhe wie im Original
pyramide-kegel-kugel-e1-k5-s14-v4;2015-OS-K6c;4;nein;ganz;Flächennachweis über Seitenhöhe wie im Original
einheiten-e4-k1-s11-v1;2015-OS-K6d;3;nein;ganz;Lackbedarf berechnen und Entscheidung begründen
einheiten-e4-k1-s11-v2;2015-OS-K6d;3;nein;ganz;Lackbedarf berechnen und Entscheidung begründen
einheiten-e4-k1-s11-v3;2015-OS-K6d;3;nein;ganz;Lackbedarf berechnen und Entscheidung begründen
daten-e4-k1-s9-v1;2015-OS-K7a;2;nein;ganz;Mittelwert berechnen und sinnvoll runden
daten-e1-k1-s11-v1;2015-OS-K7b;1;nein;ganz;relative Häufigkeit eines Siegs angeben
daten-e1-k1-s11-v2;2015-OS-K7b;1;nein;ganz;relative Häufigkeit eines Siegs angeben
daten-e3-k1-s6-v2;2015-OS-K7c;4;nein;teil;nur Mittelpunktswinkel, ohne Prozentsatz und Sektor
prozentrechnung-e2-k3-s8-v5;2015-OS-K7c;4;nein;teil;nur Prozentsatz, ohne Sektor und Winkel
prozentrechnung-e2-k3-s8-v6;2015-OS-K7c;4;nein;teil;nur Prozentsatz, ohne Sektor und Winkel
bruchrechnung-e1-k3-s8-v3;2015-OS-K7d;4;ja;unklar;Gegenwahrscheinlichkeit vorgegeben, nur der Restschritt
bruchrechnung-e1-k3-s8-v4;2015-OS-K7d;4;ja;unklar;Gegenwahrscheinlichkeit vorgegeben, nur der Restschritt
wahrscheinlichkeit-e4-k1-s7-v1;2015-OS-K7d;4;ja;teil;nur Wahrscheinlichkeit, Baum wird nicht ergänzt
daten-e4-k1-s6-v1;2016-OS-B1a;1;nein;ganz;Mittelwert aus drei Werten
lineare-gleichungen-e4-k1-s6-v5;2016-OS-B1b;1;nein;ganz;Gleichung zum Zahlenrätsel angeben
lineare-gleichungen-e4-k1-s6-v6;2016-OS-B1b;1;nein;ganz;Gleichung zum Zahlenrätsel angeben
lineare-funktionen-basis-k2-v1;2016-OS-B1c;1;nein;ganz;Gerade nach Eigenschaft ankreuzen
lineare-funktionen-basis-k2-v10;2016-OS-B1c;1;nein;ganz;Gerade nach Eigenschaft ankreuzen
lineare-funktionen-basis-k2-v2;2016-OS-B1c;1;nein;ganz;Gerade nach Eigenschaft ankreuzen
lineare-funktionen-basis-k2-v3;2016-OS-B1c;1;nein;ganz;Gerade nach Eigenschaft ankreuzen
lineare-funktionen-basis-k2-v4;2016-OS-B1c;1;nein;ganz;Gerade nach Eigenschaft ankreuzen
lineare-funktionen-basis-k2-v5;2016-OS-B1c;1;nein;ganz;Gerade nach Eigenschaft ankreuzen
lineare-funktionen-basis-k2-v6;2016-OS-B1c;1;nein;ganz;Gerade nach Eigenschaft ankreuzen
lineare-funktionen-basis-k2-v7;2016-OS-B1c;1;nein;ganz;Gerade nach Eigenschaft ankreuzen
lineare-funktionen-basis-k2-v8;2016-OS-B1c;1;nein;ganz;Gerade nach Eigenschaft ankreuzen
lineare-funktionen-basis-k2-v9;2016-OS-B1c;1;nein;ganz;Gerade nach Eigenschaft ankreuzen
lineare-funktionen-e2-k5-s6-v5;2016-OS-B1c;1;nein;ganz;Gerade nach Eigenschaft ankreuzen
lineare-funktionen-e2-k5-s6-v6;2016-OS-B1c;1;nein;ganz;Gerade nach Eigenschaft ankreuzen
winkel-dreiecke-e3-k2-s10-v2;2016-OS-B1e;1;nein;ganz;Viereckseigenschaft ankreuzen wie im Original
wahrscheinlichkeit-e2-k3-s6-v3;2016-OS-B1f;1;nein;ganz;einstufige Wahrscheinlichkeit wie im Original
potenzen-wurzeln-e2-k1-s6-v1;2016-OS-B1h;1;nein;ganz;Zehnerpotenzschreibweise ausschreiben
potenzen-wurzeln-e2-k1-s6-v2;2016-OS-B1h;1;nein;ganz;Zehnerpotenzschreibweise ausschreiben
potenzen-wurzeln-e2-k1-s6-v3;2016-OS-B1h;1;nein;ganz;Zehnerpotenzschreibweise ausschreiben
bruchrechnung-e5-k1-s6-v3;2016-OS-B1i;1;nein;ganz;Termwert mit Klammer und Division
bruchrechnung-e5-k1-s6-v4;2016-OS-B1i;1;nein;ganz;Termwert mit Klammer und Division
rationale-zahlen-e3-k1-s7-v3;2016-OS-B1i;1;nein;ganz;Termwert mit Klammer und Division
rationale-zahlen-e3-k1-s7-v4;2016-OS-B1i;1;nein;ganz;Termwert mit Klammer und Division
koerper-basis-k1-v1;2016-OS-B1j;1;nein;ganz;Gegenfläche im Würfelnetz angeben statt markieren
koerper-basis-k1-v10;2016-OS-B1j;1;nein;ganz;Gegenfläche im Würfelnetz angeben statt markieren
koerper-basis-k1-v2;2016-OS-B1j;1;nein;ganz;Gegenfläche im Würfelnetz angeben statt markieren
koerper-basis-k1-v3;2016-OS-B1j;1;nein;ganz;Gegenfläche im Würfelnetz angeben statt markieren
koerper-basis-k1-v4;2016-OS-B1j;1;nein;ganz;Gegenfläche im Würfelnetz angeben statt markieren
koerper-basis-k1-v5;2016-OS-B1j;1;nein;ganz;Gegenfläche im Würfelnetz angeben statt markieren
koerper-basis-k1-v6;2016-OS-B1j;1;nein;ganz;Gegenfläche im Würfelnetz angeben statt markieren
koerper-basis-k1-v7;2016-OS-B1j;1;nein;ganz;Gegenfläche im Würfelnetz angeben statt markieren
koerper-basis-k1-v8;2016-OS-B1j;1;nein;ganz;Gegenfläche im Würfelnetz angeben statt markieren
koerper-basis-k1-v9;2016-OS-B1j;1;nein;ganz;Gegenfläche im Würfelnetz angeben statt markieren
koerper-e1-k1-s8-v1;2016-OS-B1j;1;nein;ganz;Gegenfläche im Würfelnetz angeben statt markieren
koerper-e1-k1-s8-v2;2016-OS-B1j;1;nein;ganz;Gegenfläche im Würfelnetz angeben statt markieren
daten-e2-k2-s4-v3;2016-OS-K2a;1;nein;ganz;Jahre unter Schwelle ablesen, etwas mehr als ein Jahr
daten-e2-k2-s3-v2;2016-OS-K2b;1;nein;ganz;Wert aus Tausenderdiagramm ablesen
prozentrechnung-e5-k2-s8-v5;2016-OS-K2c;2;nein;ganz;prozentuale Zunahme mit gleichem Weg
prozentrechnung-e5-k2-s8-v6;2016-OS-K2c;2;nein;ganz;prozentuale Zunahme mit gleichem Weg
rationale-zahlen-e4-k1-s6-v1;2016-OS-K2d;2;nein;ganz;günstigste Preiskombination ermitteln
rationale-zahlen-e4-k1-s6-v2;2016-OS-K2d;2;nein;ganz;günstigste Preiskombination ermitteln
einheiten-e1-k2-s10-v1;2016-OS-K3a;1;nein;ganz;Umrechnung mit Faktor und Nachweis wie im Original
einheiten-e1-k2-s10-v2;2016-OS-K3a;1;nein;ganz;Umrechnung mit Faktor und Nachweis wie im Original
kreis-e2-k1-s7-v1;2016-OS-K3b;2;nein;ganz;Kreisfläche aus Durchmesser mit gleichem Weg
kreis-e2-k1-s7-v2;2016-OS-K3b;2;nein;ganz;Kreisfläche aus Durchmesser mit gleichem Weg
pyramide-kegel-kugel-e3-k1-s13-v1;2016-OS-K3c;3;nein;ganz;Kugelvolumen aus Durchmesser mit gleichem Weg
pyramide-kegel-kugel-e3-k1-s13-v2;2016-OS-K3c;3;nein;ganz;Kugelvolumen aus Durchmesser mit gleichem Weg
einheiten-e4-k1-s10-v1;2016-OS-K3d;2;nein;ganz;Volumen aus Masse und Dichte wie im Original
einheiten-e4-k1-s10-v2;2016-OS-K3d;2;nein;ganz;Volumen aus Masse und Dichte wie im Original
einheiten-e4-k1-s10-v3;2016-OS-K3d;2;nein;ganz;Volumen aus Masse und Dichte wie im Original
pyramide-kegel-kugel-e3-k1-s13-v3;2016-OS-K3d;2;nein;ganz;Volumen aus Masse und Dichte wie im Original
pyramide-kegel-kugel-e3-k1-s13-v4;2016-OS-K3d;2;nein;ganz;Volumen aus Masse und Dichte wie im Original
potenz-exponentialfunktionen-e2-k2-s8-v5;2016-OS-K4a;2;nein;ganz;fehlender Wert und fehlende Zeitangabe wie im Original
potenz-exponentialfunktionen-e2-k2-s8-v6;2016-OS-K4a;2;nein;ganz;fehlender Wert und fehlende Zeitangabe wie im Original
potenz-exponentialfunktionen-e1-k3-s5-v5;2016-OS-K4b;4;ja;ganz;Achsen einteilen, Punkte eintragen, Kurve zeichnen
potenz-exponentialfunktionen-e1-k3-s5-v6;2016-OS-K4b;4;ja;ganz;Achsen einteilen, Punkte eintragen, Kurve zeichnen
potenz-exponentialfunktionen-e4-k1-s9-v3;2016-OS-K4c;1;nein;ganz;Halbwertszeit aus der Tabelle angeben
potenz-exponentialfunktionen-e4-k1-s9-v4;2016-OS-K4c;1;nein;ganz;Halbwertszeit aus der Tabelle angeben
potenz-exponentialfunktionen-e1-k1-s8-v3;2016-OS-K4d;2;ja;ganz;Aussage ankreuzen und begründen wie im Original
potenz-exponentialfunktionen-e1-k1-s8-v4;2016-OS-K4d;2;ja;ganz;Aussage ankreuzen und begründen wie im Original
potenz-exponentialfunktionen-e3-k2-s8-v5;2016-OS-K4e;1;ja;ganz;Restmenge nach 24 Schritten mit der Potenz
potenz-exponentialfunktionen-e3-k2-s8-v6;2016-OS-K4e;1;ja;ganz;Restmenge nach 24 Schritten mit der Potenz
wahrscheinlichkeit-e1-k1-s5-v3;2016-OS-K5a;1;nein;ganz;größte Zahl aus drei Ziffern
wahrscheinlichkeit-e1-k1-s3-v3;2016-OS-K5b;2;nein;ganz;alle Anordnungen und Anteil gerader Zahlen
wahrscheinlichkeit-e2-k3-s6-v2;2016-OS-K5c;2;nein;ganz;Behauptung über Losanzahl begründen wie im Original
wahrscheinlichkeit-e2-k3-s13-v1;2016-OS-K5d;3;ja;ganz;eingeschränkte Grundmenge und Entscheidung mit Begründung
wahrscheinlichkeit-e2-k3-s13-v2;2016-OS-K5d;3;ja;ganz;eingeschränkte Grundmenge und Entscheidung mit Begründung
lineare-funktionen-e5-k1-s5-v15;2016-OS-K6a;2;nein;ganz;Zuordnung beider Graphen und Begründung
lineare-funktionen-e5-k1-s5-v16;2016-OS-K6a;2;nein;ganz;Zuordnung beider Graphen und Begründung
lineare-funktionen-e5-k1-s5-v3;2016-OS-K6b;3;nein;ganz;Tarifvergleich und Prüfung bei längerer Strecke
lineare-funktionen-e5-k1-s5-v4;2016-OS-K6b;3;nein;ganz;Tarifvergleich und Prüfung bei längerer Strecke
lineare-funktionen-e5-k1-s5-v10;2016-OS-K6c;2;ja;ganz;Funktionsgleichung aus Grundpreis und km-Preis
lineare-funktionen-e5-k1-s5-v9;2016-OS-K6c;2;ja;ganz;Funktionsgleichung aus Grundpreis und km-Preis
lineare-gleichungssysteme-e1-k1-s9-v1;2016-OS-K6d;4;ja;unklar;Bank verlangt zusätzlich Begründung der Eindeutigkeit, Original LGS
lineare-gleichungssysteme-e1-k1-s9-v2;2016-OS-K6d;4;ja;unklar;Bank verlangt zusätzlich Begründung der Eindeutigkeit, Original LGS
winkel-dreiecke-e1-k2-s9-v3;2016-OS-K7a;1;nein;ganz;Weg aus zwei Teilstrecken addieren
winkel-dreiecke-e1-k2-s9-v4;2016-OS-K7a;1;nein;ganz;Weg aus zwei Teilstrecken addieren
trigonometrie-e3-k1-s17-v10;2016-OS-K7c;4;ja;ganz;Teilwinkel und Seite mit Tangens wie im Original
trigonometrie-e3-k1-s17-v9;2016-OS-K7c;4;ja;ganz;Teilwinkel und Seite mit Tangens wie im Original
brueche-dezimalzahlen-e1-k1-s6-v11;2017-OS-B1a;1;nein;ganz;Bruchteil einer Kästchenfläche schraffieren
brueche-dezimalzahlen-e1-k1-s6-v12;2017-OS-B1a;1;nein;ganz;Bruchteil einer Kästchenfläche schraffieren
prozentrechnung-e3-k1-s9-v3;2017-OS-B1b;1;nein;ganz;Prozentwert mit gleichem Weg
prozentrechnung-e3-k1-s9-v4;2017-OS-B1b;1;nein;ganz;Prozentwert mit gleichem Weg
koerper-e1-k1-s0-v1;2017-OS-B1c;1;nein;ganz;Prisma unter drei Körpern ankreuzen
koerper-e1-k1-s0-v2;2017-OS-B1c;1;nein;ganz;Prisma unter drei Körpern ankreuzen
potenzen-wurzeln-e2-k1-s17-v7;2017-OS-B1e;1;nein;ganz;kleinste Zahl mit Zehnerpotenzen ankreuzen
potenzen-wurzeln-e2-k1-s17-v8;2017-OS-B1e;1;nein;ganz;kleinste Zahl mit Zehnerpotenzen ankreuzen
wahrscheinlichkeit-e1-k1-s6-v1;2017-OS-B1f;1;nein;ganz;Anzahl der Ergebnisse zweier Würfe angeben
daten-e4-k1-s7-v1;2017-OS-B1h;1;nein;ganz;arithmetisches Mittel von vier Dezimalzahlen
terme-e1-k1-s7-v3;2017-OS-B1i;1;nein;ganz;passenden Term zum Sachtext ankreuzen
terme-e1-k1-s7-v4;2017-OS-B1i;1;nein;ganz;passenden Term zum Sachtext ankreuzen
trigonometrie-e1-k3-s1-v1;2017-OS-B1j;1;nein;ganz;Seitenverhältnis für den Sinus angeben
rationale-zahlen-e4-k1-s6-v3;2017-OS-K2a;1;nein;ganz;Ausgangswert aus Differenz zurückrechnen
rationale-zahlen-e4-k1-s6-v4;2017-OS-K2a;1;nein;ganz;Ausgangswert aus Differenz zurückrechnen
prozentrechnung-e1-k1-s7-v10;2017-OS-K2b;2;ja;ganz;Anteilsaussage mit Tabellenwerten begründen
prozentrechnung-e1-k1-s7-v9;2017-OS-K2b;2;ja;ganz;Anteilsaussage mit Tabellenwerten begründen
daten-e3-k1-s10-v3;2017-OS-K2c;3;nein;ganz;Sektor zuordnen, Winkel berechnen, Sektor zeichnen
daten-e3-k1-s10-v4;2017-OS-K2c;3;nein;ganz;Sektor zuordnen, Winkel berechnen, Sektor zeichnen
flaechen-e5-k1-s7-v1;2017-OS-K3b;3;nein;ganz;Rechteck mit zwei Halbkreisen wie im Original
flaechen-e5-k1-s7-v2;2017-OS-K3b;3;nein;ganz;Rechteck mit zwei Halbkreisen wie im Original
einheiten-e3-k1-s10-v1;2017-OS-K3d;2;nein;ganz;Dauer aus Menge und Durchsatz nach Umrechnung
einheiten-e3-k1-s10-v2;2017-OS-K3d;2;nein;ganz;Dauer aus Menge und Durchsatz nach Umrechnung
winkel-dreiecke-e3-k2-s2-v1;2017-OS-K4a;1;nein;ganz;dritter Winkel über die Winkelsumme
trigonometrie-e1-k3-s16-v5;2017-OS-K4b;2;nein;ganz;Abstand aus Höhe und Winkel mit Tangens
trigonometrie-e1-k3-s16-v6;2017-OS-K4b;2;nein;ganz;Abstand aus Höhe und Winkel mit Tangens
lineare-funktionen-e4-k1-s6-v5;2017-OS-K5a;3;nein;ganz;Gerade zeichnen und Gleichung nachweisen
lineare-funktionen-e4-k1-s6-v6;2017-OS-K5a;3;nein;ganz;Gerade zeichnen und Gleichung nachweisen
lineare-funktionen-e3-k2-s7-v10;2017-OS-K5b;2;nein;ganz;y-Koordinate durch Einsetzen berechnen
lineare-funktionen-e3-k2-s7-v9;2017-OS-K5b;2;nein;ganz;y-Koordinate durch Einsetzen berechnen
binomische-formeln-e2-k2-s10-v1;2017-OS-K5d;4;ja;teil;nur Nachweis der Normalform, Original verlangt auch Nullstellen
binomische-formeln-e2-k2-s10-v2;2017-OS-K5d;4;ja;teil;nur Nachweis der Normalform, Original verlangt auch Nullstellen
quadratische-funktionen-e3-k1-s10-v1;2017-OS-K5d;4;ja;teil;nur Nachweis der Normalform, Original verlangt auch Nullstellen
quadratische-funktionen-e3-k1-s10-v2;2017-OS-K5d;4;ja;teil;nur Nachweis der Normalform, Original verlangt auch Nullstellen
quadratische-gleichungen-e3-k3-s13-v13;2017-OS-K5d;4;ja;ganz;Normalform nachweisen und Nullstellen berechnen
quadratische-gleichungen-e3-k3-s13-v14;2017-OS-K5d;4;ja;ganz;Normalform nachweisen und Nullstellen berechnen
quadratische-funktionen-e2-k1-s13-v1;2017-OS-K5e;2;ja;ganz;verschieben und spiegeln, Gleichung angeben
quadratische-funktionen-e2-k1-s13-v2;2017-OS-K5e;2;ja;ganz;verschieben und spiegeln, Gleichung angeben
wahrscheinlichkeit-e2-k3-s5-v3;2017-OS-K6a;2;nein;ganz;Wahrscheinlichkeit als Bruch und in Prozent
bruchrechnung-e1-k3-s8-v7;2017-OS-K6b;4;ja;teil;nur Addition der Pfade, Anzahl und Einzelwahrscheinlichkeit fehlen
bruchrechnung-e1-k3-s8-v8;2017-OS-K6b;4;ja;teil;nur Addition der Pfade, Anzahl und Einzelwahrscheinlichkeit fehlen
wahrscheinlichkeit-e1-k1-s9-v1;2017-OS-K6b;4;ja;teil;nur Anzahl der Codes, Wahrscheinlichkeiten fehlen
wahrscheinlichkeit-e1-k1-s9-v2;2017-OS-K6b;4;ja;teil;nur Anzahl der Codes, Wahrscheinlichkeiten fehlen
potenz-exponentialfunktionen-e2-k2-s8-v10;2017-OS-K7a;2;nein;ganz;zwei Tabellenwerte über mehrere Schritte ergänzen
potenz-exponentialfunktionen-e2-k2-s8-v9;2017-OS-K7a;2;nein;ganz;zwei Tabellenwerte über mehrere Schritte ergänzen
potenz-exponentialfunktionen-e1-k3-s5-v3;2017-OS-K7b;4;nein;ganz;Achsen einteilen und beschriften, Kurve zeichnen
potenz-exponentialfunktionen-e1-k3-s5-v4;2017-OS-K7b;4;nein;ganz;Achsen einteilen und beschriften, Kurve zeichnen
potenz-exponentialfunktionen-e3-k1-s7-v3;2017-OS-K7c;1;ja;ganz;passende Exponentialgleichung ankreuzen
potenz-exponentialfunktionen-e3-k1-s7-v4;2017-OS-K7c;1;ja;ganz;passende Exponentialgleichung ankreuzen
potenz-exponentialfunktionen-e3-k2-s8-v7;2017-OS-K7d;2;nein;ganz;Behauptung mit Potenzrechnung entscheiden
potenz-exponentialfunktionen-e3-k2-s8-v8;2017-OS-K7d;2;nein;ganz;Behauptung mit Potenzrechnung entscheiden
gleichungen-loesen-e2-k1-s2-v1;2017-bb-ea-A1.1a;2;;ganz;Nullstelle durch Logarithmieren exakt bestimmen
gleichungen-loesen-e2-k1-s2-v3;2017-bb-ea-A1.1a;2;;ganz;Nullstelle durch Logarithmieren exakt bestimmen
tangente-normale-schnittwinkel-e5-k1-s6-v1;2017-bb-ea-A1.1b;3;;ganz;Tangente aufstellen und Gleichschenkligkeit nachweisen
flaecheninhalt-und-volumen-im-raum-e1-k2-s3-v2;2017-bb-ea-A1.2a;2;;ganz;Spurpunkte und Dreiecksfläche wie im Original
ebenen-e2-k1-s8-v3;2017-bb-ea-A1.2b;3;;ganz;Normalenvektor als Ortsvektor mit gleichem Ansatz
ebenen-e2-k1-s8-v4;2017-bb-ea-A1.2b;3;;ganz;Normalenvektor als Ortsvektor mit gleichem Ansatz
kenngroessen-von-verteilungen-e2-k1-s2-v2;2017-bb-ea-A1.3b;3;;ganz;Wahrscheinlichkeit und faire Auszahlung wie im Original
funktionsklassen-und-eigenschaften-e3-k1-s6-v1;2017-bb-ea-B2.1a;8;;ganz;alle drei Leistungen mit gleichem Weg
funktionsklassen-und-eigenschaften-e3-k1-s6-v2;2017-bb-ea-B2.1a;8;;ganz;alle drei Leistungen mit gleichem Weg
funktionsscharen-und-ortskurven-e3-k1-s4-v1;2017-bb-ea-B2.1b;8;;ganz;gemeinsamer Extrempunkt und Art ohne zweite Ableitung
tangente-normale-schnittwinkel-e1-k1-s10-v3;2017-bb-ea-B2.1c;14;;teil;nur Anstiegsschranke, Original verlangt auch Dreiecksfläche
tangente-normale-schnittwinkel-e1-k1-s10-v4;2017-bb-ea-B2.1c;14;;teil;nur Anstiegsschranke, Original verlangt auch Dreiecksfläche
rotationsvolumen-e2-k1-s4-v1;2017-bb-ea-B2.1d;4;;unklar;Höhe vorgegeben, Original berechnet sie aus der Funktion
rotationsvolumen-e2-k1-s5-v1;2017-bb-ea-B2.1f;7;;ganz;drei Schritte beurteilen und berichtigen
rotationsvolumen-e2-k1-s5-v2;2017-bb-ea-B2.1f;7;;ganz;drei Schritte beurteilen und berichtigen
grenzwerte-und-verhalten-im-unendlichen-e2-k1-s7-v5;2017-bb-ea-B2.2a;6;;ganz;Grenzverhalten, Nullstellenfreiheit und Symmetrie
grenzwerte-und-verhalten-im-unendlichen-e2-k1-s7-v6;2017-bb-ea-B2.2a;6;;ganz;Grenzverhalten, Nullstellenfreiheit und Symmetrie
funktionsscharen-und-ortskurven-e3-k1-s4-v2;2017-bb-ea-B2.2b;10;;teil;Extrempunkt ohne Untersuchung auf Wendepunkte
extremalprobleme-e1-k1-s5-v1;2017-bb-ea-B2.2c;9;;ganz;Dreieck zeichnen, Existenz begründen, Flächenterm angeben
extremalprobleme-e1-k1-s5-v2;2017-bb-ea-B2.2c;9;;ganz;Dreieck zeichnen, Existenz begründen, Flächenterm angeben
punkte-und-strecken-im-koordinatensystem-e5-k1-s2-v2;2017-bb-ea-B3.1a;5;;teil;nur Koordinaten, Original verlangt auch Zeichnung
skalarprodukt-und-winkel-e2-k2-s6-v3;2017-bb-ea-B3.1b;4;;teil;zweite Ebene vorgegeben, Original stellt sie selbst auf
skalarprodukt-und-winkel-e2-k2-s6-v4;2017-bb-ea-B3.1b;4;;teil;zweite Ebene vorgegeben, Original stellt sie selbst auf
skalarprodukt-und-winkel-e3-k1-s5-v3;2017-bb-ea-B3.1b;4;;ganz;Nachbarebene aufstellen und stumpfen Winkel berechnen
skalarprodukt-und-winkel-e3-k1-s5-v4;2017-bb-ea-B3.1b;4;;ganz;Nachbarebene aufstellen und stumpfen Winkel berechnen
abstaende-e4-k1-s5-v1;2017-bb-ea-B3.1c;5;;ganz;Punkt auf Symmetrieachse mit Abstandsbedingung
linearkombination-und-lineare-abhaengigkeit-e2-k1-s3-v1;2017-bb-ea-B3.1d;3;;ganz;derselbe Nachweis über Umformung und Parameterform
linearkombination-und-lineare-abhaengigkeit-e2-k1-s3-v2;2017-bb-ea-B3.1d;3;;unklar;Bank verlangt zusätzlich einen konkreten Punkt
abstaende-e4-k1-s4-v1;2017-bb-ea-B3.1e;3;;ganz;dieselbe Längenberechnung über den Höhenschnitt
scharen-von-geraden-und-ebenen-e2-k1-s5-v3;2017-bb-ea-B3.1f;5;;ganz;ganzzahliger Parameter und Lochposition mit gleichem Weg
skalarprodukt-und-winkel-e4-k1-s2-v3;2017-bb-ea-B3.2a;3;;ganz;Neigungswinkel Gerade gegen Grundfläche gleich gerechnet
schnittmengen-e1-k2-s3-v2;2017-bb-ea-B3.2b;2;;ganz;Spitze auf der Achse und Gesamthöhe gleich bestimmt
ebenen-e2-k2-s4-v1;2017-bb-ea-B3.2c;3;;ganz;Punktproben und Orthogonalität wie im Original
abstaende-e2-k1-s2-v1;2017-bb-ea-B3.2d;2;;ganz;Lotgerade mit Normalenvektor angeben
vierfeldertafel-e1-k2-s4-v1;2017-bb-ea-B4.1a;2;;ganz;gleiche Anzahl über Anteile und Differenz
bedingte-wahrscheinlichkeit-und-bayes-e1-k1-s2-v3;2017-bb-ea-B4.1b;4;;ganz;bedingte Wahrscheinlichkeit aus absoluten Zahlen
binomialverteilung-e4-k1-s2-v1;2017-bb-ea-B4.2b;4;;ganz;Mindestanzahl über Gegenereignis und Logarithmus
binomialverteilung-e4-k1-s2-v2;2017-bb-ea-B4.2b;4;;ganz;Mindestanzahl über Gegenereignis und Logarithmus
hypergeometrische-verteilung-e1-k1-s4-v1;2017-bb-ea-B4.2e;4;;ganz;Wahrscheinlichkeit und Begründung gegen Binomialmodell
hypergeometrische-verteilung-e1-k1-s4-v2;2017-bb-ea-B4.2e;4;;ganz;Wahrscheinlichkeit und Begründung gegen Binomialmodell
tangente-normale-schnittwinkel-e5-k1-s4-v1;2017-bb-ea-cas-B2.1c;13;;teil;nur Dreiecksfläche, Original verlangt auch Anstiegsschranke begründen
funktionsscharen-und-ortskurven-e4-k1-s3-v1;2017-bb-ea-cas-B2.1f;6;;ganz;Parameter aus Nullstellen und Flächeninhalt mit Maßstab
kurvenuntersuchung-e5-k4-s3-v1;2017-be-gk-B1.1c;6;;ganz;Punkt größten Anstiegs, Winkel und Entscheidung
tangente-normale-schnittwinkel-e4-k1-s6-v3;2017-be-gk-B1.1e;5;;ganz;Schnittwinkel beider Tangenten und Beurteilung
tangente-normale-schnittwinkel-e5-k1-s2-v2;2017-be-gk-B1.2e;9;;ganz;Tangentengleichung und eingesparte Fläche mit Maßstab
rekonstruktion-von-funktionsgleichungen-e3-k3-s1-v1;2017-be-gk-B1.2f;7;;ganz;vier Bedingungen und Existenzprüfung
rekonstruktion-von-funktionsgleichungen-e3-k3-s1-v2;2017-be-gk-B1.2f;7;;ganz;vier Bedingungen und Existenzprüfung
rekonstruktion-von-funktionsgleichungen-e3-k3-s1-v3;2017-be-gk-B1.2f;7;;ganz;vier Bedingungen und Existenzprüfung
lagebeziehungen-e3-k1-s2-v3;2017-be-gk-B2.1d;4;;teil;nur Parallelitätsnachweis, Original verlangt auch Höhenvergleich
kombinatorik-e2-k1-s1-v5;2017-be-gk-B3.1a;2;;unklar;Aufzählen statt Rechnung mit Binomialkoeffizient
binomialverteilung-e2-k1-s3-v1;2017-be-gk-B3.1e;2;;ganz;kein Treffer als Potenz wie im Original
binomialverteilung-e2-k1-s3-v2;2017-be-gk-B3.1e;2;;ganz;Sonderfall als Potenz, gleicher Weg
kurvenuntersuchung-e2-k10-s1-v1;2017-be-gk-cas-B1.1e;10;;ganz;Lagenachweis und kleinster Abstand über Differenzfunktionen
tangente-normale-schnittwinkel-e4-k1-s9-v3;2017-be-gk-cas-B1.2f;4;;ganz;Punkt mit vorgegebenem Gefälle über Ableitung
binomialverteilung-e5-k1-s2-v1;2017-be-gk-cas-B3.1e;2;;ganz;Modalwert über Erwartungswert und Nachbarwerte
binomialverteilung-e5-k1-s2-v2;2017-be-gk-cas-B3.1e;2;;ganz;Modalwert über Erwartungswert und Nachbarwerte
binomialverteilung-e4-k2-s1-v1;2017-be-gk-cas-B3.2d;4;;teil;p gegeben, Original bestimmt es erst binomial
binomialverteilung-e4-k2-s1-v2;2017-be-gk-cas-B3.2d;4;;teil;p gegeben, Original bestimmt es erst binomial
schnittmengen-e3-k1-s2-v3;2017MerhoehtAAGLAA211-a;2;;ganz;Spurgerade einzeichnen wie im Original
schnittmengen-e1-k2-s1-v4;2017MerhoehtAAGLAA211-b;3;;ganz;Schnittpunkt Gerade Ebene durch Einsetzen
flaecheninhalt-und-volumen-im-raum-e1-k2-s1-v5;2017MerhoehtAAGLAA212-a;2;;ganz;Dreiecksfläche über Katheten nachweisen
gleichungen-loesen-e2-k1-s2-v2;2017MerhoehtAAnalysis11-a;2;;ganz;Nullstelle durch Logarithmieren
ableitung-und-aenderungsrate-e1-k1-s3-v2;2017MerhoehtAAnalysis12-a;3;;ganz;mittlere Änderungsrate aus dem Term
flaecheninhalt-durch-integration-e1-k1-s6-v3;2017MerhoehtAAnalysis2-a;2;;ganz;Flächeninhalt über Integral nachweisen
flaecheninhalt-durch-integration-e1-k1-s6-v4;2017MerhoehtAAnalysis2-a;2;;ganz;Flächeninhalt über Integral nachweisen
unabhaengigkeit-e3-k1-s1-v1;2017MerhoehtAStochastik11-c;2;;ganz;Ausgleichsaussage über Unabhängigkeit beurteilen
lagebeziehungen-e4-k2-s1-v2;2017MerhoehtBAGLAA2CAS1-1f;4;;ganz;Weg zur Schattenlänge beschreiben, Punktlicht statt Parallellicht
linearkombination-und-lineare-abhaengigkeit-e2-k1-s3-v3;2017MerhoehtBAGLAA2CAS2-1d;3;;ganz;derselbe Nachweis über Umformung und Parameterform
linearkombination-und-lineare-abhaengigkeit-e2-k1-s3-v4;2017MerhoehtBAGLAA2CAS2-1d;3;;ganz;Nachweis mit ausdrücklicher Intervallbegründung
vektoren-und-rechenoperationen-e2-k1-s4-v3;2017MerhoehtBAGLAA2WTR1-1b;5;;teil;nur vierter Eckpunkt, Original verlangt auch Quadratnachweis
lagebeziehungen-e4-k2-s1-v1;2017MerhoehtBAGLAA2WTR1-1e;4;;ganz;Weg zur Schattenlänge beschreiben wie im Original
geraden-e2-k2-s1-v1;2017MerhoehtBAGLAA2WTR1-1f;5;;ganz;Abstandsbedingung, quadratische Gleichung und Teilungsverhältnis
flaecheninhalt-und-volumen-im-raum-e2-k2-s1-v2;2017MerhoehtBAGLAA2WTR2-1e;5;;ganz;Flächenterm mit Querschnittsskizze begründen
geraden-e2-k2-s1-v2;2017MerhoehtBAGLAA2WTR3-1g;7;;ganz;Austrittspunkt über Abstandsbedingung und quadratische Gleichung
funktionsscharen-und-ortskurven-e5-k1-s4-v1;2017MerhoehtBAnalysisCAS1-1c;2;;ganz;Lage auf gegebener Kurve durch Einsetzen
uneigentliche-integrale-e1-k1-s3-v4;2017MerhoehtBAnalysisCAS1-1e;4;;ganz;Flächenterm in p und Schranke nachweisen
uneigentliche-integrale-e1-k1-s3-v5;2017MerhoehtBAnalysisCAS1-1e;4;;ganz;Flächenterm in p und Schranke nachweisen
stammfunktion-und-hauptsatz-e2-k2-s1-v2;2017MerhoehtBAnalysisCAS1-2h;4;;ganz;Kurvenlänge und begründeter Vergleich mit Streckenzug
funktionsscharen-und-ortskurven-e4-k1-s7-v2;2017MerhoehtBAnalysisCAS2-1b;2;;ganz;Parameter aus Randpunkt bestimmen
funktionsscharen-und-ortskurven-e5-k1-s4-v2;2017MerhoehtBAnalysisCAS2-1e;3;;ganz;Lage auf gegebener Kurve durch Einsetzen
gleichungen-loesen-e1-k2-s1-v1;2017MerhoehtBAnalysisCAS2-2a;5;;ganz;Radius in der Höhe und Linienlänge
gleichungen-loesen-e1-k2-s1-v2;2017MerhoehtBAnalysisCAS2-2a;5;;unklar;nur Breite, Original verlangt die Linienlänge
gleichungen-loesen-e1-k2-s1-v3;2017MerhoehtBAnalysisCAS2-2a;5;;ganz;Radius in der Höhe und Linienlänge
kurvenuntersuchung-e3-k7-s3-v1;2017MerhoehtBAnalysisCAS2-2b;3;;ganz;konvexer Bereich über zweite Ableitung
tangente-normale-schnittwinkel-e2-k1-s4-v3;2017MerhoehtBAnalysisCAS2-2c;4;;ganz;Tangente, weiterer Schnittpunkt und Halmstück
tangente-normale-schnittwinkel-e2-k2-s1-v1;2017MerhoehtBAnalysisCAS2-2d;4;;ganz;Berührpunkt der Tangente durch gegebenen Punkt
umkehrfunktion-e1-k2-s1-v1;2017MerhoehtBAnalysisCAS2-3b;3;;ganz;Radiusterm über Umkehrung nachweisen
umkehrfunktion-e1-k2-s1-v2;2017MerhoehtBAnalysisCAS2-3b;3;;ganz;Radiusterm über Umkehrung nachweisen
ableitung-und-aenderungsrate-e2-k2-s1-v1;2017MerhoehtBAnalysisWTR1-1b;4;;ganz;Tangente einzeichnen und Steigung bestimmen
tangente-normale-schnittwinkel-e2-k3-s1-v1;2017MerhoehtBAnalysisWTR1-1c;3;;ganz;Verfahren beschreiben und Zeitpunkt bestimmen
rekonstruktion-von-bestaenden-e2-k2-s1-v1;2017MerhoehtBAnalysisWTR1-2b;4;;ganz;Abnahmezeitraum über Nullstellen und Vorzeichen
rekonstruktion-von-bestaenden-e1-k2-s1-v3;2017MerhoehtBAnalysisWTR1-2d;5;;unklar;Original rechnerische Untersuchung, Bank Ankreuzen
ableitungsregeln-e2-k2-s1-v1;2017MerhoehtBAnalysisWTR1-3d;3;;unklar;niedrige Ordnung direkt ableitbar, Periodizität nicht nötig
ableitungsregeln-e2-k2-s1-v2;2017MerhoehtBAnalysisWTR1-3d;3;;unklar;niedrige Ordnung direkt ableitbar, Periodizität nicht nötig
ableitungsregeln-e2-k2-s1-v3;2017MerhoehtBAnalysisWTR1-3d;3;;ganz;hohe Ableitung mit Parameter über Periodizität
funktionsscharen-und-ortskurven-e3-k1-s7-v3;2017MerhoehtBAnalysisWTR2-1e;4;;ganz;Parameter aus Abstand der Extremstellen
tangente-normale-schnittwinkel-e1-k3-s1-v1;2017MerhoehtBAnalysisWTR2-1f;3;;ganz;parameterunabhängige Wendetangentensteigung nachweisen
stammfunktion-und-hauptsatz-e4-k3-s1-v1;2017MerhoehtBAnalysisWTR2-1j;3;;ganz;beide Eigenschaften mit Begründung
stammfunktion-und-hauptsatz-e4-k2-s1-v1;2017MerhoehtBAnalysisWTR2-1k;2;;ganz;Verschiebung über Integralzerlegung begründen
ableitung-und-aenderungsrate-e2-k3-s1-v1;2017MerhoehtBAnalysisWTR2-2b;2;;ganz;Graph auswählen und über Gefäßform begründen
rotationsvolumen-e2-k1-s2-v2;2017MerhoehtBAnalysisWTR2-2d;4;;ganz;Integralfunktion deuten und Definitionsbereich angeben
rotationsvolumen-e1-k1-s4-v2;2017MerhoehtBAnalysisWTR2-2e;6;;ganz;Masse aus Differenz zweier Rotationsvolumina
tangente-normale-schnittwinkel-e1-k1-s9-v1;2017MerhoehtBAnalysisWTR3-2e;3;;ganz;Tangente über Sekantensteigung und Ableitung nachweisen
tangente-normale-schnittwinkel-e4-k1-s2-v3;2017MerhoehtBAnalysisWTR3-2f;2;;ganz;Steigungswinkel über Arkustangens
tangente-normale-schnittwinkel-e4-k2-s1-v1;2017MerhoehtBAnalysisWTR3-2g;2;;ganz;Steigungswinkel als größten Kippwinkel deuten
rekonstruktion-von-funktionsgleichungen-e3-k4-s1-v1;2017MerhoehtBAnalysisWTR3-2i;3;;ganz;Unmöglichkeit über Ableitung mit Parametern begründen
rekonstruktion-von-funktionsgleichungen-e3-k4-s1-v2;2017MerhoehtBAnalysisWTR3-2i;3;;ganz;Unmöglichkeit über Ableitung mit Parametern begründen
rekonstruktion-von-funktionsgleichungen-e3-k4-s1-v3;2017MerhoehtBAnalysisWTR3-2i;3;;ganz;Unmöglichkeit über Ableitung mit Parametern begründen
binomialverteilung-e3-k1-s8-v1;2017MerhoehtBStochastikCAS1-1b;2;;ganz;Summenterm als Sachaussage formulieren
binomialverteilung-e3-k1-s8-v2;2017MerhoehtBStochastikCAS1-1b;2;;ganz;Summenterm als Sachaussage formulieren
kenngroessen-von-verteilungen-e1-k4-s1-v1;2017MerhoehtBStochastikCAS1-5;4;;ganz;Gesamtzahl über mittlere Gruppengröße mit Annahme
binomialverteilung-e3-k1-s7-v1;2017MerhoehtBStochastikCAS2-2;4;;ganz;beidseitige prozentuale Abweichung vom Erwartungswert
binomialverteilung-e3-k1-s7-v2;2017MerhoehtBStochastikCAS2-2;4;;ganz;beidseitige prozentuale Abweichung vom Erwartungswert
hypothesentests-e3-k2-s1-v1;2017MerhoehtBStochastikCAS2-3a;4;;ganz;beide Fehlentscheidungen im Sachzusammenhang
hypothesentests-e1-k2-s1-v1;2017MerhoehtBStochastikCAS2-3b;4;;ganz;neue Ablehnungsgrenze ohne höheren Fehler erster Art
normalverteilung-und-sigma-regeln-e3-k2-s1-v1;2017MerhoehtBStochastikCAS2-3c;4;;ganz;neue Standardabweichung aus halbierter Wahrscheinlichkeit
normalverteilung-und-sigma-regeln-e3-k2-s1-v2;2017MerhoehtBStochastikCAS2-3c;4;;ganz;neue Standardabweichung aus halbierter Wahrscheinlichkeit
normalverteilung-und-sigma-regeln-e3-k2-s1-v3;2017MerhoehtBStochastikCAS2-3c;4;;ganz;neue Standardabweichung aus halbierter Wahrscheinlichkeit
konfidenzintervalle-e2-k2-s1-v1;2017MerhoehtBStochastikWTR-1g;3;;ganz;Verträglichkeit über das 1,96σ-Intervall
konfidenzintervalle-e2-k2-s1-v2;2017MerhoehtBStochastikWTR-1g;3;;ganz;Verträglichkeit über das 1,96σ-Intervall
flaecheninhalt-und-volumen-im-raum-e2-k1-s1-v3;2017MgrundlegendAAGLAA212-a;2;;ganz;Quadratfläche über Seitenlänge nachweisen
flaecheninhalt-und-volumen-im-raum-e3-k1-s2-v2;2017MgrundlegendAAGLAA212-b;3;;ganz;Pyramidenhöhe aus Volumen und z-Koordinate
funktionsscharen-und-ortskurven-e4-k1-s2-v2;2017MgrundlegendAAnalysis2-b;3;;ganz;Parameter aus vorgegebenem Flächeninhalt
kenngroessen-von-verteilungen-e3-k1-s2-v1;2017MgrundlegendAStochastik11-b;3;;ganz;n und p aus Erwartungswert und Varianz
schnittmengen-e2-k2-s1-v1;2017MgrundlegendBAGLAA2CAS1-1e;4;;ganz;Schattenpunkt als Schnitt zweier Geraden
schnittmengen-e2-k2-s1-v2;2017MgrundlegendBAGLAA2CAS1-1e;4;;ganz;Schattenpunkt als Schnitt zweier Geraden
schnittmengen-e2-k2-s1-v3;2017MgrundlegendBAGLAA2CAS1-1e;4;;ganz;Schattenpunkt als Schnitt zweier Geraden
geraden-e2-k2-s1-v3;2017MgrundlegendBAGLAA2CAS1-1f;4;;unklar;nur Punkte, Original verlangt das Teilungsverhältnis
ebenen-e4-k2-s1-v1;2017MgrundlegendBAGLAA2WTR1-1f;4;;ganz;parallele Ebenen auswählen und der Höhe nach zuordnen
lagebeziehungen-e3-k1-s3-v2;2017MgrundlegendBAGLAA2WTR2-1a;2;;ganz;Parallelität über gleiche z-Koordinaten begründen
vektoren-und-rechenoperationen-e2-k1-s4-v2;2017MgrundlegendBAGLAA2WTR2-1c;1;;ganz;vierter Eckpunkt über Vektoraddition
flaecheninhalt-und-volumen-im-raum-e2-k2-s1-v1;2017MgrundlegendBAGLAA2WTR2-1g;4;;ganz;Flächenvergleich mit Querschnittsskizze begründen
gleichungen-loesen-e4-k2-s1-v1;2017MgrundlegendBAnalysisCAS-1d;3;;teil;nur Intervall, Original verlangt auch die Darstellung
gleichungen-loesen-e4-k2-s1-v3;2017MgrundlegendBAnalysisCAS-1d;3;;teil;nur Intervall, Original verlangt auch die Darstellung
rekonstruktion-von-funktionsgleichungen-e2-k2-s1-v1;2017MgrundlegendBAnalysisCAS-1e;4;;ganz;zwei Parameter aus Wert und Änderungsrate
rekonstruktion-von-funktionsgleichungen-e2-k2-s1-v2;2017MgrundlegendBAnalysisCAS-1e;4;;ganz;zwei Parameter aus Wert und Änderungsrate
rekonstruktion-von-funktionsgleichungen-e2-k2-s1-v3;2017MgrundlegendBAnalysisCAS-1e;4;;ganz;zwei Parameter aus Wert und Änderungsrate
funktionsscharen-und-ortskurven-e4-k1-s4-v3;2017MgrundlegendBAnalysisCAS-2c;4;;ganz;Parameter aus Höhe des Hochpunkts
funktionsscharen-und-ortskurven-e3-k2-s3-v1;2017MgrundlegendBAnalysisCAS-2d;4;;unklar;ohne Wendepunktkoordinaten, dafür zusätzlich Höchststelle
rekonstruktion-von-bestaenden-e1-k1-s3-v1;2017MgrundlegendBAnalysisCAS-2e;5;;teil;ohne Skizze des Temperaturverlaufs
geraden-e4-k2-s1-v1;2017MgrundlegendBAnalysisWTR-1g;3;;ganz;Horizontalabstand aus Steigung und Höhendifferenz
geraden-e4-k2-s1-v2;2017MgrundlegendBAnalysisWTR-1g;3;;ganz;Horizontalabstand aus Steigung und Höhendifferenz
geraden-e4-k2-s1-v3;2017MgrundlegendBAnalysisWTR-1g;3;;ganz;Horizontalabstand aus Gefälle, Endpunkt statt Randabstand
kenngroessen-von-verteilungen-e3-k2-s1-v1;2017MgrundlegendBStochastikWTR2-2a;3;;ganz;Versuchszahl aus Standardabweichung mit gleichem Weg
kenngroessen-von-verteilungen-e3-k1-s4-v3;2017MgrundlegendBStochastikWTR2-2b;3;;ganz;Unmöglichkeit über Maximum von p(1−p) begründet
brueche-dezimalzahlen-basis-k2-v1;2018-OS-B1a;1;nein;ganz;Bruchteil einer Größe mit Einheitenwechsel
brueche-dezimalzahlen-basis-k2-v10;2018-OS-B1a;1;nein;unklar;fragt den Rest statt des Bruchteils, anderes Ergebnis
brueche-dezimalzahlen-basis-k2-v2;2018-OS-B1a;1;nein;ganz;Bruchteil einer Größe mit gleichem Weg
brueche-dezimalzahlen-basis-k2-v3;2018-OS-B1a;1;nein;ganz;Bruchteil einer Größe mit gleichem Weg
brueche-dezimalzahlen-basis-k2-v4;2018-OS-B1a;1;nein;ganz;Bruchteil einer Größe mit gleichem Weg
brueche-dezimalzahlen-basis-k2-v5;2018-OS-B1a;1;nein;ganz;Bruchteil einer Größe mit gleichem Weg
brueche-dezimalzahlen-basis-k2-v6;2018-OS-B1a;1;nein;ganz;Bruchteil einer Größe mit Einheitenwechsel
brueche-dezimalzahlen-basis-k2-v7;2018-OS-B1a;1;nein;ganz;Bruchteil einer Größe mit gleichem Weg
brueche-dezimalzahlen-basis-k2-v8;2018-OS-B1a;1;nein;ganz;Bruchteil einer Größe mit gleichem Weg
brueche-dezimalzahlen-basis-k2-v9;2018-OS-B1a;1;nein;ganz;Bruchteil einer Größe mit Einheitenwechsel
brueche-dezimalzahlen-e1-k2-s6-v3;2018-OS-B1a;1;nein;ganz;Bruchteil einer Masse mit Komma
brueche-dezimalzahlen-e1-k2-s6-v4;2018-OS-B1a;1;nein;ganz;Bruchteil einer Masse in Gramm
lineare-gleichungen-e1-k2-s5-v1;2018-OS-B1c;1;nein;ganz;Gleichung mit negativer Lösung ankreuzen wie im Original
lineare-gleichungen-e1-k2-s5-v2;2018-OS-B1c;1;nein;ganz;Gleichung mit negativer Lösung ankreuzen wie im Original
brueche-dezimalzahlen-e4-k1-s9-v3;2018-OS-B1d;1;nein;ganz;Vergleichszeichen zwischen Prozent und Dezimalzahl
brueche-dezimalzahlen-e4-k1-s9-v4;2018-OS-B1d;1;nein;ganz;Vergleichszeichen zwischen Prozent und Dezimalzahl
brueche-dezimalzahlen-e5-k2-s10-v7;2018-OS-B1d;1;nein;ganz;Vergleichszeichen zwischen Prozent und Dezimalzahl
brueche-dezimalzahlen-e5-k2-s10-v8;2018-OS-B1d;1;nein;ganz;Vergleichszeichen zwischen Prozent und Dezimalzahl
einheiten-e2-k1-s9-v1;2018-OS-B1e;1;nein;ganz;Dezimalstunden in Minuten wie im Original
flaechen-basis-k1-v1;2018-OS-B1f;1;nein;ganz;Rechteckseite aus Umfang mit gleichem Weg
flaechen-basis-k1-v10;2018-OS-B1f;1;nein;ganz;Rechteckseite aus Umfang mit gleichem Weg
flaechen-basis-k1-v2;2018-OS-B1f;1;nein;ganz;Rechteckseite aus Umfang mit gleichem Weg
flaechen-basis-k1-v3;2018-OS-B1f;1;nein;ganz;Rechteckseite aus Umfang mit gleichem Weg
flaechen-basis-k1-v4;2018-OS-B1f;1;nein;ganz;Rechteckseite aus Umfang mit gleichem Weg
flaechen-basis-k1-v5;2018-OS-B1f;1;nein;ganz;Rechteckseite aus Umfang mit gleichem Weg
flaechen-basis-k1-v6;2018-OS-B1f;1;nein;ganz;Rechteckseite aus Umfang mit gleichem Weg
flaechen-basis-k1-v7;2018-OS-B1f;1;nein;ganz;Rechteckseite aus Umfang mit gleichem Weg
flaechen-basis-k1-v8;2018-OS-B1f;1;nein;ganz;Rechteckseite aus Umfang mit gleichem Weg
flaechen-basis-k1-v9;2018-OS-B1f;1;nein;ganz;Rechteckseite aus Umfang mit gleichem Weg
flaechen-e1-k2-s9-v1;2018-OS-B1f;1;nein;ganz;Rechteckseite aus Umfang mit gleichem Weg
flaechen-e1-k2-s9-v2;2018-OS-B1f;1;nein;ganz;Rechteckseite aus Umfang mit gleichem Weg
trigonometrie-e1-k3-s2-v1;2018-OS-B1g;1;nein;ganz;passende Winkelfunktion ankreuzen wie im Original
trigonometrie-e1-k3-s2-v2;2018-OS-B1g;1;nein;ganz;passende Winkelfunktion ankreuzen wie im Original
trigonometrie-e1-k3-s2-v3;2018-OS-B1g;1;nein;ganz;passende Winkelfunktion ankreuzen wie im Original
symmetrie-abbildungen-basis-k1-v1;2018-OS-B1h;1;nein;ganz;Figur nach Spiegelung benennen
symmetrie-abbildungen-basis-k1-v10;2018-OS-B1h;1;nein;ganz;Figur nach Spiegelung benennen
symmetrie-abbildungen-basis-k1-v2;2018-OS-B1h;1;nein;ganz;Figur nach Spiegelung benennen, anderes Ausgangsstück
symmetrie-abbildungen-basis-k1-v3;2018-OS-B1h;1;nein;ganz;Figur nach Spiegelung benennen
symmetrie-abbildungen-basis-k1-v4;2018-OS-B1h;1;nein;ganz;Figur nach Spiegelung benennen, anderes Ausgangsstück
symmetrie-abbildungen-basis-k1-v5;2018-OS-B1h;1;nein;ganz;Figur nach Spiegelung benennen
symmetrie-abbildungen-basis-k1-v6;2018-OS-B1h;1;nein;ganz;Figur nach Spiegelung benennen, anderes Ausgangsstück
symmetrie-abbildungen-basis-k1-v7;2018-OS-B1h;1;nein;ganz;Figur nach Spiegelung benennen, anderes Ausgangsstück
symmetrie-abbildungen-basis-k1-v8;2018-OS-B1h;1;nein;ganz;Figur nach Spiegelung benennen, anderes Ausgangsstück
symmetrie-abbildungen-basis-k1-v9;2018-OS-B1h;1;nein;ganz;Figur nach Spiegelung benennen
symmetrie-abbildungen-e2-k3-s8-v1;2018-OS-B1h;1;nein;ganz;Drachenviereck aus Dreieck und Spiegelbild benennen
symmetrie-abbildungen-e2-k3-s8-v2;2018-OS-B1h;1;nein;ganz;Drachenviereck aus Dreieck und Spiegelbild benennen
koerper-e1-k5-s4-v1;2018-OS-B1i;1;nein;ganz;Körper zum Netz ankreuzen wie im Original
wahrscheinlichkeit-e2-k3-s8-v1;2018-OS-B1j;1;nein;ganz;Felderzahl aus Wahrscheinlichkeit wie im Original
potenz-exponentialfunktionen-e2-k1-s7-v3;2018-OS-K2a;2;nein;ganz;Prozentsatz an zwei Jahreswerten nachweisen
potenz-exponentialfunktionen-e2-k1-s7-v4;2018-OS-K2a;2;nein;ganz;Prozentsatz an zwei Jahreswerten nachweisen
potenz-exponentialfunktionen-e1-k1-s8-v1;2018-OS-K2b;2;ja;ganz;Wachstumsart entscheiden und begründen
potenz-exponentialfunktionen-e1-k1-s8-v2;2018-OS-K2b;2;ja;ganz;Wachstumsart entscheiden und begründen
potenz-exponentialfunktionen-e3-k2-s8-v10;2018-OS-K2c;2;nein;ganz;erstes Jahr über Schwelle und erreichter Wert
potenz-exponentialfunktionen-e3-k2-s8-v9;2018-OS-K2c;2;nein;ganz;erstes Jahr über Schwelle und erreichter Wert
daten-e2-k2-s11-v3;2018-OS-K3a;2;nein;ganz;Skalierung und Zuordnung der Säulen, beide Leistungen
daten-e2-k2-s11-v4;2018-OS-K3a;2;nein;ganz;Skalierung und Zuordnung der Säulen, beide Leistungen
lineare-gleichungen-e4-k1-s6-v3;2018-OS-K3b;2;nein;unklar;Aufgabe nennt die übrigen Anzahlen für den Rest nicht
lineare-gleichungen-e4-k1-s6-v4;2018-OS-K3b;2;nein;unklar;Aufgabe nennt die übrigen Anzahlen für den Rest nicht
daten-e3-k1-s2-v2;2018-OS-K3c;2;nein;ganz;Streifendiagramm mit vier Anteilen zeichnen
daten-e5-k1-s10-v5;2018-OS-K3d;4;ja;ganz;zwei Aussagen ankreuzen und begründen
daten-e5-k1-s10-v6;2018-OS-K3d;4;ja;ganz;zwei Aussagen ankreuzen und begründen
winkel-dreiecke-e1-k2-s9-v1;2018-OS-K4a;1;nein;ganz;Winkel als Differenz zweier Winkel
winkel-dreiecke-e1-k2-s9-v2;2018-OS-K4a;1;nein;ganz;Winkel als Differenz zweier Winkel
winkel-dreiecke-e3-k2-s7-v2;2018-OS-K4b;1;nein;ganz;vorgegebenen Winkel über Nebenwinkel und Winkelsumme zeigen
trigonometrie-e4-k1-s16-v5;2018-OS-K4c;2;ja;ganz;Seite mit Sinussatz bestätigen
trigonometrie-e4-k1-s16-v6;2018-OS-K4c;2;ja;ganz;Seite mit Sinussatz bestätigen
trigonometrie-e3-k1-s17-v1;2018-OS-K4d;4;nein;ganz;Höhe mit Sinus plus Zuschläge, beide Werte
trigonometrie-e3-k1-s17-v2;2018-OS-K4d;4;nein;ganz;Höhe mit Sinus plus Zuschläge, beide Werte
quadratische-funktionen-e3-k1-s9-v3;2018-OS-K5c;2;ja;ganz;Scheitelpunktform aus Scheitel angeben
quadratische-funktionen-e3-k1-s9-v4;2018-OS-K5c;2;ja;ganz;Scheitelpunktform aus Scheitel angeben
quadratische-funktionen-e2-k1-s15-v1;2018-OS-K5d;4;ja;ganz;Skizze, Gleichung und Spiegelbild wie im Original
quadratische-funktionen-e2-k1-s15-v2;2018-OS-K5d;4;ja;ganz;Skizze, Gleichung und Spiegelbild, andere Bedingung
strahlensaetze-e1-k2-s9-v1;2018-OS-K6c;2;nein;ganz;beide Modellmaße im Maßstab in Zentimetern
strahlensaetze-e1-k2-s9-v2;2018-OS-K6c;2;nein;ganz;beide Modellmaße im Maßstab in Zentimetern
pythagoras-e3-k2-s15-v1;2018-OS-K6d;2;ja;ganz;Rechenweg für die Mantellinie beschreiben
pythagoras-e3-k2-s15-v2;2018-OS-K6d;2;ja;ganz;Rechenweg für die Mantellinie beschreiben
prozentrechnung-e2-k3-s8-v1;2018-OS-K7a;1;nein;ganz;gleiche Größe mit gleichem Lösungsweg
prozentrechnung-e2-k3-s8-v2;2018-OS-K7a;1;nein;ganz;gleiche Größe mit gleichem Lösungsweg
wahrscheinlichkeit-e2-k3-s10-v1;2018-OS-K7b;2;nein;ganz;Behauptung zur veränderten Grundmenge entscheiden und begründen
bruchrechnung-e3-k1-s6-v3;2018-OS-K7c;4;ja;teil;nur P(beide gleich), ohne Aufzählen und Deuten
bruchrechnung-e3-k1-s6-v4;2018-OS-K7c;4;ja;teil;nur P(beide gleich), ohne Aufzählen und Deuten
wahrscheinlichkeit-e4-k1-s10-v1;2018-OS-K7c;4;ja;ganz;alle drei Leistungen wie im Original
wahrscheinlichkeit-e4-k1-s10-v2;2018-OS-K7c;4;ja;ganz;alle drei Leistungen, anderes Ereignis zu deuten
tangente-normale-schnittwinkel-e5-k1-s6-v2;2018-bb-ea-A1.1b;3;;ganz;Berührpunkt über Steigung minus eins
ebenen-e3-k1-s7-v1;2018-bb-ea-A1.2a;2;;ganz;Lage in Koordinatenebene begründen
punkte-und-strecken-im-koordinatensystem-e4-k1-s10-v1;2018-bb-ea-A1.2b;3;;ganz;Nachbarecke über Spurpunkt, Längen und Skalarprodukt
punkte-und-strecken-im-koordinatensystem-e4-k1-s10-v2;2018-bb-ea-A1.2b;3;;ganz;Nachbarecke über Spurpunkt, Längen und Skalarprodukt
kenngroessen-von-verteilungen-e1-k1-s2-v3;2018-bb-ea-A1.3b;2;;ganz;erwartete Kosten je Spiel im Sachzusammenhang
funktionsscharen-und-ortskurven-e2-k1-s3-v1;2018-bb-ea-B2.1a;8;;teil;nur Nullstellen, Original verlangt auch Grenzverhalten
ableitungsregeln-e3-k1-s5-v1;2018-bb-ea-B2.1e;8;;ganz;zweite Ableitung nachweisen und Krümmung folgern
ableitungsregeln-e3-k1-s5-v2;2018-bb-ea-B2.1e;8;;ganz;zweite Ableitung nachweisen und Krümmung folgern
ableitungsregeln-e3-k1-s5-v3;2018-bb-ea-B2.1e;8;;ganz;zweite Ableitung nachweisen und Krümmung folgern
kurvenuntersuchung-e2-k1-s8-v1;2018-bb-ea-B2.1g;7;;ganz;Maximalstellen mit Randvergleich
rotationsvolumen-e2-k1-s2-v1;2018-bb-ea-B2.1h;2;;ganz;Integralfunktion als Füllvolumen deuten
rotationsvolumen-e2-k1-s4-v2;2018-bb-ea-B2.1i;7;;teil;nur Kartonvolumen, ohne Skizze und Gleichung
tangente-normale-schnittwinkel-e5-k1-s2-v1;2018-bb-ea-B2.2b;7;;ganz;Tangente und Fläche des Achsendreiecks
funktionsscharen-und-ortskurven-e3-k1-s8-v1;2018-bb-ea-B2.2e;9;;ganz;Parameter über Diskriminante und Sattelpunktnachweis erläutert
funktionsscharen-und-ortskurven-e3-k1-s8-v2;2018-bb-ea-B2.2e;9;;ganz;Parameter über Diskriminante und Sattelpunktnachweis erläutert
rekonstruktion-von-funktionsgleichungen-e2-k1-s8-v1;2018-bb-ea-B2.2h;6;;ganz;Brückenfunktion aus Symmetrie und Steigungswinkel
rekonstruktion-von-funktionsgleichungen-e2-k1-s8-v2;2018-bb-ea-B2.2h;6;;ganz;Brückenfunktion aus Symmetrie und Steigungswinkel
schnittmengen-e2-k1-s4-v1;2018-bb-ea-B3.1a;4;;ganz;vorgelegte Schnittpunktrechnung erläutern
schnittmengen-e2-k1-s4-v2;2018-bb-ea-B3.1a;4;;ganz;vorgelegte Schnittpunktrechnung erläutern
schnittmengen-e2-k1-s4-v3;2018-bb-ea-B3.1a;4;;ganz;vorgelegte Schnittpunktrechnung erläutern
orthogonalitaet-e1-k4-s5-v1;2018-bb-ea-B3.1b;3;;ganz;Nichtrechtwinkligkeit an allen drei Ecken nachweisen
orthogonalitaet-e1-k4-s5-v2;2018-bb-ea-B3.1b;3;;ganz;Nichtrechtwinkligkeit an allen drei Ecken nachweisen
skalarprodukt-und-winkel-e2-k2-s3-v3;2018-bb-ea-B3.1c;5;;teil;nur der Innenwinkel, Original verlangt auch die Höhe
flaecheninhalt-und-volumen-im-raum-e3-k2-s3-v1;2018-bb-ea-B3.1d;4;;ganz;Pyramidenvolumen und Leistungsbedarf nachweisen
schnittmengen-e1-k2-s3-v1;2018-bb-ea-B3.1e;3;;ganz;Schnittpunkt mit achsenparalleler Ebene nachweisen
abstaende-e2-k1-s4-v1;2018-bb-ea-B3.1f;6;;ganz;Punkt auf Strecke mit Abstand zur Ebene
ebenen-e1-k1-s2-v1;2018-bb-ea-B3.2a;2;;ganz;Parametergleichung aus Quadratecken angeben
scharen-von-geraden-und-ebenen-e2-k1-s5-v1;2018-bb-ea-B3.2b;6;;teil;nur der Parameter, Original verlangt auch den Winkel
vierfeldertafel-e1-k2-s2-v1;2018-bb-ea-B4.2a;5;;ganz;Vierfeldertafel und bedingte Wahrscheinlichkeit
binomialverteilung-e2-k1-s9-v5;2018-bb-ea-B4.2c;5;;ganz;Einzelwahrscheinlichkeit und Vergleich über Erwartungswert
binomialverteilung-e2-k1-s9-v6;2018-bb-ea-B4.2c;5;;ganz;Einzelwahrscheinlichkeit und Vergleich über Erwartungswert
hypothesentests-e1-k1-s1-v1;2018-bb-ea-B4.2d;5;;ganz;Entscheidungsregel rechtsseitig mit gleichem Weg
funktionsscharen-und-ortskurven-e3-k1-s5-v1;2018-bb-ea-cas-B2.1d;5;;ganz;Ableitung bilden und Nachweis über Radikand wie im Original
tangente-normale-schnittwinkel-e2-k1-s7-v1;2018-bb-ea-cas-B2.1f;5;;ganz;Tangentengleichung und relative Abweichung beide verlangt
tangente-normale-schnittwinkel-e1-k1-s5-v2;2018-bb-ea-cas-B2.2d;6;;ganz;beide Punkte zu vorgegebener Steigung mit gleichem Weg
gleichungen-loesen-e3-k2-s1-v1;2018-bb-ea-cas-B2.2f;9;;teil;nur Schnittpunkte, Original verlangt auch Planenmaße
gleichungen-loesen-e3-k2-s1-v2;2018-bb-ea-cas-B2.2f;9;;teil;nur Schnittpunkte, Original verlangt auch Planenmaße
gleichungen-loesen-e3-k2-s1-v3;2018-bb-ea-cas-B2.2f;9;;teil;nur Schnittpunkte, Original verlangt auch Planenmaße
extremalprobleme-e3-k2-s1-v1;2018-bb-ea-cas-B2.2i;5;;ganz;kleinster Abstand über Abstandsfunktion wie im Original
extremalprobleme-e3-k2-s1-v2;2018-bb-ea-cas-B2.2i;5;;ganz;kleinster Abstand über Abstandsfunktion wie im Original
extremalprobleme-e3-k2-s1-v3;2018-bb-ea-cas-B2.2i;5;;ganz;kleinster Abstand über Abstandsfunktion wie im Original
kurvenuntersuchung-e5-k1-s6-v2;2018-be-gk-B1.1d;4;;ganz;Punkt stärksten Gefälles über f'' gleich null
rekonstruktion-von-funktionsgleichungen-e2-k1-s4-v1;2018-be-gk-B1.1e;6;;ganz;Flugbahn aus knickfreiem Übergang und Höhenbedingung
gleichungen-loesen-e1-k1-s5-v2;2018-be-gk-B1.1f;10;;teil;nur Landepunkt, Original verlangt auch Skizze der Flugbahn
extremalprobleme-e3-k1-s6-v1;2018-be-gk-B1.1g;6;;ganz;maximalen vertikalen Abstand über die Differenzfunktion nachgewiesen
grenzwerte-und-verhalten-im-unendlichen-e2-k1-s3-v2;2018-be-gk-B1.2a;2;;ganz;Grenzverhalten für x gegen unendlich mit Begründung
grenzwerte-und-verhalten-im-unendlichen-e2-k1-s6-v3;2018-be-gk-B1.2a;2;;unklar;Bank verlangt zusätzlich Nullstelle und Verhalten gegen minus unendlich
tangente-normale-schnittwinkel-e4-k1-s6-v1;2018-be-gk-B1.2b;7;;ganz;Schnittwinkel Tangente und Gerade über Anstiege
stammfunktion-und-hauptsatz-e1-k1-s3-v1;2018-be-gk-B1.2c;9;;teil;Stammfunktion und Nullstelle, Original verlangt auch Flächeninhalt
ableitung-und-aenderungsrate-e1-k1-s5-v1;2018-be-gk-B1.2e;4;;ganz;Sekantengleichung aus zwei Graphenpunkten
ableitung-und-aenderungsrate-e4-k1-s3-v2;2018-be-gk-B1.2f;5;;ganz;Nachweis über Minimum der Ableitung wie im Original
ableitung-und-aenderungsrate-e1-k1-s6-v1;2018-be-gk-B1.2g;9;;teil;nur Vergleich der Steigungen, Original verlangt auch Parameter a und b
ebenen-e2-k1-s6-v2;2018-be-gk-B2.1a;4;;ganz;Normalenvektor und Koordinatenform, Parameterform kleiner Zusatz
lagebeziehungen-e1-k2-s4-v1;2018-be-gk-B2.1b;3;;ganz;Punktprobe und Orthogonalität zur Fahrbahn beide verlangt
geraden-e3-k1-s5-v1;2018-be-gk-B2.1c;6;;teil;nur Schnittbegründung, Original verlangt auch Schnittwinkel
geraden-e3-k1-s5-v2;2018-be-gk-B2.1c;6;;teil;nur Schnittbegründung, Original verlangt auch Schnittwinkel
geraden-e3-k1-s5-v3;2018-be-gk-B2.1c;6;;teil;nur Schnittbegründung, Original verlangt auch Schnittwinkel
abstaende-e1-k2-s2-v1;2018-be-gk-B2.1d;2;;ganz;Strecke und Geschwindigkeit in km/h mit gleichem Weg
schnittmengen-e1-k2-s5-v1;2018-be-gk-B2.1e;5;;ganz;Zeit bis zur Ebene über Geradenparameter
schnittmengen-e1-k2-s5-v2;2018-be-gk-B2.1e;5;;ganz;Zeit bis zur Ebene über Geradenparameter
schnittmengen-e1-k2-s5-v3;2018-be-gk-B2.1e;5;;ganz;Zeit bis zur Ebene über Geradenparameter
abstaende-e1-k2-s2-v2;2018-be-gk-B2.2a;3;;ganz;Mittelpunkte, Abstand und Seillänge mit Zuschlag
punkte-und-strecken-im-koordinatensystem-e4-k1-s5-v1;2018-be-gk-B2.2b;3;;ganz;Trapez und gleich lange Schenkel nachgewiesen
skalarprodukt-und-winkel-e3-k1-s3-v1;2018-be-gk-B2.2c;3;;ganz;Neigungswinkel über Normalenvektoren
geraden-e2-k1-s5-v1;2018-be-gk-B2.2d;6;;teil;nur Punktprobe, Original verlangt auch Schattenpunkt und Zeichnung
geraden-e2-k1-s5-v2;2018-be-gk-B2.2d;6;;teil;nur Punktprobe, Original verlangt auch Schattenpunkt und Zeichnung
geraden-e2-k1-s5-v3;2018-be-gk-B2.2d;6;;teil;nur Punktprobe, Original verlangt auch Schattenpunkt und Zeichnung
geraden-e4-k1-s4-v1;2018-be-gk-B2.2e;5;;ganz;Verfahren beschreiben mit gleichen Schritten
geraden-e4-k1-s4-v2;2018-be-gk-B2.2e;5;;ganz;Verfahren beschreiben mit gleichen Schritten
kenngroessen-von-verteilungen-e1-k1-s3-v1;2018-be-gk-B3.1d;2;;ganz;Erwartungswert mit Einsatz verglichen und gedeutet
kenngroessen-von-verteilungen-e2-k1-s3-v1;2018-be-gk-B3.1e;6;;teil;nur Kugelzahl bestimmen, Original verlangt auch Gegenbeispiel-Nachweis
binomialverteilung-e3-k1-s4-v1;2018-be-gk-B3.2a;4;;ganz;beide Wahrscheinlichkeiten mit gleichem Weg
binomialverteilung-e3-k1-s4-v2;2018-be-gk-B3.2a;4;;ganz;beide Wahrscheinlichkeiten mit gleichem Weg
binomialverteilung-e4-k1-s3-v1;2018-be-gk-B3.2d;4;;ganz;höchster Anteil über n-te Wurzel
binomialverteilung-e4-k1-s3-v2;2018-be-gk-B3.2d;4;;ganz;höchster Anteil über n-te Wurzel
vierfeldertafel-e1-k2-s3-v1;2018-be-gk-B3.2e;3;;ganz;Vierfeldertafel aus gleichen Angabearten vervollständigt
binomialverteilung-e1-k1-s6-v1;2018-be-gk-B3.2g;2;;ganz;Ungeeignetheit des Binomialmodells begründet
binomialverteilung-e1-k1-s6-v2;2018-be-gk-B3.2g;2;;ganz;Ungeeignetheit des Binomialmodells begründet
tangente-normale-schnittwinkel-e2-k1-s3-v2;2018-be-gk-cas-B1.1e;4;;ganz;knickfreie geradlinige Fortsetzung als Tangente
gleichungen-loesen-e4-k2-s1-v2;2018-be-gk-cas-B1.1g;8;;teil;nur Intervall, Original verlangt auch Nachweis des Maximums
gleichungen-loesen-e2-k2-s1-v1;2018-be-gk-cas-B1.2b;6;;teil;nur Schnittpunkte, Original verlangt auch Schnittwinkel
gleichungen-loesen-e2-k2-s1-v2;2018-be-gk-cas-B1.2b;6;;teil;nur Schnittpunkte, Original verlangt auch Schnittwinkel
gleichungen-loesen-e2-k2-s1-v3;2018-be-gk-cas-B1.2b;6;;teil;nur Schnittpunkte, Original verlangt auch Schnittwinkel
lagebeziehungen-e1-k2-s2-v1;2018MerhoehtAAGLAA211-a;1;;ganz;Punktprobe an der Ebenengleichung
orthogonalitaet-e3-k1-s1-v3;2018MerhoehtAAGLAA211-b;2;;ganz;Orthogonalität über Kollinearität mit Normalenvektor
spiegelung-e2-k1-s2-v3;2018MerhoehtAAGLAA211-c;2;;ganz;Spiegelgerade aus Fixpunkt und Spiegelpunkt
orthogonalitaet-e3-k1-s4-v2;2018MerhoehtAAGLAA212-a;2;;ganz;Schnittpunkt und Orthogonalität beide verlangt
ebenen-e2-k1-s7-v1;2018MerhoehtAAGLAA212-b;3;;ganz;Koordinatenform aus zwei Geraden mit gleichem Weg
gleichungen-loesen-e2-k1-s9-v1;2018MerhoehtAAnalysis11-a;2;;ganz;fehlender Schnittpunkt über unlösbare Gleichung begründet
gleichungen-loesen-e2-k1-s9-v2;2018MerhoehtAAnalysis11-a;2;;ganz;fehlender Schnittpunkt über unlösbare Gleichung begründet
gleichungen-loesen-e2-k1-s9-v3;2018MerhoehtAAnalysis11-a;2;;ganz;fehlender Schnittpunkt über unlösbare Gleichung begründet
kurvenuntersuchung-e3-k6-s1-v1;2018MerhoehtAAnalysis12-b;3;;ganz;Schnittpunktanzahl nach Steigung wie im Original
unabhaengigkeit-e1-k2-s5-v1;2018MerhoehtAStochastik12-b;3;;ganz;Unabhängigkeit über Produktregel geprüft
punkte-und-strecken-im-koordinatensystem-e1-k1-s3-v1;2018MerhoehtBAGLAA1WTR-1a;3;;teil;nur Zeichnen, Original verlangt auch Parallelogrammnachweis
punkte-und-strecken-im-koordinatensystem-e1-k1-s3-v2;2018MerhoehtBAGLAA1WTR-1a;3;;teil;nur Zeichnen eines Körpers, Original verlangt auch Nachweis
punkte-und-strecken-im-koordinatensystem-e4-k1-s1-v2;2018MerhoehtBAGLAA1WTR-1a;3;;teil;nur Nachweis, Original verlangt auch Einzeichnen
punkte-und-strecken-im-koordinatensystem-e4-k1-s1-v4;2018MerhoehtBAGLAA1WTR-1a;3;;teil;nur Nachweis, Original verlangt auch Einzeichnen
schnittmengen-e3-k1-s3-v1;2018MerhoehtBAGLAA1WTR-1b;2;;unklar;Bank verlangt beide Endpunkte, Original nur einen
schnittmengen-e3-k1-s3-v2;2018MerhoehtBAGLAA1WTR-1b;2;;unklar;Bank verlangt beide Endpunkte, Original nur einen
schnittmengen-e3-k1-s3-v3;2018MerhoehtBAGLAA1WTR-1b;2;;unklar;Bank verlangt beide Endpunkte, Original nur einen
flaecheninhalt-und-volumen-im-raum-e4-k2-s4-v1;2018MerhoehtBAGLAA2CAS2-1d;5;;ganz;Masse über Differenz zweier Pyramiden
skalarprodukt-und-winkel-e4-k2-s1-v3;2018MerhoehtBAGLAA2CAS2-1f;2;;ganz;Schattenlage über Kantenneigung und Lichteinfall begründet
schnittmengen-e1-k3-s1-v1;2018MerhoehtBAGLAA2CAS2-1g;5;;ganz;Höhe aus Schattenabstand mit gleichem Weg
schnittmengen-e1-k3-s1-v2;2018MerhoehtBAGLAA2CAS2-1g;5;;ganz;Höhe aus Schattenabstand mit gleichem Weg
schnittmengen-e1-k3-s1-v3;2018MerhoehtBAGLAA2CAS2-1g;5;;ganz;Höhe aus Schattenabstand mit gleichem Weg
punkte-und-strecken-im-koordinatensystem-e3-k1-s4-v3;2018MerhoehtBAGLAA2WTR1-1a;3;;ganz;Dreieckseigenschaft begründet und Flächeninhalt angegeben
scharen-von-geraden-und-ebenen-e3-k1-s1-v4;2018MerhoehtBAGLAA2WTR1-1c;4;;ganz;Parameter für vorgegebenen Winkel über Kosinusformel
schnittmengen-e3-k1-s5-v2;2018MerhoehtBAGLAA2WTR1-1d;3;;ganz;zeichnerisches Vorgehen beschrieben wie im Original
scharen-von-geraden-und-ebenen-e4-k1-s3-v3;2018MerhoehtBAGLAA2WTR1-1f;4;;ganz;Parameterbereich und Lage der dritten Ecke beide verlangt
abstaende-e2-k1-s5-v1;2018MerhoehtBAGLAA2WTR1-1g;3;;ganz;Aufgabenstellung aus Abstandsrechnung formuliert
abstaende-e2-k1-s5-v2;2018MerhoehtBAGLAA2WTR1-1g;3;;ganz;Aufgabenstellung aus Abstandsrechnung formuliert
schnittmengen-e2-k1-s3-v1;2018MerhoehtBAGLAA2WTR2-1f;8;;ganz;Höhe über Schnitt mit Kantengerade, Abstand als kleiner Schritt
schnittmengen-e2-k1-s3-v2;2018MerhoehtBAGLAA2WTR2-1f;8;;ganz;Höhe über Schnitt mit Kantengerade, Abstand als kleiner Schritt
schnittmengen-e2-k1-s3-v3;2018MerhoehtBAGLAA2WTR2-1f;8;;ganz;Höhe über Schnitt mit Kantengerade, Abstand als kleiner Schritt
punkte-und-strecken-im-koordinatensystem-e4-k1-s5-v3;2018MerhoehtBAGLAA2WTR3-1a;3;;ganz;Trapez und gleich lange Seiten nachgewiesen
abstaende-e4-k1-s2-v1;2018MerhoehtBAGLAA2WTR3-1d;4;;ganz;Lotfußpunkt außerhalb zeichnerisch begründet, ebene Verfremdung
lagebeziehungen-e4-k1-s3-v1;2018MerhoehtBAGLAA2WTR3-1e;4;;ganz;Netzberührung über Höhe im Durchstoßpunkt
ebenen-e3-k1-s5-v2;2018MerhoehtBAGLAA2WTR3-1f;2;;ganz;Ebene begründet und Gleichung angegeben
lagebeziehungen-e4-k1-s4-v1;2018MerhoehtBAGLAA2WTR3-1g;4;;ganz;Auftreffpunkt berechnet und Lage im Feld geprüft
lagebeziehungen-e4-k1-s4-v2;2018MerhoehtBAGLAA2WTR3-1g;4;;ganz;Auftreffpunkt berechnet und Lage im Feld geprüft
funktionsscharen-und-ortskurven-e2-k1-s5-v1;2018MerhoehtBAnalysisCAS1-1d;4;;ganz;gemeinsame Punkte aller Scharkurven bestimmt
funktionsscharen-und-ortskurven-e2-k1-s3-v2;2018MerhoehtBAnalysisCAS1-1e;4;;ganz;Nullstellenanzahl nach Parameter mit Fallunterscheidung
tangente-normale-schnittwinkel-e4-k1-s9-v2;2018MerhoehtBAnalysisCAS1-3b;2;;ganz;Stelle zu vorgegebenem Steigungswinkel nachgewiesen
stammfunktion-und-hauptsatz-e2-k2-s1-v3;2018MerhoehtBAnalysisCAS1-3c;6;;ganz;Weglänge über Bogenlängenformel plus senkrechter Fall
tangente-normale-schnittwinkel-e2-k2-s1-v2;2018MerhoehtBAnalysisCAS1-4;5;;ganz;Berührpunkt der Tangente durch äußeren Punkt und Höhe
kurvenuntersuchung-e2-k9-s1-v1;2018MerhoehtBAnalysisCAS2-1d;3;;ganz;Extremstelle aus gleichen Funktionswerten begründet
ableitung-und-aenderungsrate-e3-k2-s1-v1;2018MerhoehtBAnalysisCAS2-2c;4;;ganz;Sekante und Tangente eingezeichnet und gedeutet
tangente-normale-schnittwinkel-e1-k2-s1-v1;2018MerhoehtBAnalysisCAS3-1d;3;;ganz;Stellen über Ungleichung für Achsenabschnitt bestimmt
funktionsscharen-und-ortskurven-e4-k1-s5-v1;2018MerhoehtBAnalysisCAS3-1f;4;;ganz;Parameterbereich über Lösbarkeit der Schnittgleichung
funktionsscharen-und-ortskurven-e4-k1-s7-v3;2018MerhoehtBAnalysisCAS3-2a;3;;ganz;Scharparameter aus Befestigungspunkt mit Symmetrie
kurvenuntersuchung-e3-k7-s3-v2;2018MerhoehtBAnalysisCAS3-2d;3;;ganz;Vorzeichen des Parameters aus Krümmung begründet
rekonstruktion-von-funktionsgleichungen-e3-k2-s1-v1;2018MerhoehtBAnalysisCAS3-2e;4;;ganz;beide Parameter aus Längenformel und Punkt
rekonstruktion-von-funktionsgleichungen-e3-k2-s1-v2;2018MerhoehtBAnalysisCAS3-2e;4;;ganz;beide Parameter aus Längenformel und Punkt
rekonstruktion-von-funktionsgleichungen-e3-k2-s1-v3;2018MerhoehtBAnalysisCAS3-2e;4;;ganz;beide Parameter aus Längenformel und Punkt
tangente-normale-schnittwinkel-e2-k4-s1-v1;2018MerhoehtBAnalysisCAS3-2f;4;;ganz;Steigungen berechnet und Lage damit begründet
rekonstruktion-von-funktionsgleichungen-e1-k1-s5-v1;2018MerhoehtBAnalysisWTR1-1a;4;;ganz;Produktansatz aus Nullstellen und Punkt
rekonstruktion-von-funktionsgleichungen-e1-k1-s5-v2;2018MerhoehtBAnalysisWTR1-1a;4;;ganz;Produktansatz aus Nullstellen und Punkt
rekonstruktion-von-funktionsgleichungen-e1-k1-s5-v3;2018MerhoehtBAnalysisWTR1-1a;4;;ganz;Produktansatz aus Nullstellen und Punkt
stammfunktion-und-hauptsatz-e4-k1-s2-v1;2018MerhoehtBAnalysisWTR1-1d;3;;ganz;beide Nullstellen der Integralfunktion begründet
kurvenuntersuchung-e5-k4-s4-v2;2018MerhoehtBAnalysisWTR1-2d;4;;ganz;Erlösgerade gezeichnet und Gewinnbereich abgelesen
funktionsscharen-und-ortskurven-e3-k1-s6-v1;2018MerhoehtBAnalysisWTR1-2f;6;;ganz;Monotonie über Diskriminante der Ableitung
gleichungen-loesen-e2-k1-s5-v1;2018MerhoehtBAnalysisWTR2-1b;4;;ganz;Exponentialgleichung gelöst und Abstand angegeben
gleichungen-loesen-e2-k1-s5-v2;2018MerhoehtBAnalysisWTR2-1b;4;;ganz;Exponentialgleichung gelöst und Abstand angegeben
gleichungen-loesen-e2-k1-s5-v3;2018MerhoehtBAnalysisWTR2-1b;4;;ganz;Exponentialgleichung gelöst und Abstand angegeben
funktionsscharen-und-ortskurven-e4-k1-s6-v1;2018MerhoehtBAnalysisWTR2-1d;4;;ganz;Parameter b aus knickfreiem Übergang
tangente-normale-schnittwinkel-e4-k1-s2-v2;2018MerhoehtBAnalysisWTR2-1f;3;;ganz;Auftreffwinkel über Ableitung, Nullstelle als kleiner Zusatz
rotationsvolumen-e1-k1-s4-v1;2018MerhoehtBAnalysisWTR2-2a;5;;ganz;gleicher Nachweis über Rotationsvolumen minus Kugel
rotationsvolumen-e1-k1-s5-v1;2018MerhoehtBAnalysisWTR2-2b;3;;ganz;Füllhöhengleichung mit variablen Grenzen wie im Original
rotationsvolumen-e1-k1-s5-v2;2018MerhoehtBAnalysisWTR2-2b;3;;ganz;Füllhöhengleichung mit variablen Grenzen wie im Original
hypothesentests-e3-k1-s2-v1;2018MerhoehtBStochastikCAS2-4b;3;;ganz;p wählen und Fehler zweiter Art aus Abbildung
binomialverteilung-e3-k1-s5-v1;2018MerhoehtBStochastikWTR1-1a;3;;ganz;beide Wahrscheinlichkeiten mit gleichem Weg
binomialverteilung-e3-k1-s5-v2;2018MerhoehtBStochastikWTR1-1a;3;;ganz;beide Wahrscheinlichkeiten mit gleichem Weg
hypothesentests-e2-k1-s1-v1;2018MerhoehtBStochastikWTR1-1d;3;;ganz;Wahl der Nullhypothese angeben und begründen
bedingte-wahrscheinlichkeit-und-bayes-e3-k1-s5-v1;2018MerhoehtBStochastikWTR2-1e;5;;ganz;Mindestwert aus Bayes-Ungleichung wie im Original
bedingte-wahrscheinlichkeit-und-bayes-e3-k1-s5-v2;2018MerhoehtBStochastikWTR2-1e;5;;ganz;Mindestwert aus Bayes-Ungleichung wie im Original
konfidenzintervalle-e3-k1-s3-v3;2018MerhoehtBStochastikWTR2-1g;3;;ganz;gleiche Begründung über den Faktor 1/√2
konfidenzintervalle-e3-k1-s3-v4;2018MerhoehtBStochastikWTR2-1g;3;;ganz;gleiche Begründung mit Faktor 1/√3
punkte-und-strecken-im-koordinatensystem-e2-k1-s8-v1;2018MgrundlegendAAGLAA211-a;2;;ganz;Länge aus Vektorbeziehung wie im Original
punkte-und-strecken-im-koordinatensystem-e2-k1-s8-v2;2018MgrundlegendAAGLAA211-a;2;;ganz;Länge aus Vektorbeziehung wie im Original
punkte-und-strecken-im-koordinatensystem-e2-k1-s8-v3;2018MgrundlegendAAGLAA211-a;2;;ganz;Länge aus Vektorbeziehung wie im Original
ebenen-e1-k1-s6-v1;2018MgrundlegendAAGLAA211-b;3;;ganz;gleiche Begründung über Kollinearität
ebenen-e1-k1-s6-v2;2018MgrundlegendAAGLAA211-b;3;;ganz;gleiche Begründung über Kollinearität
punkte-und-strecken-im-koordinatensystem-e5-k1-s4-v1;2018MgrundlegendAAGLAA212-a;2;;ganz;Parallelität begründen und Höhe angeben
punkte-und-strecken-im-koordinatensystem-e5-k1-s4-v2;2018MgrundlegendAAGLAA212-a;2;;ganz;Parallelität begründen und Höhe angeben
punkte-und-strecken-im-koordinatensystem-e5-k1-s4-v3;2018MgrundlegendAAGLAA212-a;2;;ganz;Parallelität begründen und Höhe angeben
punkte-und-strecken-im-koordinatensystem-e1-k1-s8-v3;2018MgrundlegendAAGLAA212-b;3;;ganz;Projektionen ergänzen und Lage des Fußpunkts entscheiden
punkte-und-strecken-im-koordinatensystem-e1-k1-s8-v4;2018MgrundlegendAAGLAA212-b;3;;ganz;Projektionen ergänzen und Lage des Fußpunkts entscheiden
orthogonalitaet-e1-k4-s3-v3;2018MgrundlegendAAGLAA22-a;2;;ganz;rechter Winkel mit Parameter über Skalarprodukt
tangente-normale-schnittwinkel-e1-k1-s4-v3;2018MgrundlegendAAnalysis12-a;3;;ganz;Tangente im Punkt wie im Original
rekonstruktion-von-bestaenden-e2-k1-s1-v5;2018MgrundlegendAAnalysis2-a;3;;ganz;Zunahme aus Vorzeichen der Rate begründen
punkte-und-strecken-im-koordinatensystem-e3-k1-s4-v2;2018MgrundlegendBAGLAA2WTR1-1a;3;;ganz;Begründung und Flächeninhalt wie im Original
schnittmengen-e3-k1-s5-v1;2018MgrundlegendBAGLAA2WTR1-1c;3;;ganz;Vorgehen an der Schnittfigur beschreiben
schnittmengen-e3-k1-s5-v3;2018MgrundlegendBAGLAA2WTR1-1c;3;;ganz;Vorgehen an der Schnittfigur beschreiben
flaecheninhalt-und-volumen-im-raum-e4-k1-s1-v5;2018MgrundlegendBAGLAA2WTR1-1d;5;;ganz;Differenz zweier Pyramiden mit Erläuterung
scharen-von-geraden-und-ebenen-e1-k2-s2-v3;2018MgrundlegendBAGLAA2WTR1-1e;2;;ganz;Spurpunkt der Scharebene nachweisen
kurvenuntersuchung-e3-k1-s5-v1;2018MgrundlegendBAnalysisWTR-1a;6;;ganz;Wendepunkt nachweisen und Wendetangente aufstellen
flaecheninhalt-und-volumen-im-raum-e4-k1-s5-v1;2018MgrundlegendBAnalysisWTR-1c;4;;ganz;Kegeloberfläche aus Rotation des Dreiecks
stammfunktion-und-hauptsatz-e2-k1-s1-v5;2018MgrundlegendBAnalysisWTR-1d;3;;ganz;bestimmtes Integral mit selbst gebildeter Stammfunktion
ableitung-und-aenderungsrate-e1-k1-s10-v1;2018MgrundlegendBAnalysisWTR-2c;2;;ganz;Aussage mit Differenzen als Gegenbeispiel beurteilen
ableitung-und-aenderungsrate-e1-k1-s10-v2;2018MgrundlegendBAnalysisWTR-2c;2;;ganz;Aussage mit Differenzen als Gegenbeispiel beurteilen
kurvenuntersuchung-e5-k4-s4-v1;2018MgrundlegendBAnalysisWTR-2e;4;;ganz;Erlösgerade zeichnen und Gewinnbereich bestimmen
binomialverteilung-e1-k1-s7-v1;2018MgrundlegendBStochastikWTR3-2d;3;;ganz;beide Aussagen beurteilen wie im Original
binomialverteilung-e1-k1-s7-v2;2018MgrundlegendBStochastikWTR3-2d;3;;ganz;beide Aussagen beurteilen wie im Original
tangente-normale-schnittwinkel-e2-k1-s3-v1;2019-A-2b;2;;ganz;gleiche Anstiege an der Nahtstelle nachweisen
rotationsvolumen-e1-k1-s5-v3;2019-A-2d;5;;ganz;Volumen und Masse wie im Original
rotationsvolumen-e1-k1-s5-v4;2019-A-2d;5;;ganz;Volumen und Masse wie im Original
daten-e4-k2-s4-v1;2019-A-3a;6;;ganz;alle Kennwerte mit Erklärung und Entscheidung
daten-e4-k2-s4-v2;2019-A-3a;6;;ganz;alle Kennwerte mit Erklärung und Entscheidung
daten-e6-k1-s4-v3;2019-A-3b;5;;teil;ohne Diagramm, Original verlangt auch die Darstellung
kombinatorik-e2-k1-s4-v1;2019-A-3d;3;;ganz;Auswahl und Verteilung wie im Original
tangente-normale-schnittwinkel-e1-k1-s10-v5;2019-C-1f;3;;ganz;Tangentengleichung an gegebener Stelle
tangente-normale-schnittwinkel-e1-k1-s10-v6;2019-C-1f;3;;ganz;Tangentengleichung an gegebener Stelle
rekonstruktion-von-funktionsgleichungen-e1-k1-s3-v1;2019-C-2a;6;;ganz;Parabel aus drei Punkten über LGS
gleichungen-loesen-e1-k1-s12-v1;2019-C-2c;8;;ganz;Schnittstelle und Fläche in km² wie im Original
gleichungen-loesen-e1-k1-s12-v2;2019-C-2c;8;;ganz;Schnittstelle und Fläche in km² wie im Original
winkel-dreiecke-e2-k2-s8-v1;2019-OS-B1a;1;nein;ganz;Scheitelwinkel mit überflüssiger Angabe
einheiten-e1-k2-s9-v1;2019-OS-B1b;1;nein;ganz;Größenvergleich mit Zeichen einsetzen
einheiten-e1-k2-s9-v3;2019-OS-B1b;1;nein;ganz;Größenvergleich mit Zeichen einsetzen
brueche-dezimalzahlen-e1-k1-s6-v1;2019-OS-B1c;1;nein;ganz;markierten Anteil ankreuzen wie im Original
brueche-dezimalzahlen-e1-k1-s6-v2;2019-OS-B1c;1;nein;ganz;markierten Anteil ankreuzen wie im Original
potenzen-wurzeln-e1-k3-s15-v5;2019-OS-B1d;1;nein;ganz;größte Potenz bestimmen und unterstreichen
potenzen-wurzeln-e1-k3-s15-v6;2019-OS-B1d;1;nein;ganz;größte Potenz bestimmen und unterstreichen
koerper-basis-k2-v1;2019-OS-B1f;1;nein;ganz;Kantenzahl eines Körpers angeben
koerper-basis-k2-v10;2019-OS-B1f;1;nein;ganz;Kantenzahl eines Körpers angeben
koerper-basis-k2-v2;2019-OS-B1f;1;nein;ganz;Kantenzahl eines Körpers angeben
koerper-basis-k2-v3;2019-OS-B1f;1;nein;ganz;Kantenzahl eines Körpers angeben
koerper-basis-k2-v4;2019-OS-B1f;1;nein;ganz;Kantenzahl eines Körpers angeben
koerper-basis-k2-v5;2019-OS-B1f;1;nein;ganz;Kantenzahl eines Körpers angeben
koerper-basis-k2-v6;2019-OS-B1f;1;nein;ganz;Kantenzahl eines Körpers angeben
koerper-basis-k2-v7;2019-OS-B1f;1;nein;ganz;Kantenzahl eines Körpers angeben
koerper-basis-k2-v8;2019-OS-B1f;1;nein;ganz;Kantenzahl eines Körpers angeben
koerper-basis-k2-v9;2019-OS-B1f;1;nein;ganz;Kantenzahl eines Körpers angeben
koerper-e1-k1-s8-v3;2019-OS-B1f;1;nein;ganz;Kantenzahl einer Pyramide angeben
koerper-e1-k1-s8-v4;2019-OS-B1f;1;nein;ganz;Kantenzahl einer Pyramide angeben
wahrscheinlichkeit-e2-k3-s9-v2;2019-OS-B1g;1;nein;ganz;Zufallsgerät zur Wahrscheinlichkeit zeichnerisch ergänzen
trigonometrie-e1-k3-s1-v2;2019-OS-B1h;1;nein;ganz;Seitenverhältnis einer Winkelfunktion angeben
daten-e4-k1-s2-v1;2019-OS-B1i;1;nein;ganz;Spannweite wie im Original
potenzen-wurzeln-e2-k1-s17-v3;2019-OS-B1j;1;nein;ganz;Zehnerpotenz als Dezimalzahl ausschreiben
potenzen-wurzeln-e2-k1-s17-v4;2019-OS-B1j;1;nein;ganz;Zehnerpotenz als Dezimalzahl ausschreiben
lineare-funktionen-e3-k2-s7-v5;2019-OS-K2a;1;nein;ganz;Nullstelle am Graphen ablesen
lineare-funktionen-e3-k2-s7-v6;2019-OS-K2a;1;nein;ganz;Nullstelle am Graphen ablesen
lineare-funktionen-e2-k5-s6-v3;2019-OS-K2b;2;nein;ganz;beide Eigenschaften Graphen zuordnen
lineare-funktionen-e2-k5-s6-v4;2019-OS-K2b;2;nein;ganz;beide Eigenschaften Graphen zuordnen
lineare-funktionen-e2-k5-s6-v1;2019-OS-K2c;3;nein;ganz;drei Gleichungen den Graphen zuordnen
lineare-funktionen-e2-k5-s6-v2;2019-OS-K2c;3;nein;ganz;drei Gleichungen den Graphen zuordnen
pythagoras-e3-k2-s15-v7;2019-OS-K2d;4;nein;teil;nur die Streckenlänge, Original verlangt auch den Winkel
pythagoras-e3-k2-s15-v8;2019-OS-K2d;4;nein;teil;nur die Streckenlänge, Original verlangt auch den Winkel
trigonometrie-e2-k1-s11-v11;2019-OS-K2d;4;nein;ganz;Länge und Winkel wie im Original
trigonometrie-e2-k1-s11-v12;2019-OS-K2d;4;nein;ganz;Länge und Winkel wie im Original
trigonometrie-e2-k1-s11-v3;2019-OS-K3b;2;nein;ganz;Winkel mit cos⁻¹ rechnerisch nachweisen
trigonometrie-e2-k1-s11-v4;2019-OS-K3b;2;nein;ganz;Winkel mit cos⁻¹ rechnerisch nachweisen
trigonometrie-e4-k1-s16-v7;2019-OS-K3c;4;ja;ganz;Winkelschritte und Sinussatz wie im Original
trigonometrie-e4-k1-s16-v8;2019-OS-K3c;4;ja;ganz;Winkelschritte und Sinussatz wie im Original
koerper-e3-k1-s10-v1;2019-OS-K4c;4;nein;teil;Fläche und Volumen, Original verlangt auch die Masse
koerper-e3-k1-s10-v2;2019-OS-K4c;4;nein;teil;Fläche und Volumen, Original verlangt auch die Masse
prozentrechnung-e3-k1-s9-v10;2019-OS-K5a;2;nein;ganz;Abnahme als Prozentwert der Grundmenge
prozentrechnung-e3-k1-s9-v9;2019-OS-K5a;2;nein;ganz;Zunahme als Prozentwert der Grundmenge
prozentrechnung-e1-k1-s7-v7;2019-OS-K5b;2;nein;ganz;falsche Aussage ankreuzen und berichtigen
prozentrechnung-e1-k1-s7-v8;2019-OS-K5b;2;nein;ganz;falsche Aussage ankreuzen und berichtigen
daten-e5-k1-s10-v1;2019-OS-K5c;2;ja;ganz;unzutreffende Aussage nennen und berichtigen
daten-e5-k1-s10-v2;2019-OS-K5c;2;ja;ganz;unzutreffende Aussage nennen und berichtigen
wahrscheinlichkeit-e2-k3-s5-v1;2019-OS-K6a;1;nein;ganz;einstufige Wahrscheinlichkeit, zusätzlich andere Schreibweisen
bruchrechnung-e3-k1-s6-v5;2019-OS-K6b;5;ja;teil;nur Pfadwahrscheinlichkeit, ohne Baum ergänzen und Aussagen
bruchrechnung-e3-k1-s6-v6;2019-OS-K6b;5;ja;teil;nur Pfadwahrscheinlichkeit, ohne Baum ergänzen und Aussagen
wahrscheinlichkeit-e4-k1-s6-v1;2019-OS-K6b;5;ja;teil;nur Baum ergänzen, ohne Beurteilung der Aussagen
bruchrechnung-e3-k1-s6-v1;2019-OS-K6c;3;ja;ganz;Behauptung mit zwei Pfadwahrscheinlichkeiten widerlegen
bruchrechnung-e3-k1-s6-v2;2019-OS-K6c;3;ja;ganz;Behauptung mit zwei Pfadwahrscheinlichkeiten widerlegen
wahrscheinlichkeit-e4-k1-s9-v1;2019-OS-K6c;3;ja;ganz;Behauptung mit zwei Pfadwahrscheinlichkeiten widerlegen
potenz-exponentialfunktionen-e2-k2-s8-v7;2019-OS-K7a;3;nein;ganz;drei Tabellenwerte des Wachstums ergänzen
potenz-exponentialfunktionen-e2-k2-s8-v8;2019-OS-K7a;3;nein;ganz;drei Tabellenwerte des Wachstums ergänzen
potenz-exponentialfunktionen-e3-k1-s7-v5;2019-OS-K7b;3;ja;ganz;Bedeutung aller drei Bestandteile angeben
potenz-exponentialfunktionen-e3-k1-s7-v6;2019-OS-K7b;3;ja;ganz;Bedeutung aller drei Bestandteile angeben
potenz-exponentialfunktionen-e1-k2-s7-v3;2019-OS-K7c;3;ja;ganz;je Graph entscheiden und begründen
potenz-exponentialfunktionen-e1-k2-s7-v4;2019-OS-K7c;3;ja;ganz;je Graph entscheiden und begründen
trigonometrische-funktionen-e4-k1-s12-v1;2019-OS-K7c;3;ja;ganz;passenden Graphen wählen und beide anderen begründen
trigonometrische-funktionen-e4-k1-s12-v3;2019-OS-K7c;3;ja;ganz;passenden Graphen wählen und beide anderen begründen
ableitungsregeln-e1-k2-s4-v1;2019-be-gk-A1.1a;2;;ganz;Ableitung und Stammfunktion angeben
ableitungsregeln-e1-k2-s4-v2;2019-be-gk-A1.1a;2;;ganz;Ableitung und Stammfunktion angeben
ableitungsregeln-e1-k2-s4-v3;2019-be-gk-A1.1a;2;;ganz;Ableitung und Stammfunktion angeben
gleichungen-loesen-e1-k1-s8-v1;2019-be-gk-A1.2a;2;;ganz;Schnittstellen und „nur“ über Lösungszahl nachweisen
gleichungen-loesen-e1-k1-s8-v2;2019-be-gk-A1.2a;2;;ganz;Schnittstellen und „nur“ über Lösungszahl nachweisen
gleichungen-loesen-e1-k1-s8-v3;2019-be-gk-A1.2a;2;;ganz;Schnittstellen und „nur“ über Lösungszahl nachweisen
geraden-e1-k2-s4-v1;2019-be-gk-A1.3a;3;;ganz;alle gesuchten Ergebnisse mit gleicher Handlung
geraden-e1-k2-s4-v2;2019-be-gk-A1.3a;3;;ganz;alle gesuchten Ergebnisse mit gleicher Handlung
geraden-e1-k2-s4-v3;2019-be-gk-A1.3a;3;;ganz;alle gesuchten Ergebnisse mit gleicher Handlung
geraden-e3-k1-s6-v1;2019-be-gk-A1.3b;2;;ganz;alle gesuchten Ergebnisse mit gleicher Handlung
geraden-e3-k1-s6-v2;2019-be-gk-A1.3b;2;;ganz;alle gesuchten Ergebnisse mit gleicher Handlung
ableitung-und-aenderungsrate-e4-k1-s4-v1;2019-be-gk-B2.1b;4;;ganz;alle gesuchten Ergebnisse mit gleicher Handlung
rekonstruktion-von-funktionsgleichungen-e2-k1-s2-v1;2019-be-gk-B2.1c;5;;ganz;alle gesuchten Ergebnisse mit gleicher Handlung
rekonstruktion-von-bestaenden-e3-k1-s2-v1;2019-be-gk-B2.1g;6;;ganz;alle gesuchten Ergebnisse mit gleicher Handlung
grenzwerte-und-verhalten-im-unendlichen-e2-k1-s5-v1;2019-be-gk-B2.2a;3;;ganz;alle gesuchten Ergebnisse mit gleicher Handlung
grenzwerte-und-verhalten-im-unendlichen-e2-k1-s5-v2;2019-be-gk-B2.2a;3;;ganz;alle gesuchten Ergebnisse mit gleicher Handlung
grenzwerte-und-verhalten-im-unendlichen-e2-k1-s5-v3;2019-be-gk-B2.2a;3;;ganz;alle gesuchten Ergebnisse mit gleicher Handlung
kurvenuntersuchung-e2-k1-s6-v2;2019-be-gk-B2.2b;7;;ganz;alle gesuchten Ergebnisse mit gleicher Handlung
kurvenuntersuchung-e5-k1-s6-v1;2019-be-gk-B2.2c;5;;ganz;alle gesuchten Ergebnisse mit gleicher Handlung
ableitung-und-aenderungsrate-e1-k1-s3-v1;2019-be-gk-B2.2d;3;;ganz;alle gesuchten Ergebnisse mit gleicher Handlung
tangente-normale-schnittwinkel-e1-k1-s4-v2;2019-be-gk-B2.2f;6;;ganz;alle gesuchten Ergebnisse mit gleicher Handlung
gleichungen-loesen-e4-k1-s3-v1;2019-be-gk-B2.2g;6;;ganz;alle gesuchten Ergebnisse mit gleicher Handlung
gleichungen-loesen-e4-k1-s3-v2;2019-be-gk-B2.2g;6;;ganz;alle gesuchten Ergebnisse mit gleicher Handlung
gleichungen-loesen-e4-k1-s3-v3;2019-be-gk-B2.2g;6;;ganz;alle gesuchten Ergebnisse mit gleicher Handlung
funktionsscharen-und-ortskurven-e1-k1-s6-v3;2019-be-gk-B2.2h;6;;ganz;alle gesuchten Ergebnisse mit gleicher Handlung
schnittmengen-e1-k2-s3-v3;2019-be-gk-B3.1b;5;;ganz;alle gesuchten Ergebnisse mit gleicher Handlung
punkte-und-strecken-im-koordinatensystem-e2-k1-s9-v3;2019-be-gk-B3.1d;5;;ganz;alle gesuchten Ergebnisse mit gleicher Handlung
punkte-und-strecken-im-koordinatensystem-e2-k1-s9-v4;2019-be-gk-B3.1d;5;;ganz;gleicher Weg, Treffpunkt als kleine Zugabe
punkte-und-strecken-im-koordinatensystem-e1-k1-s2-v1;2019-be-gk-B3.2a;2;;ganz;alle gesuchten Ergebnisse mit gleicher Handlung
punkte-und-strecken-im-koordinatensystem-e1-k1-s2-v3;2019-be-gk-B3.2a;2;;ganz;alle gesuchten Ergebnisse mit gleicher Handlung
punkte-und-strecken-im-koordinatensystem-e4-k1-s5-v2;2019-be-gk-B3.2b;4;;ganz;alle gesuchten Ergebnisse mit gleicher Handlung
skalarprodukt-und-winkel-e2-k2-s2-v3;2019-be-gk-B3.2c;2;;ganz;alle gesuchten Ergebnisse mit gleicher Handlung
flaecheninhalt-und-volumen-im-raum-e2-k1-s3-v1;2019-be-gk-B3.2d;4;;ganz;alle gesuchten Ergebnisse mit gleicher Handlung
ebenen-e4-k1-s2-v1;2019-be-gk-B3.2e;3;;ganz;alle gesuchten Ergebnisse mit gleicher Handlung
schnittmengen-e2-k1-s5-v1;2019-be-gk-B3.2f;5;;ganz;alle gesuchten Ergebnisse mit gleicher Handlung
schnittmengen-e2-k1-s5-v2;2019-be-gk-B3.2f;5;;ganz;alle gesuchten Ergebnisse mit gleicher Handlung
binomialverteilung-e2-k1-s9-v3;2019-be-gk-B4.1a;4;;ganz;alle gesuchten Ergebnisse mit gleicher Handlung
binomialverteilung-e2-k1-s9-v4;2019-be-gk-B4.1a;4;;ganz;alle gesuchten Ergebnisse mit gleicher Handlung
vierfeldertafel-e2-k1-s1-v5;2019-be-gk-B4.1c;2;;ganz;alle gesuchten Ergebnisse mit gleicher Handlung
unabhaengigkeit-e1-k2-s3-v1;2019-be-gk-B4.1d;5;;ganz;alle gesuchten Ergebnisse mit gleicher Handlung
schnittmengen-e1-k2-s1-v5;2019MerhoehtAAGLAA21-a;3;;ganz;alle gesuchten Ergebnisse mit gleicher Handlung
vektoren-und-rechenoperationen-e2-k1-s6-v1;2019MerhoehtAAGLAA21-b;2;;unklar;nur P2 eintragen, Original zeichnet S, P1 und P2
lagebeziehungen-e2-k1-s5-v1;2019MerhoehtAAGLAA22-a;2;;ganz;alle gesuchten Ergebnisse mit gleicher Handlung
lagebeziehungen-e2-k1-s5-v2;2019MerhoehtAAGLAA22-a;2;;ganz;alle gesuchten Ergebnisse mit gleicher Handlung
lagebeziehungen-e3-k1-s5-v1;2019MerhoehtAAGLAA22-b;3;;ganz;alle gesuchten Ergebnisse mit gleicher Handlung
geraden-e2-k1-s3-v1;2019MgrundlegendAAGLAA211-a;2;;ganz;eine Koordinate mehr, gleicher Weg über den Parameter
geraden-e2-k1-s3-v2;2019MgrundlegendAAGLAA211-a;2;;ganz;eine Koordinate mehr, gleicher Weg über den Parameter
geraden-e2-k1-s3-v3;2019MgrundlegendAAGLAA211-a;2;;ganz;eine Koordinate mehr, gleicher Weg über den Parameter
abstaende-e1-k2-s7-v3;2019MgrundlegendAAGLAA211-b;3;;ganz;alle gesuchten Ergebnisse mit gleicher Handlung
abstaende-e1-k2-s7-v4;2019MgrundlegendAAGLAA211-b;3;;ganz;alle gesuchten Ergebnisse mit gleicher Handlung
orthogonalitaet-e1-k4-s5-v3;2019MgrundlegendAAGLAA212-a;2;;ganz;alle gesuchten Ergebnisse mit gleicher Handlung
orthogonalitaet-e1-k4-s5-v4;2019MgrundlegendAAGLAA212-a;2;;ganz;alle gesuchten Ergebnisse mit gleicher Handlung
flaecheninhalt-und-volumen-im-raum-e3-k1-s5-v3;2019MgrundlegendAAGLAA212-b;3;;unklar;Seitenlängen vorgegeben, Original berechnet sie aus Koordinaten
geraden-e2-k1-s4-v1;2019MgrundlegendAAGLAA22-a;2;;ganz;alle gesuchten Ergebnisse mit gleicher Handlung
geraden-e2-k1-s4-v2;2019MgrundlegendAAGLAA22-a;2;;ganz;alle gesuchten Ergebnisse mit gleicher Handlung
geraden-e2-k1-s4-v3;2019MgrundlegendAAGLAA22-a;2;;ganz;alle gesuchten Ergebnisse mit gleicher Handlung
abstaende-e4-k1-s5-v2;2019MgrundlegendAAGLAA22-b;3;;ganz;alle gesuchten Ergebnisse mit gleicher Handlung
gleichungen-loesen-e1-k1-s3-v2;2019MgrundlegendAAnalysis12-a;2;;ganz;alle gesuchten Ergebnisse mit gleicher Handlung
gleichungen-loesen-e1-k1-s3-v3;2019MgrundlegendAAnalysis12-a;2;;ganz;alle gesuchten Ergebnisse mit gleicher Handlung
ableitung-und-aenderungsrate-e4-k1-s3-v1;2019MgrundlegendAAnalysis12-b;3;;ganz;alle gesuchten Ergebnisse mit gleicher Handlung
tangente-normale-schnittwinkel-e5-k1-s6-v3;2019MgrundlegendAAnalysis2-b;4;;ganz;alle gesuchten Ergebnisse mit gleicher Handlung
punkte-und-strecken-im-koordinatensystem-e1-k1-s2-v2;2019MgrundlegendBAGLAA2WTR1-1a;2;;ganz;alle gesuchten Ergebnisse mit gleicher Handlung
schnittmengen-e2-k1-s5-v3;2019MgrundlegendBAGLAA2WTR1-1f;5;;ganz;alle gesuchten Ergebnisse mit gleicher Handlung
schnittmengen-e2-k1-s5-v4;2019MgrundlegendBAGLAA2WTR1-1f;5;;ganz;alle gesuchten Ergebnisse mit gleicher Handlung
spiegelung-e3-k1-s3-v3;2019MgrundlegendBAGLAA2WTR2-1b;2;;ganz;alle gesuchten Ergebnisse mit gleicher Handlung
lagebeziehungen-e1-k2-s6-v2;2019MgrundlegendBAGLAA2WTR2-1c;3;;ganz;alle gesuchten Ergebnisse mit gleicher Handlung
vektoren-und-rechenoperationen-e3-k1-s2-v1;2019MgrundlegendBAGLAA2WTR2-1d;1;;ganz;alle gesuchten Ergebnisse mit gleicher Handlung
vektoren-und-rechenoperationen-e3-k1-s3-v1;2019MgrundlegendBAGLAA2WTR2-1e;3;;ganz;alle gesuchten Ergebnisse mit gleicher Handlung
vektoren-und-rechenoperationen-e3-k1-s3-v2;2019MgrundlegendBAGLAA2WTR2-1e;3;;ganz;alle gesuchten Ergebnisse mit gleicher Handlung
punkte-und-strecken-im-koordinatensystem-e5-k1-s6-v1;2019MgrundlegendBAGLAA2WTR2-1f;3;;ganz;alle gesuchten Ergebnisse mit gleicher Handlung
punkte-und-strecken-im-koordinatensystem-e5-k1-s6-v2;2019MgrundlegendBAGLAA2WTR2-1f;3;;ganz;alle gesuchten Ergebnisse mit gleicher Handlung
punkte-und-strecken-im-koordinatensystem-e5-k1-s6-v3;2019MgrundlegendBAGLAA2WTR2-1f;3;;ganz;alle gesuchten Ergebnisse mit gleicher Handlung
schnittmengen-e1-k2-s4-v2;2019MgrundlegendBAGLAA2WTR2-1g;5;;teil;nur der Schattenpunkt, Original verlangt auch die Zeichnung
ableitung-und-aenderungsrate-e1-k1-s3-v3;2019MgrundlegendBAnalysisWTR1-1d;3;;ganz;alle gesuchten Ergebnisse mit gleicher Handlung
tangente-normale-schnittwinkel-e2-k1-s9-v3;2019MgrundlegendBAnalysisWTR1-2a;3;;ganz;alle gesuchten Ergebnisse mit gleicher Handlung
tangente-normale-schnittwinkel-e2-k1-s9-v4;2019MgrundlegendBAnalysisWTR1-2a;3;;ganz;alle gesuchten Ergebnisse mit gleicher Handlung
gleichungen-loesen-e3-k1-s2-v1;2019MgrundlegendBAnalysisWTR1-2d;3;;ganz;alle gesuchten Ergebnisse mit gleicher Handlung
gleichungen-loesen-e3-k1-s2-v2;2019MgrundlegendBAnalysisWTR1-2d;3;;ganz;alle gesuchten Ergebnisse mit gleicher Handlung
gleichungen-loesen-e3-k1-s2-v3;2019MgrundlegendBAnalysisWTR1-2d;3;;ganz;alle gesuchten Ergebnisse mit gleicher Handlung
flaecheninhalt-durch-integration-e5-k1-s8-v5;2019MgrundlegendBAnalysisWTR1-2e;4;;ganz;alle gesuchten Ergebnisse mit gleicher Handlung
flaecheninhalt-durch-integration-e5-k1-s8-v6;2019MgrundlegendBAnalysisWTR1-2e;4;;ganz;alle gesuchten Ergebnisse mit gleicher Handlung
gleichungen-loesen-e1-k1-s10-v1;2019MgrundlegendBAnalysisWTR1-3b;4;;ganz;alle gesuchten Ergebnisse mit gleicher Handlung
gleichungen-loesen-e1-k1-s10-v2;2019MgrundlegendBAnalysisWTR1-3b;4;;ganz;alle gesuchten Ergebnisse mit gleicher Handlung
gleichungen-loesen-e1-k1-s10-v3;2019MgrundlegendBAnalysisWTR1-3b;4;;ganz;alle gesuchten Ergebnisse mit gleicher Handlung
stammfunktion-und-hauptsatz-e3-k1-s4-v3;2019MgrundlegendBAnalysisWTR2-1e;3;;ganz;alle gesuchten Ergebnisse mit gleicher Handlung
extremalprobleme-e1-k1-s2-v3;2019MgrundlegendBAnalysisWTR2-1f;2;;ganz;alle gesuchten Ergebnisse mit gleicher Handlung
extremalprobleme-e1-k1-s4-v1;2019MgrundlegendBAnalysisWTR2-1h;4;;unklar;Bank verlangt zusätzlich die Schenkellänge
extremalprobleme-e1-k1-s4-v2;2019MgrundlegendBAnalysisWTR2-1h;4;;unklar;Bank verlangt zusätzlich die Schenkellänge
extremalprobleme-e1-k1-s4-v3;2019MgrundlegendBAnalysisWTR2-1h;4;;unklar;Bank verlangt zusätzlich die Schenkellänge
extremalprobleme-e3-k1-s7-v1;2019MgrundlegendBAnalysisWTR2-1i;5;;ganz;Parameter für den größten Trapezinhalt bei gegebenem Flächenterm
extremalprobleme-e3-k1-s7-v2;2019MgrundlegendBAnalysisWTR2-1i;5;;unklar;Bank verlangt zusätzlich den größten Inhalt
extremalprobleme-e3-k1-s7-v3;2019MgrundlegendBAnalysisWTR2-1i;5;;ganz;Parameter für den größten Trapezinhalt bei gegebenem Flächenterm
punkte-und-strecken-im-koordinatensystem-e3-k1-s7-v1;2019MgrundlegendBAnalysisWTR2-1j;4;;ganz;alle gesuchten Ergebnisse mit gleicher Handlung
punkte-und-strecken-im-koordinatensystem-e3-k1-s7-v2;2019MgrundlegendBAnalysisWTR2-1j;4;;ganz;alle gesuchten Ergebnisse mit gleicher Handlung
punkte-und-strecken-im-koordinatensystem-e3-k1-s7-v3;2019MgrundlegendBAnalysisWTR2-1j;4;;ganz;alle gesuchten Ergebnisse mit gleicher Handlung
ableitung-und-aenderungsrate-e1-k1-s10-v3;2019MgrundlegendBAnalysisWTR2-2d;4;;ganz;alle gesuchten Ergebnisse mit gleicher Handlung
ableitung-und-aenderungsrate-e1-k1-s10-v4;2019MgrundlegendBAnalysisWTR2-2d;4;;ganz;alle gesuchten Ergebnisse mit gleicher Handlung
binomialverteilung-e4-k1-s6-v1;2019MgrundlegendBStochastikWTR1-1b;4;;ganz;alle gesuchten Ergebnisse mit gleicher Handlung
binomialverteilung-e4-k1-s6-v2;2019MgrundlegendBStochastikWTR1-1b;4;;ganz;alle gesuchten Ergebnisse mit gleicher Handlung
zufallsexperimente-und-pfadregeln-e2-k1-s8-v1;2019MgrundlegendBStochastikWTR2-3b;3;;ganz;alle gesuchten Ergebnisse mit gleicher Handlung
zufallsexperimente-und-pfadregeln-e2-k1-s8-v2;2019MgrundlegendBStochastikWTR2-3b;3;;ganz;alle gesuchten Ergebnisse mit gleicher Handlung
tangente-normale-schnittwinkel-e1-k1-s2-v1;2020-A-1d;2;;unklar;Bank verlangt zusätzlich die Tangentengleichung
extremalprobleme-e2-k1-s7-v3;2020-A-1f;8;;teil;nur der Nachweis der Zielfunktion, Original verlangt auch das Maximum
extremalprobleme-e2-k1-s7-v4;2020-A-1f;8;;teil;nur die Zielfunktion, Original verlangt auch das Maximum
gleichungen-loesen-e1-k1-s4-v2;2020-A-2a;4;;ganz;alle gesuchten Ergebnisse mit gleicher Handlung
kombinatorik-e1-k1-s7-v1;2020-A-3e;6;;ganz;alle gesuchten Ergebnisse mit gleicher Handlung
kombinatorik-e1-k1-s7-v2;2020-A-3e;6;;ganz;alle gesuchten Ergebnisse mit gleicher Handlung
grenzwerte-und-verhalten-im-unendlichen-e1-k2-s3-v3;2020-C-1a;3;;teil;nur das Verhalten im Unendlichen, ohne Symmetrie
grenzwerte-und-verhalten-im-unendlichen-e1-k2-s5-v2;2020-C-1a;3;;teil;nur die Symmetrie, ohne Verhalten im Unendlichen
kurvenuntersuchung-e3-k1-s10-v5;2020-C-1d;9;;ganz;alle gesuchten Ergebnisse mit gleicher Handlung
kurvenuntersuchung-e3-k1-s10-v6;2020-C-1d;9;;ganz;alle gesuchten Ergebnisse mit gleicher Handlung
rekonstruktion-von-funktionsgleichungen-e1-k1-s8-v3;2020-C-2a;4;;ganz;alle gesuchten Ergebnisse mit gleicher Handlung
rekonstruktion-von-funktionsgleichungen-e1-k1-s8-v4;2020-C-2a;4;;ganz;alle gesuchten Ergebnisse mit gleicher Handlung
rotationsvolumen-e1-k1-s2-v1;2020-C-2b;5;;ganz;alle gesuchten Ergebnisse mit gleicher Handlung
extremalprobleme-e1-k1-s2-v1;2020-C-2c;4;;ganz;alle gesuchten Ergebnisse mit gleicher Handlung
daten-e6-k1-s5-v3;2020-C-3b;3;;ganz;alle gesuchten Ergebnisse mit gleicher Handlung
daten-e6-k1-s7-v1;2020-C-3c;6;;ganz;alle gesuchten Ergebnisse mit gleicher Handlung
daten-e6-k1-s6-v2;2020-C-3e;2;;ganz;alle gesuchten Ergebnisse mit gleicher Handlung
prozentrechnung-e1-k1-s7-v1;2020-OS-B1a;1;nein;ganz;alle gesuchten Ergebnisse mit gleicher Handlung
prozentrechnung-e1-k1-s7-v2;2020-OS-B1a;1;nein;ganz;alle gesuchten Ergebnisse mit gleicher Handlung
symmetrie-abbildungen-basis-k2-v1;2020-OS-B1b;1;nein;ganz;alle gesuchten Ergebnisse mit gleicher Handlung
symmetrie-abbildungen-basis-k2-v10;2020-OS-B1b;1;nein;ganz;alle gesuchten Ergebnisse mit gleicher Handlung
symmetrie-abbildungen-basis-k2-v2;2020-OS-B1b;1;nein;ganz;alle gesuchten Ergebnisse mit gleicher Handlung
symmetrie-abbildungen-basis-k2-v3;2020-OS-B1b;1;nein;ganz;alle gesuchten Ergebnisse mit gleicher Handlung
symmetrie-abbildungen-basis-k2-v4;2020-OS-B1b;1;nein;ganz;alle gesuchten Ergebnisse mit gleicher Handlung
symmetrie-abbildungen-basis-k2-v5;2020-OS-B1b;1;nein;ganz;alle gesuchten Ergebnisse mit gleicher Handlung
symmetrie-abbildungen-basis-k2-v6;2020-OS-B1b;1;nein;ganz;alle gesuchten Ergebnisse mit gleicher Handlung
symmetrie-abbildungen-basis-k2-v7;2020-OS-B1b;1;nein;ganz;alle gesuchten Ergebnisse mit gleicher Handlung
symmetrie-abbildungen-basis-k2-v8;2020-OS-B1b;1;nein;ganz;alle gesuchten Ergebnisse mit gleicher Handlung
symmetrie-abbildungen-basis-k2-v9;2020-OS-B1b;1;nein;ganz;alle gesuchten Ergebnisse mit gleicher Handlung
symmetrie-abbildungen-e1-k2-s8-v1;2020-OS-B1b;1;nein;ganz;alle gesuchten Ergebnisse mit gleicher Handlung
symmetrie-abbildungen-e1-k2-s8-v2;2020-OS-B1b;1;nein;ganz;alle gesuchten Ergebnisse mit gleicher Handlung
trigonometrie-e1-k3-s16-v13;2020-OS-B1c;1;nein;ganz;Tangens als Seitenverhältnis angeben wie im Original
trigonometrie-e1-k3-s16-v14;2020-OS-B1c;1;nein;ganz;Tangens als Seitenverhältnis angeben wie im Original
potenzen-wurzeln-e3-k2-s10-v1;2020-OS-B1d;1;nein;ganz;Quadratseite aus Fläche wie im Original
potenzen-wurzeln-e3-k2-s10-v2;2020-OS-B1d;1;nein;ganz;Quadratseite aus Fläche wie im Original
potenzen-wurzeln-e3-k2-s10-v3;2020-OS-B1d;1;nein;ganz;Quadratseite aus Fläche wie im Original
lineare-gleichungen-e2-k3-s9-v1;2020-OS-B1e;1;nein;ganz;Klammergleichung mit einer Lösung wie im Original, dazu die Probe
lineare-gleichungen-e2-k3-s9-v2;2020-OS-B1e;1;nein;ganz;gleiche Klammergleichung lösen, Probe als kleiner Zusatz
brueche-dezimalzahlen-basis-k3-v1;2020-OS-B1f;1;nein;ganz;Mitte zweier Zahlen wie im Original
brueche-dezimalzahlen-basis-k3-v10;2020-OS-B1f;1;nein;ganz;Mitte zweier Zahlen wie im Original
brueche-dezimalzahlen-basis-k3-v2;2020-OS-B1f;1;nein;ganz;Mitte zweier Zahlen wie im Original
brueche-dezimalzahlen-basis-k3-v3;2020-OS-B1f;1;nein;ganz;Mitte zweier Zahlen, hier positive Dezimalzahlen
brueche-dezimalzahlen-basis-k3-v4;2020-OS-B1f;1;nein;ganz;Mitte zweier Zahlen wie im Original
brueche-dezimalzahlen-basis-k3-v5;2020-OS-B1f;1;nein;ganz;Mitte zweier Zahlen wie im Original
brueche-dezimalzahlen-basis-k3-v6;2020-OS-B1f;1;nein;ganz;Mitte zweier Zahlen wie im Original
brueche-dezimalzahlen-basis-k3-v7;2020-OS-B1f;1;nein;ganz;Mitte zweier Zahlen wie im Original
brueche-dezimalzahlen-basis-k3-v8;2020-OS-B1f;1;nein;ganz;Mitte zweier Zahlen wie im Original
brueche-dezimalzahlen-basis-k3-v9;2020-OS-B1f;1;nein;ganz;Mitte zweier Zahlen wie im Original
brueche-dezimalzahlen-e5-k2-s10-v10;2020-OS-B1f;1;nein;ganz;Mitte zweier negativer Dezimalzahlen wie im Original
brueche-dezimalzahlen-e5-k2-s10-v9;2020-OS-B1f;1;nein;ganz;Mitte zweier negativer Dezimalzahlen wie im Original
winkel-dreiecke-e2-k2-s6-v1;2020-OS-B1g;1;nein;ganz;Winkel an Parallelen angeben, gleiche Fertigkeit
potenzen-wurzeln-e1-k3-s15-v1;2020-OS-B1h;1;nein;ganz;Exponent einer Zweierpotenz angeben
potenzen-wurzeln-e1-k3-s15-v2;2020-OS-B1h;1;nein;ganz;Exponent einer Zweierpotenz angeben
winkel-dreiecke-basis-k1-v1;2020-OS-B1i;1;nein;ganz;Dreiecksungleichung ankreuzen wie im Original
winkel-dreiecke-basis-k1-v10;2020-OS-B1i;1;nein;ganz;Dreiecksungleichung ankreuzen, andere Fragestellung
winkel-dreiecke-basis-k1-v2;2020-OS-B1i;1;nein;ganz;Dreiecksungleichung ankreuzen, andere Fragestellung
winkel-dreiecke-basis-k1-v3;2020-OS-B1i;1;nein;ganz;Dreiecksungleichung ankreuzen wie im Original
winkel-dreiecke-basis-k1-v4;2020-OS-B1i;1;nein;ganz;Dreiecksungleichung ankreuzen, andere Fragestellung
winkel-dreiecke-basis-k1-v5;2020-OS-B1i;1;nein;ganz;Dreiecksungleichung ankreuzen wie im Original
winkel-dreiecke-basis-k1-v6;2020-OS-B1i;1;nein;ganz;Dreiecksungleichung ankreuzen, andere Fragestellung
winkel-dreiecke-basis-k1-v7;2020-OS-B1i;1;nein;ganz;Dreiecksungleichung ankreuzen wie im Original
winkel-dreiecke-basis-k1-v8;2020-OS-B1i;1;nein;ganz;Dreiecksungleichung ankreuzen, andere Fragestellung
winkel-dreiecke-basis-k1-v9;2020-OS-B1i;1;nein;ganz;Dreiecksungleichung ankreuzen wie im Original
winkel-dreiecke-e4-k1-s10-v1;2020-OS-B1i;1;nein;ganz;Dreiecksungleichung ankreuzen wie im Original
winkel-dreiecke-e4-k1-s10-v2;2020-OS-B1i;1;nein;ganz;Dreiecksungleichung ankreuzen wie im Original
trigonometrie-basis-k1-v1;2020-OS-B1j;1;nein;ganz;x im Nenner, gleiches Umstellen
trigonometrie-basis-k1-v10;2020-OS-B1j;1;nein;ganz;x im Nenner, gleiches Umstellen
trigonometrie-basis-k1-v2;2020-OS-B1j;1;nein;ganz;x im Nenner, gleiches Umstellen
trigonometrie-basis-k1-v3;2020-OS-B1j;1;nein;ganz;x im Nenner, gleiches Umstellen
trigonometrie-basis-k1-v4;2020-OS-B1j;1;nein;ganz;x im Nenner, gleiches Umstellen
trigonometrie-basis-k1-v5;2020-OS-B1j;1;nein;ganz;x im Nenner, gleiches Umstellen
trigonometrie-basis-k1-v6;2020-OS-B1j;1;nein;unklar;x im Zähler, nur Multiplizieren statt Umstellen
trigonometrie-basis-k1-v7;2020-OS-B1j;1;nein;unklar;x im Zähler, nur Multiplizieren statt Umstellen
trigonometrie-basis-k1-v8;2020-OS-B1j;1;nein;unklar;x im Zähler, nur Multiplizieren statt Umstellen
trigonometrie-basis-k1-v9;2020-OS-B1j;1;nein;ganz;x im Nenner, gleiches Umstellen
trigonometrie-e1-k3-s16-v10;2020-OS-B1j;1;nein;ganz;x im Nenner, gleiches Umstellen
trigonometrie-e1-k3-s16-v9;2020-OS-B1j;1;nein;ganz;x im Nenner, gleiches Umstellen
daten-e2-k2-s7-v2;2020-OS-K2a;1;nein;ganz;Balken mit gegebenem Wert ergänzen
daten-e2-k2-s4-v2;2020-OS-K2b;1;nein;ganz;Tage über Schwelle auswählen wie im Original
daten-e4-k1-s8-v1;2020-OS-K2c;2;nein;ganz;Mittelwert aus Diagramm und Text wie im Original
daten-e4-k1-s12-v2;2020-OS-K2d;2;nein;ganz;beide Aussagen rechnerisch prüfen
lineare-gleichungen-e4-k1-s6-v1;2020-OS-K2e;3;ja;ganz;Gleichung aufstellen und lösen wie im Original
lineare-gleichungen-e4-k1-s6-v2;2020-OS-K2e;3;ja;ganz;Gleichung aufstellen und lösen wie im Original
quadratische-funktionen-e2-k1-s14-v1;2020-OS-K3d;3;ja;ganz;Spiegelbild skizzieren und Gleichung angeben
quadratische-funktionen-e2-k1-s14-v2;2020-OS-K3d;3;ja;ganz;Spiegelbild skizzieren und Gleichung angeben
quadratische-gleichungen-e2-k1-s10-v3;2020-OS-K3e;3;ja;ganz;Nullstellen mit Streckfaktor, Weg per Hinweis vorgegeben
quadratische-gleichungen-e2-k1-s10-v4;2020-OS-K3e;3;ja;ganz;Nullstellen mit Streckfaktor, Weg per Hinweis vorgegeben
quadratische-gleichungen-e3-k3-s13-v1;2020-OS-K3e;3;ja;ganz;Nullstellen nach Normieren wie im Original
quadratische-gleichungen-e3-k3-s13-v2;2020-OS-K3e;3;ja;ganz;Nullstellen nach Normieren wie im Original
potenz-exponentialfunktionen-e2-k2-s8-v3;2020-OS-K4a;2;nein;ganz;Startwert und Folgewert in Tabelle ergänzen
potenz-exponentialfunktionen-e2-k2-s8-v4;2020-OS-K4a;2;nein;ganz;Startwert und Folgewert in Tabelle ergänzen
potenz-exponentialfunktionen-e4-k1-s9-v1;2020-OS-K4b;3;nein;ganz;Verdopplungszeit ablesen und Vorgehen beschreiben
potenz-exponentialfunktionen-e4-k1-s9-v2;2020-OS-K4b;3;nein;ganz;Verdopplungszeit ablesen und Vorgehen beschreiben
potenz-exponentialfunktionen-e3-k2-s8-v3;2020-OS-K4c;3;ja;ganz;beide Vorhersagen berechnen und vergleichen
potenz-exponentialfunktionen-e3-k2-s8-v4;2020-OS-K4c;3;ja;ganz;beide Vorhersagen berechnen und vergleichen
trigonometrie-e3-k1-s17-v3;2020-OS-K5b;3;nein;ganz;Winkel im Trapez über Hilfsdreieck
trigonometrie-e3-k1-s17-v4;2020-OS-K5b;3;nein;ganz;Winkel im Trapez über Hilfsdreieck
wahrscheinlichkeit-e1-k1-s7-v1;2020-OS-K6a;3;nein;teil;nur Paare aufzählen, Original verlangt auch Wahrscheinlichkeit
wahrscheinlichkeit-e3-k3-s9-v2;2020-OS-K6b;3;nein;ganz;Entscheidung mit Begründung über Wahrscheinlichkeiten
bruchrechnung-e1-k3-s8-v5;2020-OS-K6c;3;ja;teil;nur Pfadwahrscheinlichkeiten addieren, ohne Baum
bruchrechnung-e1-k3-s8-v6;2020-OS-K6c;3;ja;teil;nur Pfadwahrscheinlichkeiten addieren, ohne Baum
wahrscheinlichkeit-e3-k3-s11-v1;2020-OS-K6c;3;ja;ganz;Baum beschriften und mindestens zwei Treffer berechnen
wahrscheinlichkeit-e3-k3-s11-v2;2020-OS-K6c;3;ja;ganz;Baum beschriften und mindestens zwei Treffer berechnen
pythagoras-e1-k2-s12-v1;2020-OS-K7a;2;nein;ganz;Hypotenuse aus zwei Katheten wie im Original
pythagoras-e1-k2-s12-v2;2020-OS-K7a;2;nein;ganz;Hypotenuse aus zwei Katheten wie im Original
flaechen-e3-k1-s7-v1;2020-OS-K7b;2;nein;ganz;Grundseite aus Dreiecksfläche wie im Original
flaechen-e3-k1-s7-v2;2020-OS-K7b;2;nein;ganz;Grundseite aus Dreiecksfläche wie im Original
trigonometrie-e4-k1-s16-v10;2020-OS-K7c;3;ja;ganz;Winkelsumme, Sinussatz und Differenz wie im Original
trigonometrie-e4-k1-s16-v9;2020-OS-K7c;3;ja;ganz;Winkelsumme, Sinussatz und Differenz wie im Original
trigonometrische-funktionen-e1-k1-s13-v2;2020-OS-K7c;3;ja;teil;nur Sinussatz-Schritt, ohne Winkelsumme und Differenz
stammfunktion-und-hauptsatz-e1-k1-s2-v1;2020-be-gk-A1.1a;1;;ganz;f durch Ableiten der Stammfunktion
stammfunktion-und-hauptsatz-e1-k1-s2-v2;2020-be-gk-A1.1a;1;;ganz;f durch Ableiten der Stammfunktion
stammfunktion-und-hauptsatz-e1-k1-s2-v3;2020-be-gk-A1.1a;1;;ganz;f durch Ableiten, hier e-Funktion
rekonstruktion-von-funktionsgleichungen-e2-k1-s3-v1;2020-be-gk-A1.2a;5;;ganz;quadratische Funktion aus Ursprung und Tangente
geraden-e2-k1-s6-v1;2020-be-gk-A1.3a;3;;ganz;Kollinearität dreier Punkte nachweisen
geraden-e2-k1-s6-v2;2020-be-gk-A1.3a;3;;ganz;Kollinearität dreier Punkte nachweisen
geraden-e2-k1-s6-v3;2020-be-gk-A1.3a;3;;ganz;Kollinearität untersuchen, hier mit negativem Befund
punkte-und-strecken-im-koordinatensystem-e2-k1-s7-v1;2020-be-gk-A1.3b;2;;ganz;zweiten Punkt mit gleichem Abstand angeben
punkte-und-strecken-im-koordinatensystem-e2-k1-s7-v2;2020-be-gk-A1.3b;2;;ganz;zweiten Punkt mit gleichem Abstand angeben
punkte-und-strecken-im-koordinatensystem-e2-k1-s7-v3;2020-be-gk-A1.3b;2;;ganz;zweiten Punkt mit gleichem Abstand angeben
ableitungsregeln-e3-k1-s3-v3;2020-be-gk-B2.1c;4;;ganz;Ableitung nachweisen und Extrempunkt berechnen
tangente-normale-schnittwinkel-e4-k1-s3-v1;2020-be-gk-B2.1f;4;;ganz;Tangentengleichung und Schnittwinkel wie im Original
stammfunktion-und-hauptsatz-e1-k1-s5-v3;2020-be-gk-B2.1h;3;;teil;nur H aus der Wertebedingung, Original verlangt auch den Nachweis von F zu beschreiben
gleichungen-loesen-e1-k1-s11-v1;2020-be-gk-B2.2b;5;;teil;nur Termgleichheit, Grenzverhalten fehlt
gleichungen-loesen-e1-k1-s11-v2;2020-be-gk-B2.2b;5;;teil;nur Termgleichheit, Grenzverhalten fehlt
gleichungen-loesen-e1-k1-s11-v3;2020-be-gk-B2.2b;5;;teil;nur Termgleichheit, Grenzverhalten fehlt
kurvenuntersuchung-e4-k1-s5-v1;2020-be-gk-B2.2d;4;;ganz;dieselben Ergebnisse mit gleicher Handlung
flaecheninhalt-durch-integration-e3-k1-s6-v3;2020-be-gk-B2.2g;5;;ganz;Dreieck minus Integral mal Breite, Tangente als Zusatz
flaecheninhalt-durch-integration-e3-k1-s6-v4;2020-be-gk-B2.2g;5;;ganz;Dreieck minus Integral mal Breite, Tangente als Zusatz
ebenen-e2-k1-s4-v1;2020-be-gk-B3.1a;3;;ganz;Koordinatenform aus Parameterform
schnittmengen-e3-k1-s1-v5;2020-be-gk-B3.1b;2;;ganz;drei Spurpunkte auf den Achsen
schnittmengen-e3-k1-s7-v1;2020-be-gk-B3.1d;4;;ganz;Nichtparallelität begründen und Schnittgerade bestimmen
schnittmengen-e3-k1-s7-v2;2020-be-gk-B3.1d;4;;ganz;Nichtparallelität begründen und Schnittgerade bestimmen
punkte-und-strecken-im-koordinatensystem-e3-k1-s2-v2;2020-be-gk-B3.2a;4;;teil;nur Seitenlängenprüfung, Eckpunkte H und G fehlen
punkte-und-strecken-im-koordinatensystem-e5-k1-s2-v3;2020-be-gk-B3.2a;4;;teil;nur Eckpunkte G und H, Dreiecksprüfung fehlt
ebenen-e2-k1-s6-v1;2020-be-gk-B3.2b;4;;ganz;Parameter- und Koordinatenform der Ebene
ebenen-e4-k1-s4-v1;2020-be-gk-B3.2c;4;;ganz;parallele Ebene und größte Höhe, Angeben statt Begründen
zufallsexperimente-und-pfadregeln-e3-k1-s9-v5;2020-be-gk-B4.1f;3;;ganz;Behauptung über die Pfade widerlegen
zufallsexperimente-und-pfadregeln-e3-k1-s9-v6;2020-be-gk-B4.1f;3;;ganz;Behauptung über die Pfade widerlegen
bedingte-wahrscheinlichkeit-und-bayes-e2-k1-s1-v5;2020-be-gk-B4.2f;3;;ganz;bedingte Wahrscheinlichkeit rückwärts wie im Original
punkte-und-strecken-im-koordinatensystem-e5-k1-s5-v1;2020MerhoehtAAGLAA211-a;2;;ganz;Randpunkt der Grundfläche nachweisen
punkte-und-strecken-im-koordinatensystem-e5-k1-s5-v2;2020MerhoehtAAGLAA211-a;2;;ganz;Randpunkt der Grundfläche nachweisen
punkte-und-strecken-im-koordinatensystem-e5-k1-s5-v3;2020MerhoehtAAGLAA211-a;2;;ganz;Randpunkt prüfen, hier mit negativem Befund
abstaende-e1-k2-s3-v1;2020MerhoehtAAGLAA211-b;3;;ganz;nächsten und fernsten Punkt bestimmen
lagebeziehungen-e4-k1-s1-v5;2020MerhoehtAAGLAA212;5;;ganz;Schattenpunkt berechnen und Wandmaße prüfen
ebenen-e3-k1-s2-v1;2020MerhoehtAAGLAA22-a;1;;ganz;Parallelität zur x-Achse begründen
lagebeziehungen-e3-k1-s6-v3;2020MerhoehtAAGLAA22-b;4;;ganz;Parameterwerte über Lage der Ecken zur Ebene
lagebeziehungen-e3-k1-s6-v4;2020MerhoehtAAGLAA22-b;4;;ganz;Parameterwerte über Lage der Ecken zur Ebene
extremalprobleme-e1-k1-s3-v1;2020MerhoehtAAnalysis11-a;2;;ganz;Flächenterm des Dreiecks begründen wie im Original
extremalprobleme-e1-k1-s3-v2;2020MerhoehtAAnalysis11-a;2;;ganz;Flächenterm des Dreiecks begründen wie im Original
extremalprobleme-e1-k1-s3-v3;2020MerhoehtAAnalysis11-a;2;;ganz;Flächenterm des Dreiecks begründen wie im Original
extremalprobleme-e2-k1-s7-v1;2020MerhoehtAAnalysis11-a;2;;ganz;Dreiecksflächenterm aus Grundseite und Höhe begründet
extremalprobleme-e2-k1-s7-v2;2020MerhoehtAAnalysis11-a;2;;ganz;Dreiecksflächenterm aus Grundseite und Höhe begründet
funktionsscharen-und-ortskurven-e3-k1-s2-v1;2020MerhoehtAAnalysis13-a;2;;ganz;Hochpunktstelle der Schar mit gleichem Weg
funktionsscharen-und-ortskurven-e4-k1-s8-v5;2020MerhoehtAAnalysis21-b;4;;ganz;Stammfunktionen mit Skizzen nach Vorzeichen untersuchen
funktionsscharen-und-ortskurven-e4-k1-s8-v6;2020MerhoehtAAnalysis21-b;4;;ganz;Stammfunktionen mit Skizzen nach Vorzeichen untersuchen
ableitungsregeln-e2-k1-s5-v1;2020MerhoehtAAnalysis22;5;;ganz;Tangente an Verkettung über Kettenregel am Tiefpunkt
ableitungsregeln-e2-k1-s5-v2;2020MerhoehtAAnalysis22;5;;ganz;Tangente an Verkettung über Kettenregel am Tiefpunkt
kombinatorik-e2-k1-s7-v1;2020MerhoehtAStochastik22-a;2;;ganz;beide Faktoren im Sachzusammenhang gedeutet
kombinatorik-e3-k1-s4-v1;2020MerhoehtAStochastik22-b;3;;ganz;Zerlegungen mit Schranken und Zuordnungen gezählt
matrizen-und-uebergangsprozesse-e1-k1-s7-v3;2020MgrundlegendAAGLAA12;5;;ganz;alle ganzzahligen Tupel aus dem Matrixquadrat
matrizen-und-uebergangsprozesse-e1-k1-s7-v4;2020MgrundlegendAAGLAA12;5;;ganz;alle ganzzahligen Tupel aus dem Matrixquadrat
orthogonalitaet-e3-k1-s2-v1;2020MgrundlegendAAGLAA211-a;2;;ganz;gerades Prisma über Normalenvektor begründen
ebenen-e4-k1-s5-v1;2020MgrundlegendAAGLAA211-b;3;;ganz;parallele Ebene aus Volumenverhältnis mit gleichem Weg
ebenen-e4-k1-s5-v2;2020MgrundlegendAAGLAA211-b;3;;ganz;parallele Ebene aus Volumenverhältnis mit gleichem Weg
flaecheninhalt-und-volumen-im-raum-e3-k1-s6-v4;2020MgrundlegendAAGLAA212-a;3;;ganz;Pyramidenvolumen mit Pythagoras wie im Original
flaecheninhalt-und-volumen-im-raum-e3-k1-s6-v5;2020MgrundlegendAAGLAA212-a;3;;ganz;Pyramidenvolumen mit Pythagoras wie im Original
punkte-und-strecken-im-koordinatensystem-e5-k1-s2-v1;2020MgrundlegendAAGLAA212-b;2;;ganz;Eckpunktkoordinaten eines Körpers wählen
kurvenuntersuchung-e2-k2-s4-v1;2020MgrundlegendAAnalysis11-a;3;;ganz;beide Extremstellen mit Vorzeichenwechsel nachweisen
rekonstruktion-von-funktionsgleichungen-e2-k1-s3-v2;2020MgrundlegendAAnalysis12;5;;ganz;quadratische Funktion aus Ursprung und Tangente
vierfeldertafel-e2-k1-s3-v1;2020MgrundlegendAStochastik12-a;3;;ganz;Anteil aus Anteilen und bedingtem Anteil
binomialverteilung-e3-k1-s9-v7;2020MgrundlegendAStochastik2-b;3;;ganz;Aufgabenstellung zum Ansatz formulieren
binomialverteilung-e3-k1-s9-v8;2020MgrundlegendAStochastik2-b;3;;ganz;Aufgabenstellung zum Ansatz formulieren
punkte-und-strecken-im-koordinatensystem-e4-k1-s4-v2;2020MgrundlegendBAGLAA1WTR-2a;3;;ganz;Raute nachweisen und Quadrat ausschließen
punkte-und-strecken-im-koordinatensystem-e4-k1-s4-v3;2020MgrundlegendBAGLAA1WTR-2a;3;;ganz;Raute nachweisen und Quadrat ausschließen
punkte-und-strecken-im-koordinatensystem-e4-k1-s10-v5;2020MgrundlegendBAGLAA1WTR-2c;5;;ganz;Berührpunkt über Lage und Orthogonalität begründen
punkte-und-strecken-im-koordinatensystem-e4-k1-s10-v6;2020MgrundlegendBAGLAA1WTR-2c;5;;ganz;Berührpunkt über Lage und Orthogonalität begründen
ebenen-e2-k1-s2-v1;2020MgrundlegendBAGLAA2WTR-1a;1;;ganz;Konstante durch Einsetzen eines Punktes
skalarprodukt-und-winkel-e3-k1-s4-v3;2020MgrundlegendBAGLAA2WTR-1b;4;;ganz;Neigung in Prozent prüfen mit gleichem Weg
punkte-und-strecken-im-koordinatensystem-e2-k1-s3-v1;2020MgrundlegendBAGLAA2WTR-1c;3;;ganz;ursprüngliche Länge aus prozentualer Verlängerung
punkte-und-strecken-im-koordinatensystem-e2-k1-s3-v2;2020MgrundlegendBAGLAA2WTR-1c;3;;ganz;ursprüngliche Länge aus prozentualer Verlängerung
punkte-und-strecken-im-koordinatensystem-e2-k1-s3-v3;2020MgrundlegendBAGLAA2WTR-1c;3;;ganz;ursprüngliche Länge aus prozentualer Verlängerung
schnittmengen-e1-k2-s4-v1;2020MgrundlegendBAGLAA2WTR-1d;5;;ganz;Schattenpunkt über Lichtgerade und Grundebene
schnittmengen-e1-k2-s4-v3;2020MgrundlegendBAGLAA2WTR-1d;5;;ganz;Schattenpunkt über Lichtgerade und Grundebene
orthogonalitaet-e4-k2-s1-v1;2020MgrundlegendBAGLAA2WTR-2;4;;ganz;Gleichung über Orthogonalität von Höhe und Gerade begründen
gleichungen-loesen-e1-k1-s9-v1;2020MgrundlegendBAnalysisWTR1-1a;5;;teil;nur die gemeinsamen Punkte, Original auch Ableitungsnachweis
gleichungen-loesen-e1-k1-s9-v2;2020MgrundlegendBAnalysisWTR1-1a;5;;teil;nur die gemeinsamen Punkte, Original auch Ableitungsnachweis
gleichungen-loesen-e1-k1-s9-v3;2020MgrundlegendBAnalysisWTR1-1a;5;;teil;nur die gemeinsamen Punkte, Original auch Ableitungsnachweis
ableitung-und-aenderungsrate-e2-k1-s8-v3;2020MgrundlegendBAnalysisWTR1-1c;3;;ganz;Allaussage mit Gegenbeispielstelle beurteilen
ableitung-und-aenderungsrate-e2-k1-s8-v4;2020MgrundlegendBAnalysisWTR1-1c;3;;ganz;Allaussage mit Gegenbeispielstelle beurteilen
funktionsscharen-und-ortskurven-e3-k1-s3-v2;2020MgrundlegendBAnalysisWTR1-1g;3;;ganz;Wendetangente x-Achse der Schar nachweisen
grenzwerte-und-verhalten-im-unendlichen-e2-k1-s4-v3;2020MgrundlegendBAnalysisWTR2-1b;2;;ganz;Verlauf für x gegen minus unendlich mit Begründung
tangente-normale-schnittwinkel-e2-k1-s5-v1;2020MgrundlegendBAnalysisWTR2-1c;3;;ganz;Tangente durch Punkt einzeichnen und Gleichung angeben
stammfunktion-und-hauptsatz-e1-k1-s3-v2;2020MgrundlegendBAnalysisWTR2-1e;4;;ganz;Stammfunktion durch Ableiten nachweisen
stammfunktion-und-hauptsatz-e3-k1-s6-v4;2020MgrundlegendBAnalysisWTR2-1h;5;;ganz;Tiefpunkt begründen und Stammfunktion bestimmen, beide Teile
stammfunktion-und-hauptsatz-e3-k1-s6-v5;2020MgrundlegendBAnalysisWTR2-1h;5;;ganz;Tiefpunkt begründen und Stammfunktion bestimmen, beide Teile
funktionsscharen-und-ortskurven-e5-k1-s6-v1;2020MgrundlegendBAnalysisWTR2-2a;2;;ganz;Parameter des Spiegelbilds bestimmen
bedingte-wahrscheinlichkeit-und-bayes-e3-k1-s3-v3;2020MgrundlegendBStochastikWTR2-2c;4;;ganz;Graph über Randwerte ohne Rechnung zuordnen
ableitungsregeln-e1-k3-s1-v2;2021-A-1a;5;;ganz;Verhalten im Unendlichen und drei Ableitungen
grenzwerte-und-verhalten-im-unendlichen-e1-k2-s2-v2;2021-A-1a;5;;teil;nur Verhalten im Unendlichen, Original auch drei Ableitungen
kurvenuntersuchung-e1-k1-s7-v3;2021-A-1c;8;;ganz;Extrempunkte mit Art und Monotonie
kurvenuntersuchung-e1-k1-s7-v4;2021-A-1c;8;;ganz;Extrempunkte mit Art und Monotonie
kurvenuntersuchung-e3-k3-s1-v1;2021-A-1d;3;;ganz;Wendepunkt aus vier Kandidaten mit Begründung
gleichungen-loesen-e1-k1-s3-v1;2021-A-1e;4;;ganz;beide weiteren Stellen zum Funktionswert
rekonstruktion-von-funktionsgleichungen-e1-k1-s8-v1;2021-A-2a;7;;ganz;Funktion vierten Grades mit Symmetrie über LGS
rekonstruktion-von-funktionsgleichungen-e1-k1-s8-v2;2021-A-2a;7;;ganz;Funktion vierten Grades mit Symmetrie über LGS
gleichungen-loesen-e1-k1-s4-v1;2021-A-2b;4;;ganz;beide Schnittpunkte mit gleichem Weg
gleichungen-loesen-e1-k1-s4-v3;2021-A-2b;4;;ganz;beide Schnittpunkte mit gleichem Weg
daten-e6-k1-s6-v1;2021-A-3b;2;;ganz;fehlender Wert aus Zielmittelwert
grenzwerte-und-verhalten-im-unendlichen-e1-k2-s5-v1;2021-B-1a;3;;teil;nur Symmetrie, Original auch Verhalten im Unendlichen
flaecheninhalt-durch-integration-e1-k1-s6-v5;2021-B-1f;5;;ganz;Gesamtfläche aus Teilflächen mit Symmetrie
flaecheninhalt-durch-integration-e1-k1-s6-v6;2021-B-1f;5;;ganz;Gesamtfläche aus Teilflächen mit Symmetrie
tangente-normale-schnittwinkel-e1-k1-s3-v1;2021-B-2a;3;;ganz;beide Anstiege und Länge der Dachschräge
kurvenuntersuchung-e5-k1-s9-v3;2021-B-2d;4;;ganz;steilste Stelle über Wendepunkt mit Sattelstelle verworfen
kurvenuntersuchung-e5-k1-s9-v4;2021-B-2d;4;;ganz;steilste Stelle über Wendepunkt mit Sattelstelle verworfen
kenngroessen-von-verteilungen-e1-k1-s4-v1;2021-B-3e;4;;ganz;Einnahmen und Mindestanzahl wie im Original
einheiten-basis-k1-v1;2021-OS-B1a;1;nein;ganz;Ankunftszeit aus Start und Dauer
einheiten-basis-k1-v10;2021-OS-B1a;1;nein;ganz;Ankunftszeit aus Start und Dauer
einheiten-basis-k1-v2;2021-OS-B1a;1;nein;ganz;Ankunftszeit aus Start und Dauer
einheiten-basis-k1-v3;2021-OS-B1a;1;nein;ganz;Ankunftszeit aus Start und Dauer
einheiten-basis-k1-v4;2021-OS-B1a;1;nein;ganz;Ankunftszeit aus Start und Dauer
einheiten-basis-k1-v5;2021-OS-B1a;1;nein;ganz;Ankunftszeit aus Start und Dauer
einheiten-basis-k1-v6;2021-OS-B1a;1;nein;ganz;Ankunftszeit aus Start und Dauer
einheiten-basis-k1-v7;2021-OS-B1a;1;nein;ganz;Ankunftszeit aus Start und Dauer
einheiten-basis-k1-v8;2021-OS-B1a;1;nein;ganz;Ankunftszeit aus Start und Dauer
einheiten-basis-k1-v9;2021-OS-B1a;1;nein;ganz;Ankunftszeit aus Start und Dauer
einheiten-e2-k1-s10-v1;2021-OS-B1a;1;nein;ganz;Ankunftszeit aus Start und Dauer
einheiten-e2-k1-s10-v2;2021-OS-B1a;1;nein;ganz;Ankunftszeit aus Start und Dauer
brueche-dezimalzahlen-e1-k1-s6-v13;2021-OS-B1b;1;nein;ganz;Bruchteil einer Kästchenfläche markieren
brueche-dezimalzahlen-e1-k1-s6-v14;2021-OS-B1b;1;nein;ganz;Bruchteil einer Kästchenfläche markieren
prozentrechnung-e3-k1-s9-v1;2021-OS-B1c;1;nein;ganz;gleiche Größe mit gleichem Lösungsweg
prozentrechnung-e3-k1-s9-v2;2021-OS-B1c;1;nein;ganz;gleiche Größe mit gleichem Lösungsweg
lineare-gleichungen-e4-k1-s6-v7;2021-OS-B1e;1;nein;ganz;passende Gleichung zum Text ankreuzen
lineare-gleichungen-e4-k1-s6-v8;2021-OS-B1e;1;nein;ganz;passende Gleichung zum Text ankreuzen
daten-e4-k1-s7-v2;2021-OS-B1f;1;nein;ganz;Durchschnitt von vier Weiten
bruchrechnung-e5-k1-s6-v1;2021-OS-B1g;1;nein;ganz;Termwert eines Bruchterms berechnen
bruchrechnung-e5-k1-s6-v2;2021-OS-B1g;1;nein;ganz;Termwert eines Bruchterms berechnen
rationale-zahlen-e3-k1-s7-v1;2021-OS-B1g;1;nein;ganz;Termwert mit negativen Einsetzungen
rationale-zahlen-e3-k1-s7-v2;2021-OS-B1g;1;nein;ganz;Termwert mit negativen Einsetzungen
winkel-dreiecke-e2-k2-s9-v2;2021-OS-B1i;1;nein;ganz;fehlender Trapezwinkel berechnen
symmetrie-abbildungen-e2-k2-s9-v3;2021-OS-B1j;1;nein;ganz;Zahl der Symmetrieachsen ankreuzen
symmetrie-abbildungen-e2-k2-s9-v4;2021-OS-B1j;1;nein;ganz;Zahl der Symmetrieachsen ankreuzen
lineare-funktionen-e2-k4-s8-v7;2021-OS-K2a;2;nein;ganz;Gerade aus Gleichung zeichnen
lineare-funktionen-e2-k4-s8-v8;2021-OS-K2a;2;nein;ganz;Gerade aus Gleichung zeichnen
lineare-funktionen-e3-k2-s7-v13;2021-OS-K2b;2;nein;ganz;zwei richtige Aussagen zur Geraden ankreuzen
lineare-funktionen-e3-k2-s7-v14;2021-OS-K2b;2;nein;ganz;zwei richtige Aussagen zur Geraden ankreuzen
quadratische-gleichungen-e3-k3-s13-v7;2021-OS-K2c;4;ja;ganz;Schnittpunkte Parabel und Gerade berechnen
quadratische-gleichungen-e3-k3-s13-v8;2021-OS-K2c;4;ja;ganz;Schnittpunkte Parabel und Gerade berechnen
trigonometrie-e1-k3-s16-v1;2021-OS-K3a;2;nein;ganz;Seite mit Sinus nachweisen
trigonometrie-e1-k3-s16-v2;2021-OS-K3a;2;nein;ganz;Seite mit Sinus nachweisen
trigonometrie-e1-k3-s16-v3;2021-OS-K3b;2;nein;ganz;Seite mit Kosinus berechnen
trigonometrie-e1-k3-s16-v4;2021-OS-K3b;2;nein;ganz;Seite mit Kosinus berechnen
trigonometrie-e4-k1-s16-v11;2021-OS-K3c;3;ja;ganz;Winkelschritte, Sinussatz und Entscheidung zur Aussage
trigonometrie-e4-k1-s16-v12;2021-OS-K3c;3;ja;ganz;Winkelschritte, Sinussatz und Entscheidung zur Aussage
strahlensaetze-e1-k3-s9-v1;2021-OS-K4c;5;ja;ganz;Draufsicht mit Maßstab und Entscheidung
strahlensaetze-e1-k3-s9-v2;2021-OS-K4c;5;ja;ganz;Draufsicht mit Maßstab und Entscheidung
daten-e4-k1-s7-v3;2021-OS-K5a;5;nein;teil;Spannweite und Mittel ohne prozentuale Erhöhung
daten-e3-k1-s3-v2;2021-OS-K5b;2;nein;teil;nur fehlender Anteil, Original auch Sektoren beschriften
prozentrechnung-e1-k1-s7-v11;2021-OS-K5b;2;nein;teil;nur fehlender Anteil, Original auch Sektoren beschriften
prozentrechnung-e1-k1-s7-v12;2021-OS-K5b;2;nein;teil;nur fehlender Anteil, Original auch Sektoren beschriften
lineare-funktionen-e5-k1-s5-v13;2021-OS-K6a;2;nein;ganz;beide Tabellenwerte linearer Abnahme bzw. Zunahme
lineare-funktionen-e5-k1-s5-v14;2021-OS-K6a;2;nein;ganz;beide Tabellenwerte linearer Abnahme bzw. Zunahme
zuordnungen-e1-k2-s6-v1;2021-OS-K6b;3;nein;ganz;Tabelle ergänzen, Achsen einteilen und Punkte eintragen wie im Original
zuordnungen-e1-k2-s6-v2;2021-OS-K6b;3;nein;ganz;Tabelle ergänzen, Achsen einteilen und Punkte eintragen wie im Original
lineare-funktionen-e3-k2-s7-v3;2021-OS-K6d;2;nein;ganz;Nullstelle der linearen Funktion im Kontext gleich berechnet
lineare-funktionen-e3-k2-s7-v4;2021-OS-K6d;2;nein;ganz;Nullstelle der linearen Funktion im Kontext gleich berechnet
lineare-funktionen-e5-k1-s5-v5;2021-OS-K7a;2;nein;ganz;beide Sachverhalte den Gleichungen zuordnen wie im Original
lineare-funktionen-e5-k1-s5-v6;2021-OS-K7a;2;nein;ganz;beide Sachverhalte den Gleichungen zuordnen wie im Original
lineare-gleichungssysteme-e4-k1-s8-v7;2021-OS-K7b;4;nein;ganz;System aufstellen und beide Preise berechnen
lineare-gleichungssysteme-e4-k1-s8-v8;2021-OS-K7b;4;nein;ganz;System aufstellen und beide Preise berechnen
quadratische-gleichungen-e1-k2-s14-v1;2021-OS-K7c;3;ja;ganz;zwei Aussagen ankreuzen und Gleichung ohne Lösung angeben
quadratische-gleichungen-e1-k2-s14-v2;2021-OS-K7c;3;ja;ganz;zwei Aussagen ankreuzen und Gleichung ohne Lösung angeben
extremalprobleme-e3-k1-s8-v1;2021-be-gk-A1.3b;3;;ganz;Stelle über A' ungleich null als Maximalstelle ausgeschlossen
extremalprobleme-e3-k1-s8-v2;2021-be-gk-A1.3b;3;;ganz;Stelle über A' ungleich null als Maximalstelle ausgeschlossen
extremalprobleme-e3-k1-s8-v3;2021-be-gk-A1.3b;3;;ganz;Stelle über A' ungleich null als Maximalstelle ausgeschlossen
ebenen-e2-k2-s2-v1;2021-be-gk-A1.4a;1;;ganz;Normalenform ausmultiplizieren zur Koordinatenform
lagebeziehungen-e3-k1-s1-v5;2021-be-gk-A1.4b;2;;ganz;Gerade in Ebene durch Einsetzen nachweisen
orthogonalitaet-e3-k1-s6-v1;2021-be-gk-A1.4c;2;;ganz;Ebene senkrecht zu zwei Ebenen über Schnittgeradenrichtung
orthogonalitaet-e3-k1-s6-v2;2021-be-gk-A1.4c;2;;ganz;Ebene senkrecht zu zwei Ebenen über Schnittgeradenrichtung
lagebeziehungen-e1-k2-s3-v1;2021-be-gk-A1.5a;2;;ganz;Punktprobe an der Parameterform mit gleichem Weg
lagebeziehungen-e1-k2-s3-v2;2021-be-gk-A1.5a;2;;ganz;Punktprobe an der Parameterform, hier mit negativem Ausgang
geraden-e1-k2-s6-v1;2021-be-gk-A1.5b;3;;ganz;Gerade in Ebene parallel zur Koordinatenebene angeben
geraden-e1-k2-s6-v2;2021-be-gk-A1.5b;3;;ganz;Gerade in Ebene parallel zur Koordinatenebene angeben
zufallsexperimente-und-pfadregeln-e4-k1-s5-v1;2021-be-gk-A1.7b;3;;ganz;gleiche Chance der Ziehungspositionen entscheiden und begründen
zufallsexperimente-und-pfadregeln-e4-k1-s5-v2;2021-be-gk-A1.7b;3;;ganz;gleiche Chance der Ziehungspositionen entscheiden und begründen
kurvenuntersuchung-e2-k3-s1-v1;2021-be-gk-B2.1f;4;;ganz;Scheitel bestimmen, Abstand berechnen und mit Schranke vergleichen
kurvenuntersuchung-e1-k1-s7-v1;2021-be-gk-B2.1g;6;;ganz;Monotonieintervalle und Wertebereich der Differenzfunktion
kurvenuntersuchung-e1-k1-s7-v2;2021-be-gk-B2.1g;6;;ganz;Monotonieintervalle und Wertebereich der Differenzfunktion
ableitung-und-aenderungsrate-e2-k1-s7-v1;2021-be-gk-B2.1i;3;;ganz;Nachweis gleicher Ableitungswerte und Deutung im Sachzusammenhang
rekonstruktion-von-funktionsgleichungen-e2-k1-s1-v5;2021-be-gk-B2.1k;4;;ganz;Parabel aus Ursprung und Hochpunkt rekonstruiert
grenzwerte-und-verhalten-im-unendlichen-e2-k1-s4-v2;2021-be-gk-B2.2b;2;;ganz;Grenzverhalten in beide Richtungen angeben
kurvenuntersuchung-e2-k1-s10-v1;2021-be-gk-B2.2d;6;;ganz;Lage und Art aller Extrempunkte mit gegebener f''
kurvenuntersuchung-e2-k1-s10-v2;2021-be-gk-B2.2d;6;;ganz;Lage und Art aller Extrempunkte mit gegebener f''
kurvenuntersuchung-e3-k1-s10-v1;2021-be-gk-B2.2e;3;;ganz;Wendepunkt mit Skizze aus Tiefpunkt und Grenzwert begründen
kurvenuntersuchung-e3-k1-s10-v2;2021-be-gk-B2.2e;3;;ganz;Wendepunkt mit Skizze aus Tiefpunkt und Grenzwert begründen
tangente-normale-schnittwinkel-e5-k1-s7-v1;2021-be-gk-B2.2f;5;;ganz;Tangente im Ursprung und b aus Dreiecksfläche
gleichungen-loesen-e2-k1-s6-v1;2021-be-gk-B2.2g;4;;ganz;Schnittstellen über Kürzen des e-Faktors, Abstand als Ergebnis
gleichungen-loesen-e2-k1-s6-v3;2021-be-gk-B2.2g;4;;ganz;Schnittstellen über Kürzen des e-Faktors, Abstand als Ergebnis
abstaende-e4-k1-s1-v3;2021-be-gk-B2.2h;2;;ganz;horizontale Entfernung als Kathete kürzer als die Verbindungsstrecke begründet
extremalprobleme-e3-k1-s6-v2;2021-be-gk-B2.2i;7;;ganz;größten Abstand über die Differenzfunktion bestimmt und mit Vorgabe verglichen
orthogonalitaet-e1-k4-s2-v2;2021-be-gk-B3a;5;;ganz;rechten Winkel nachweisen und Gesamtoberfläche berechnen
geraden-e3-k1-s4-v1;2021-be-gk-B3b;3;;ganz;Geradengleichung aufstellen und Windschiefe begründen
geraden-e3-k1-s4-v2;2021-be-gk-B3b;3;;ganz;Geradengleichung aufstellen und Windschiefe begründen
geraden-e3-k1-s4-v3;2021-be-gk-B3b;3;;ganz;Geradengleichung aufstellen und Windschiefe begründen
schnittmengen-e3-k1-s6-v1;2021-be-gk-B3e;4;;ganz;für alle drei Ebenen Halbierung entscheiden und begründen
schnittmengen-e3-k1-s6-v2;2021-be-gk-B3e;4;;ganz;für alle drei Ebenen Halbierung entscheiden und begründen
schnittmengen-e3-k1-s6-v3;2021-be-gk-B3e;4;;ganz;für alle drei Ebenen Halbierung entscheiden und begründen
flaecheninhalt-und-volumen-im-raum-e2-k1-s6-v1;2021-be-gk-B3f;3;;ganz;beide Trapezecken aus dem Flächenverhältnis
flaecheninhalt-und-volumen-im-raum-e2-k1-s6-v2;2021-be-gk-B3f;3;;ganz;beide Trapezecken aus dem Flächenverhältnis
abstaende-e3-k1-s4-v3;2021-be-gk-B3g;4;;ganz;vorgelegten Rechenweg zur kürzesten Linie erläutern
schnittmengen-e3-k1-s2-v1;2021-be-gk-B3h;2;;ganz;F bestimmen und beide Spurgeraden einzeichnen
flaecheninhalt-und-volumen-im-raum-e4-k1-s4-v1;2021-be-gk-B3i;4;;ganz;Volumenverhältnis über Formeln ohne Zahlen, anderer Körper
unabhaengigkeit-e3-k1-s2-v1;2021-be-gk-B4c;2;;ganz;Aussage über Unabhängigkeit beurteilen wie im Original
unabhaengigkeit-e3-k1-s2-v2;2021-be-gk-B4c;2;;ganz;Aussage über Unabhängigkeit beurteilen wie im Original
kenngroessen-von-verteilungen-e2-k3-s1-v1;2021-be-gk-B4i;4;;ganz;beide Wahrscheinlichkeiten aus Erwartungswert und Summe eins
geraden-e1-k2-s3-v1;2021MerhoehtAAGLAA112-a;1;;ganz;Parallelität zur Achse über Koordinaten begründet
geraden-e1-k2-s3-v2;2021MerhoehtAAGLAA112-a;1;;unklar;andere Lage, Koordinatenebene statt Achse über Richtungsvektor
geraden-e1-k2-s3-v3;2021MerhoehtAAGLAA112-a;1;;unklar;andere Lage, Koordinatenebene statt Koordinatenachse
orthogonalitaet-e2-k1-s2-v2;2021MerhoehtAAGLAA112-b;4;;ganz;alle Punkte C über Skalarproduktgleichung bestimmt
punkte-und-strecken-im-koordinatensystem-e4-k1-s1-v1;2021MerhoehtAAGLAA121-a;1;;ganz;Parallelogramm über gleiche Gegenseitenvektoren
punkte-und-strecken-im-koordinatensystem-e4-k1-s1-v3;2021MerhoehtAAGLAA121-a;1;;ganz;Parallelogramm über gleiche Gegenseitenvektoren
punkte-und-strecken-im-koordinatensystem-e4-k1-s1-v5;2021MerhoehtAAGLAA121-a;1;;ganz;Parallelogramm über gleiche Gegenseitenvektoren
orthogonalitaet-e2-k1-s6-v1;2021MerhoehtAAGLAA121-b;4;;ganz;Teilverhältnis aus dem rechten Winkel wie im Original
lagebeziehungen-e1-k2-s2-v2;2021MerhoehtAAGLAA211-a;1;;ganz;Punktprobe an Koordinatengleichung mit negativem Ausgang
spiegelung-e1-k3-s4-v3;2021MerhoehtAAGLAA211-b;4;;ganz;Spiegelpunkt über die Lotgerade bestimmt
scharen-von-geraden-und-ebenen-e2-k1-s2-v3;2021MerhoehtAAGLAA213-a;2;;ganz;Scharparameter für Orthogonalität über Kollinearität
ableitungsregeln-e1-k2-s6-v1;2021MerhoehtAAnalysis12-a;1;;ganz;Ableitung mit Parameter in faktorisierter Form nachweisen
ableitungsregeln-e1-k2-s6-v2;2021MerhoehtAAnalysis12-a;1;;ganz;Ableitung mit Parameter in faktorisierter Form nachweisen
ableitungsregeln-e1-k2-s6-v3;2021MerhoehtAAnalysis12-a;1;;ganz;Ableitung mit Parameter in faktorisierter Form nachweisen
funktionsscharen-und-ortskurven-e4-k1-s4-v1;2021MerhoehtAAnalysis12-b;4;;ganz;Parameter aus y-Koordinate der Tiefpunkte
ableitungsregeln-e3-k1-s2-v1;2021MerhoehtAAnalysis13-a;2;;ganz;Produkt- und Kettenregel in vorgegebener Form nachweisen
ableitung-und-aenderungsrate-e4-k1-s2-v1;2021MerhoehtAAnalysis13-b;1;;ganz;Zeitpunkt größter Rate aus gegebener Ableitung
rekonstruktion-von-bestaenden-e1-k1-s5-v2;2021MerhoehtAAnalysis13-c;2;;ganz;Integralterm für Bestand im Wochenzeitraum
funktionsklassen-und-eigenschaften-e4-k1-s8-v5;2021MerhoehtAAnalysis21-b;3;;ganz;Symmetrie eines Produkts allgemein nachweisen
funktionsklassen-und-eigenschaften-e4-k1-s8-v6;2021MerhoehtAAnalysis21-b;3;;ganz;Symmetrie eines Produkts allgemein nachweisen
vierfeldertafel-e1-k2-s6-v1;2021MerhoehtAStochastik11-a;3;;ganz;Tafel mit Parameter füllen und Wert ausschließen
vierfeldertafel-e1-k2-s6-v2;2021MerhoehtAStochastik11-a;3;;ganz;Tafel mit Parameter füllen und Wert ausschließen
unabhaengigkeit-e2-k1-s2-v1;2021MerhoehtAStochastik11-b;2;;ganz;Parameter für Unabhängigkeit über Produktregel
zufallsgroessen-und-verteilungen-e1-k2-s3-v1;2021MerhoehtAStochastik13-a;1;;ganz;p über Summe eins nachweisen
zufallsgroessen-und-verteilungen-e1-k2-s3-v2;2021MerhoehtAStochastik13-a;1;;ganz;p über Summe eins nachweisen
zufallsgroessen-und-verteilungen-e1-k2-s3-v3;2021MerhoehtAStochastik13-a;1;;ganz;p über Summe eins nachweisen
vektoren-und-rechenoperationen-e1-k2-s3-v2;2021MgrundlegendAAGLAA112-a;3;;ganz;Koordinate aus vorgegebenem Abstand bestimmen
orthogonalitaet-e2-k1-s1-v1;2021MgrundlegendAAGLAA112-b;2;;ganz;Parameter für rechten Winkel über Skalarprodukt
vektoren-und-rechenoperationen-e2-k1-s2-v1;2021MgrundlegendAAGLAA12-a;1;;ganz;Lage eines Termpunkts im Quader beschreiben
vektoren-und-rechenoperationen-e2-k1-s1-v1;2021MgrundlegendAAGLAA12-b;1;;ganz;Termpunkt ins Schrägbild einzeichnen
skalarprodukt-und-winkel-e1-k1-s5-v1;2021MgrundlegendAAGLAA12-c;3;;ganz;Abhängigkeit des Skalarprodukts ohne Koordinaten begründen
skalarprodukt-und-winkel-e1-k1-s5-v2;2021MgrundlegendAAGLAA12-c;3;;ganz;Abhängigkeit des Skalarprodukts ohne Koordinaten begründen
stammfunktion-und-hauptsatz-e3-k1-s2-v2;2021MgrundlegendAAnalysis11-a;2;;ganz;Integral aus abgelesenen Werten der Stammfunktion
stammfunktion-und-hauptsatz-e2-k1-s2-v1;2021MgrundlegendAAnalysis13-a;3;;ganz;Integral über eine volle Periode mit Konstante
stammfunktion-und-hauptsatz-e2-k1-s2-v2;2021MgrundlegendAAnalysis13-a;3;;ganz;Integral über eine volle Periode mit Konstante
stammfunktion-und-hauptsatz-e2-k1-s2-v3;2021MgrundlegendAAnalysis13-a;3;;ganz;Integral über eine Periode wie im Original
stammfunktion-und-hauptsatz-e3-k1-s1-v4;2021MgrundlegendAAnalysis2-b;3;;ganz;Stammfunktionsgraph durch einen Punkt aus dem Graphen von f skizziert
bedingte-wahrscheinlichkeit-und-bayes-e2-k1-s2-v3;2021MgrundlegendAStochastik11-b;3;;ganz;Bayes-Term im Sachzusammenhang deuten
binomialverteilung-e2-k1-s6-v1;2021MgrundlegendAStochastik2-a;2;;ganz;Platzhalter der Bernoulli-Formel vervollständigen
binomialverteilung-e2-k1-s6-v2;2021MgrundlegendAStochastik2-a;2;;ganz;Platzhalter der Bernoulli-Formel vervollständigen
binomialverteilung-e5-k1-s8-v3;2021MgrundlegendAStochastik2-b;3;;ganz;Einzelwahrscheinlichkeit aus Symmetrie und kumulierten Werten
binomialverteilung-e5-k1-s8-v4;2021MgrundlegendAStochastik2-b;3;;ganz;Einzelwahrscheinlichkeit aus Symmetrie und kumulierten Werten
orthogonalitaet-e1-k4-s2-v3;2021MgrundlegendBAGLAA2WTR1-1a;5;;ganz;rechten Winkel nachweisen und Oberfläche berechnen
ebenen-e2-k1-s3-v3;2021MgrundlegendBAGLAA2WTR1-1b;3;;ganz;Koordinatengleichung der Ebene aus drei Punkten
schnittmengen-e3-k1-s2-v2;2021MgrundlegendBAGLAA2WTR1-1e;2;;ganz;F bestimmen und beide Spurgeraden einzeichnen
punkte-und-strecken-im-koordinatensystem-e4-k1-s8-v1;2021MgrundlegendBAGLAA2WTR2-1a;3;;ganz;Parallelität und rechten Winkel beide nachweisen
punkte-und-strecken-im-koordinatensystem-e4-k1-s8-v2;2021MgrundlegendBAGLAA2WTR2-1a;3;;ganz;Parallelität und rechten Winkel beide nachweisen
punkte-und-strecken-im-koordinatensystem-e4-k1-s8-v3;2021MgrundlegendBAGLAA2WTR2-1a;3;;ganz;Parallelität und rechten Winkel beide nachweisen
schnittmengen-e2-k1-s1-v5;2021MgrundlegendBAGLAA2WTR2-1c;5;;ganz;Schnittpunkt zweier Geraden mit Probe berechnen
skalarprodukt-und-winkel-e2-k2-s5-v3;2021MgrundlegendBAGLAA2WTR2-1d;3;;ganz;Schnittwinkel über Skalarprodukt nachweisen
abstaende-e3-k1-s6-v1;2021MgrundlegendBAGLAA2WTR2-1e;5;;ganz;Mittelpunkt S über Skizze und Sinus berechnen
kurvenuntersuchung-e3-k2-s1-v1;2021MgrundlegendBAnalysisWTR-1b;7;;ganz;Wendepunktgerade aufstellen und Parallele einzeichnen
ableitung-und-aenderungsrate-e2-k1-s6-v1;2021MgrundlegendBAnalysisWTR-2a;2;;ganz;Koordinaten auf dem Ratengraphen deuten
rekonstruktion-von-bestaenden-e2-k1-s2-v2;2021MgrundlegendBAnalysisWTR-2b;2;;ganz;Aussage über größten Bestand über Vorzeichenwechsel beurteilen
bedingte-wahrscheinlichkeit-und-bayes-e1-k1-s3-v3;2021MgrundlegendBStochastikWTR3-1b;3;;ganz;zwei bedingte Anteile berechnen und vergleichen
bedingte-wahrscheinlichkeit-und-bayes-e2-k1-s4-v3;2021MgrundlegendBStochastikWTR3-1g;3;;ganz;bedingte Wahrscheinlichkeit über Bayes im Befragungsbaum
ableitungsregeln-e1-k3-s1-v1;2022-B-1a;5;;ganz;Verhalten im Unendlichen und drei Ableitungen
grenzwerte-und-verhalten-im-unendlichen-e1-k2-s3-v1;2022-B-1a;5;;teil;nur Grenzverhalten, Original verlangt auch drei Ableitungen
tangente-normale-schnittwinkel-e3-k1-s2-v1;2022-B-1f;5;;ganz;Funktionswert, Anstieg und Normalengleichung
tangente-normale-schnittwinkel-e3-k1-s7-v3;2022-B-1f;5;;ganz;Funktionswert, Anstieg und Normalengleichung wie im Original
tangente-normale-schnittwinkel-e3-k1-s7-v4;2022-B-1f;5;;ganz;Funktionswert, Anstieg und Normalengleichung wie im Original
gleichungen-loesen-e1-k1-s5-v1;2022-B-2a;7;;ganz;Schnittpunkte über Substitution mit Koordinaten
gleichungen-loesen-e1-k1-s5-v3;2022-B-2a;7;;ganz;Schnittpunkte über Substitution mit Koordinaten
einheiten-e3-k2-s3-v1;2022-B-2d;7;;teil;Fläche und Umrechnung, Original verlangt auch Druckkosten
einheiten-e3-k2-s3-v2;2022-B-2d;7;;teil;Fläche und Umrechnung, Original verlangt auch Druckkosten
einheiten-e3-k2-s3-v3;2022-B-2d;7;;teil;Fläche und Umrechnung, Original verlangt auch Druckkosten
rekonstruktion-von-funktionsgleichungen-e1-k1-s1-v5;2022-C-2b;4;;teil;nur die Geradengleichung, Original verlangt auch den senkrechten Anstieg
gleichungen-loesen-e1-k1-s6-v1;2022-C-2d;6;;ganz;beide weiteren Schnittpunkte mit gleichem Weg
gleichungen-loesen-e1-k1-s6-v2;2022-C-2d;6;;ganz;beide weiteren Schnittpunkte mit gleichem Weg
gleichungen-loesen-e1-k1-s6-v3;2022-C-2d;6;;ganz;beide weiteren Schnittpunkte mit gleichem Weg
kombinatorik-e2-k1-s4-v2;2022-C-3a;4;;ganz;Auswahl und Vergabe wie im Original
daten-e6-k1-s7-v2;2022-C-3d;8;;teil;Mittelwert und relative Häufigkeiten, ohne Diagramm und Begründung
brueche-dezimalzahlen-e1-k1-s6-v7;2022-OS-B1a;1;nein;ganz;Prozentanteil einer Kästchenfigur markieren
brueche-dezimalzahlen-e1-k1-s6-v8;2022-OS-B1a;1;nein;ganz;Prozentanteil einer Kästchenfigur markieren
lineare-gleichungen-e1-k2-s5-v3;2022-OS-B1c;1;nein;ganz;Lösung einer linearen Gleichung ankreuzen
lineare-gleichungen-e1-k2-s5-v4;2022-OS-B1c;1;nein;ganz;Lösung einer linearen Gleichung ankreuzen
daten-e4-k1-s11-v1;2022-OS-B1d;1;nein;ganz;fehlender Wert aus dem Mittelwert wie im Original
prozentrechnung-basis-k2-v1;2022-OS-B1f;1;nein;ganz;Anteil als Prozentsatz ankreuzen
prozentrechnung-basis-k2-v10;2022-OS-B1f;1;nein;ganz;Anteil als Prozentsatz ankreuzen
prozentrechnung-basis-k2-v2;2022-OS-B1f;1;nein;ganz;Anteil als Prozentsatz ankreuzen
prozentrechnung-basis-k2-v3;2022-OS-B1f;1;nein;ganz;Anteil als Prozentsatz ankreuzen
prozentrechnung-basis-k2-v4;2022-OS-B1f;1;nein;ganz;Anteil als Prozentsatz ankreuzen
prozentrechnung-basis-k2-v5;2022-OS-B1f;1;nein;ganz;Umwandlung in Gegenrichtung, ebenfalls Ankreuzen
prozentrechnung-basis-k2-v6;2022-OS-B1f;1;nein;ganz;Anteil als Prozentsatz ankreuzen
prozentrechnung-basis-k2-v7;2022-OS-B1f;1;nein;ganz;Anteil als Prozentsatz ankreuzen
prozentrechnung-basis-k2-v8;2022-OS-B1f;1;nein;ganz;Umwandlung in Gegenrichtung, ebenfalls Ankreuzen
prozentrechnung-basis-k2-v9;2022-OS-B1f;1;nein;ganz;Anteil als Prozentsatz ankreuzen
prozentrechnung-e1-k1-s7-v3;2022-OS-B1f;1;nein;ganz;Anteil als Prozentsatz ankreuzen
prozentrechnung-e1-k1-s7-v4;2022-OS-B1f;1;nein;ganz;Anteil als Prozentsatz ankreuzen
einheiten-e3-k1-s9-v1;2022-OS-B1h;1;nein;ganz;volle Portionen nach Umrechnung wie im Original
einheiten-e3-k1-s9-v2;2022-OS-B1h;1;nein;ganz;volle Portionen nach Umrechnung wie im Original
einheiten-e3-k1-s9-v3;2022-OS-B1h;1;nein;ganz;volle Portionen nach Umrechnung wie im Original
symmetrie-abbildungen-basis-k3-v1;2022-OS-B1i;1;nein;ganz;Zahl der Symmetrieachsen ankreuzen
symmetrie-abbildungen-basis-k3-v10;2022-OS-B1i;1;nein;ganz;Zahl der Symmetrieachsen ankreuzen
symmetrie-abbildungen-basis-k3-v2;2022-OS-B1i;1;nein;ganz;Zahl der Symmetrieachsen ankreuzen
symmetrie-abbildungen-basis-k3-v3;2022-OS-B1i;1;nein;ganz;Zahl der Symmetrieachsen ankreuzen
symmetrie-abbildungen-basis-k3-v4;2022-OS-B1i;1;nein;ganz;Zahl der Symmetrieachsen ankreuzen
symmetrie-abbildungen-basis-k3-v5;2022-OS-B1i;1;nein;ganz;Zahl der Symmetrieachsen ankreuzen
symmetrie-abbildungen-basis-k3-v6;2022-OS-B1i;1;nein;ganz;Zahl der Symmetrieachsen ankreuzen
symmetrie-abbildungen-basis-k3-v7;2022-OS-B1i;1;nein;ganz;Zahl der Symmetrieachsen ankreuzen
symmetrie-abbildungen-basis-k3-v8;2022-OS-B1i;1;nein;ganz;Zahl der Symmetrieachsen ankreuzen
symmetrie-abbildungen-basis-k3-v9;2022-OS-B1i;1;nein;ganz;Zahl der Symmetrieachsen ankreuzen
symmetrie-abbildungen-e2-k2-s9-v1;2022-OS-B1i;1;nein;ganz;Zahl der Symmetrieachsen des Trapezes ankreuzen
symmetrie-abbildungen-e2-k2-s9-v2;2022-OS-B1i;1;nein;ganz;Zahl der Symmetrieachsen des Trapezes ankreuzen
potenzen-wurzeln-e1-k3-s15-v7;2022-OS-B1j;1;nein;ganz;Vergleichszeichen zwischen Potenz und Dezimalzahl
potenzen-wurzeln-e1-k3-s15-v8;2022-OS-B1j;1;nein;ganz;Vergleichszeichen zwischen Potenz und Dezimalzahl
koerper-e4-k2-s10-v2;2022-OS-K2b;2;nein;ganz;Zylindervolumen berechnen und Behauptung prüfen
pythagoras-e3-k2-s15-v5;2022-OS-K2c;3;ja;ganz;Stablänge mit Überstand wie im Original
pythagoras-e3-k2-s15-v6;2022-OS-K2c;3;ja;ganz;Stablänge mit Überstand wie im Original
koerper-e4-k2-s9-v1;2022-OS-K2d;3;ja;ganz;Zylinderradius aus Volumen und Höhe
koerper-e4-k2-s9-v2;2022-OS-K2d;3;ja;ganz;Zylinderradius aus Volumen und Höhe
koerper-e4-k2-s9-v3;2022-OS-K2d;3;ja;ganz;Zylinderradius aus Volumen und Höhe
potenzen-wurzeln-e3-k2-s13-v10;2022-OS-K2d;3;ja;ganz;Zylinderradius aus Volumen und Höhe
potenzen-wurzeln-e3-k2-s13-v9;2022-OS-K2d;3;ja;ganz;Zylinderradius aus Volumen und Höhe
reelle-zahlen-e3-k1-s2-v3;2022-OS-K2d;3;ja;ganz;Zylinderradius aus Volumen und Höhe
lineare-funktionen-e2-k4-s8-v5;2022-OS-K3a;3;nein;teil;nur der Graph, Original verlangt auch die Nullstelle
lineare-funktionen-e2-k4-s8-v6;2022-OS-K3a;3;nein;teil;nur der Graph, Original verlangt auch die Nullstelle
lineare-funktionen-e3-k2-s7-v1;2022-OS-K3a;3;nein;ganz;Graph zeichnen und Nullstelle wie im Original
lineare-funktionen-e3-k2-s7-v2;2022-OS-K3a;3;nein;ganz;Graph zeichnen und Nullstelle wie im Original
binomische-formeln-e2-k2-s10-v3;2022-OS-K3c;4;ja;unklar;nur Ausmultiplizieren als Vorschritt der Schnittpunktrechnung
binomische-formeln-e2-k2-s10-v4;2022-OS-K3c;4;ja;unklar;nur Ausmultiplizieren als Vorschritt der Schnittpunktrechnung
quadratische-funktionen-e4-k1-s13-v1;2022-OS-K3c;4;ja;ganz;beide Schnittpunkte Gerade und Parabel
quadratische-funktionen-e4-k1-s13-v2;2022-OS-K3c;4;ja;ganz;beide Schnittpunkte Gerade und Parabel
quadratische-gleichungen-e3-k3-s13-v10;2022-OS-K3c;4;ja;ganz;beide Schnittpunkte Gerade und Parabel
quadratische-gleichungen-e3-k3-s13-v9;2022-OS-K3c;4;ja;ganz;beide Schnittpunkte Gerade und Parabel
daten-e4-k1-s8-v2;2022-OS-K4a;3;nein;ganz;Minimum, Maximum und Mittelwert wie im Original
prozentrechnung-e5-k2-s8-v3;2022-OS-K4b;2;nein;ganz;prozentuale Abnahme mit gleichem Weg
prozentrechnung-e5-k2-s8-v4;2022-OS-K4b;2;nein;ganz;prozentuale Abnahme mit gleichem Weg
daten-e5-k1-s5-v1;2022-OS-K4c;2;nein;ganz;beide Teilbehauptungen prüfen und begründen
daten-e3-k1-s9-v2;2022-OS-K4d;3;nein;ganz;Sektoren beschriften und Mittelpunktswinkel berechnen
pythagoras-e2-k3-s10-v3;2022-OS-K5a;2;nein;ganz;Nachweis der Teilstrecke mit Pythagoras
pythagoras-e2-k3-s10-v4;2022-OS-K5a;2;nein;ganz;Nachweis der Teilstrecke mit Pythagoras
trigonometrie-e2-k1-s11-v7;2022-OS-K5b;2;nein;ganz;Winkel im Teildreieck über den Sinus
trigonometrie-e2-k1-s11-v8;2022-OS-K5b;2;nein;ganz;Winkel im Teildreieck über den Sinus
winkel-dreiecke-e3-k2-s7-v1;2022-OS-K5c;2;nein;ganz;Winkel im Teildreieck über die Winkelsumme
trigonometrie-e1-k3-s16-v7;2022-OS-K5d;2;nein;ganz;Seite im Teildreieck über den Sinus
trigonometrie-e1-k3-s16-v8;2022-OS-K5d;2;nein;ganz;Seite im Teildreieck über den Sinus
lineare-funktionen-e5-k1-s5-v11;2022-OS-K6a;1;nein;ganz;Endwert nach linearer Veränderung wie im Original
lineare-funktionen-e5-k1-s5-v12;2022-OS-K6a;1;nein;ganz;Endwert nach linearer Veränderung wie im Original
lineare-funktionen-e5-k1-s5-v7;2022-OS-K6b;4;ja;ganz;Gleichung aufstellen und Mindestzahl der Monate
lineare-funktionen-e5-k1-s5-v8;2022-OS-K6b;4;ja;ganz;Gleichung aufstellen und Mindestzahl der Monate
lineare-gleichungssysteme-e4-k1-s8-v5;2022-OS-K7a;2;nein;ganz;Variablen im Sachzusammenhang deuten
lineare-gleichungssysteme-e4-k1-s8-v6;2022-OS-K7a;2;nein;ganz;Variablen im Sachzusammenhang deuten
lineare-gleichungssysteme-e2-k1-s10-v1;2022-OS-K7b;3;ja;ganz;beide Preise aus dem System durch Einsetzen
lineare-gleichungssysteme-e2-k1-s10-v2;2022-OS-K7b;3;ja;ganz;beide Preise aus dem System durch Einsetzen
ebenen-e3-k1-s3-v1;2022-bebb-gk-A1.4b;2;;ganz;Lage der Ebene zur Achse beschreiben
orthogonalitaet-e3-k1-s5-v1;2022-bebb-gk-A1.4c;2;;ganz;Parameter für senkrechte Ebenen über Skalarprodukt
punkte-und-strecken-im-koordinatensystem-e3-k1-s3-v1;2022-bebb-gk-A1.5a;2;;ganz;Gleichschenkligkeit mit Parameter über Schenkellängen nachweisen
punkte-und-strecken-im-koordinatensystem-e3-k1-s3-v3;2022-bebb-gk-A1.5a;2;;ganz;Gleichschenkligkeit mit Parameter nachweisen, Basis zusätzlich benannt
flaecheninhalt-und-volumen-im-raum-e1-k2-s5-v1;2022-bebb-gk-A1.5b;3;;ganz;Parameter aus dem Flächeninhalt wie im Original
hypergeometrische-verteilung-e1-k1-s1-v1;2022-bebb-gk-A1.6a;2;;ganz;mindestens eine über das Gegenereignis ohne Zurücklegen
kurvenuntersuchung-e2-k2-s4-v2;2022-bebb-gk-B2.1a;5;;ganz;Achsenschnittpunkte und Hochpunkt mit Begründung
grenzwerte-und-verhalten-im-unendlichen-e2-k1-s3-v1;2022-bebb-gk-B2.1b;2;;ganz;Grenzwert und Verlauf wie im Original
gleichungen-loesen-e2-k1-s6-v2;2022-bebb-gk-B2.1d;2;;ganz;Schnittstelle von f und f' nachweisen
tangente-normale-schnittwinkel-e4-k1-s6-v2;2022-bebb-gk-B2.1e;4;;ganz;Schnittwinkel über beide Tangentensteigungen
tangente-normale-schnittwinkel-e5-k1-s3-v1;2022-bebb-gk-B2.1g;5;;ganz;Umfang des Achsendreiecks und Umkreismittelpunkt
extremalprobleme-e2-k1-s6-v1;2022-bebb-gk-B2.1h;5;;unklar;nur der Ansatz, Vorschritt der einzigen Leistung Koordinaten von P
extremalprobleme-e2-k1-s6-v2;2022-bebb-gk-B2.1h;5;;unklar;nur der Ansatz, Vorschritt der einzigen Leistung Koordinaten von P
extremalprobleme-e2-k1-s6-v3;2022-bebb-gk-B2.1h;5;;unklar;nur der Ansatz, Vorschritt der einzigen Leistung Koordinaten von P
extremalprobleme-e3-k1-s5-v1;2022-bebb-gk-B2.1h;5;;ganz;Koordinaten von P für das Rechteck maximaler Fläche mit Kontrollableitung
extremalprobleme-e3-k1-s5-v2;2022-bebb-gk-B2.1h;5;;ganz;Koordinaten von P für das Rechteck maximaler Fläche mit Kontrollableitung
extremalprobleme-e3-k1-s5-v3;2022-bebb-gk-B2.1h;5;;ganz;Koordinaten von P für das Rechteck maximaler Fläche
ableitung-und-aenderungsrate-e4-k1-s7-v1;2022-bebb-gk-B2.1m;5;;ganz;Zeitraum mit Mindestrate über f'(x) = c
grenzwerte-und-verhalten-im-unendlichen-e1-k2-s2-v3;2022-bebb-gk-B2.2a;2;;ganz;Grenzverhalten in beide Richtungen angeben
ableitung-und-aenderungsrate-e3-k1-s4-v1;2022-bebb-gk-B2.2c;5;;ganz;Nachweis der Stelle und geometrische Bedeutung
rekonstruktion-von-funktionsgleichungen-e1-k1-s2-v1;2022-bebb-gk-B2.2g;2;;ganz;Geradengleichung durch zwei Punkte nachweisen
rekonstruktion-von-funktionsgleichungen-e1-k1-s2-v2;2022-bebb-gk-B2.2g;2;;ganz;Geradengleichung durch zwei Punkte nachweisen
rekonstruktion-von-funktionsgleichungen-e1-k1-s2-v3;2022-bebb-gk-B2.2g;2;;ganz;Geradengleichung durch zwei Punkte nachweisen
rekonstruktion-von-funktionsgleichungen-e2-k1-s4-v2;2022-bebb-gk-B2.2k;5;;teil;nur a und b, ohne Nachweis der Verwendbarkeit
flaecheninhalt-und-volumen-im-raum-e2-k1-s6-v3;2022-bebb-gk-B3a;3;;ganz;Flächenverhältnis der Quadrate nachweisen
flaecheninhalt-und-volumen-im-raum-e2-k1-s6-v4;2022-bebb-gk-B3a;3;;ganz;Flächenverhältnis der Quadrate nachweisen
ebenen-e1-k1-s6-v3;2022-bebb-gk-B3b;3;;ganz;Parametergleichung und Punktprobe wie im Original
ebenen-e1-k1-s6-v4;2022-bebb-gk-B3b;3;;ganz;Parametergleichung und Punktprobe wie im Original
orthogonalitaet-e3-k1-s3-v2;2022-bebb-gk-B3c;3;;ganz;Normalenvektor nachweisen und Koordinatengleichung aufstellen
punkte-und-strecken-im-koordinatensystem-e4-k1-s3-v1;2022-bebb-gk-B3d;2;;ganz;Raute über gleich lange Seiten nachweisen
punkte-und-strecken-im-koordinatensystem-e4-k1-s3-v3;2022-bebb-gk-B3d;2;;ganz;Raute über gleich lange Seiten nachweisen
spiegelung-e3-k1-s2-v1;2022-bebb-gk-B3e;2;;ganz;Symmetrieebene auswählen und Lage beschreiben
flaecheninhalt-und-volumen-im-raum-e2-k1-s2-v3;2022-bebb-gk-B3f;6;;teil;nur die Dachfläche, Original verlangt auch den Innenwinkel
abstaende-e4-k1-s6-v3;2022-bebb-gk-B3g;3;;ganz;Abstandsverhältnis über den Strahlensatz begründen
abstaende-e4-k1-s6-v4;2022-bebb-gk-B3g;3;;ganz;Abstandsverhältnis über den Strahlensatz begründen
flaecheninhalt-und-volumen-im-raum-e4-k1-s3-v1;2022-bebb-gk-B3h;4;;ganz;Volumenterm als Differenz von Pyramiden begründen
abstaende-e3-k1-s3-v1;2022-bebb-gk-B3i;4;;ganz;gleiche Leistungen mit gleichem Weg, verfremdet
binomialverteilung-e1-k1-s5-v1;2022-bebb-gk-B4a;2;;ganz;gleiche Leistungen mit gleichem Weg, verfremdet
binomialverteilung-e1-k1-s5-v2;2022-bebb-gk-B4a;2;;ganz;gleiche Leistungen mit gleichem Weg, verfremdet
binomialverteilung-e2-k1-s9-v1;2022-bebb-gk-B4b;3;;ganz;gleiche Leistungen mit gleichem Weg, verfremdet
binomialverteilung-e2-k1-s9-v2;2022-bebb-gk-B4b;3;;ganz;gleiche Leistungen mit gleichem Weg, verfremdet
kenngroessen-von-verteilungen-e1-k2-s1-v1;2022-bebb-gk-B4c;3;;ganz;gleiche Leistungen mit gleichem Weg, verfremdet
zufallsexperimente-und-pfadregeln-e3-k1-s9-v3;2022-bebb-gk-B4f;4;;ganz;gleiche Leistungen mit gleichem Weg, verfremdet
zufallsexperimente-und-pfadregeln-e3-k1-s9-v4;2022-bebb-gk-B4f;4;;ganz;gleiche Leistungen mit gleichem Weg, verfremdet
vierfeldertafel-e1-k2-s2-v2;2022-bebb-gk-B4h;3;;ganz;gleiche Leistungen mit gleichem Weg, verfremdet
unabhaengigkeit-e1-k2-s4-v1;2022-bebb-gk-B4i;3;;ganz;gleiche Leistungen mit gleichem Weg, verfremdet
funktionsscharen-und-ortskurven-e4-k1-s4-v2;2022-bebb-lk-A1.2b;4;;ganz;gleiche Leistungen mit gleichem Weg, verfremdet
funktionsscharen-und-ortskurven-e1-k1-s2-v2;2022-bebb-lk-A1.3a;1;;ganz;gleiche Leistungen mit gleichem Weg, verfremdet
ableitungsregeln-e3-k1-s3-v2;2022-bebb-lk-A1.4a;2;;ganz;gleiche Leistungen mit gleichem Weg, verfremdet
orthogonalitaet-e3-k1-s1-v1;2022-bebb-lk-A1.5a;1;;ganz;gleiche Leistungen mit gleichem Weg, verfremdet
abstaende-e3-k1-s5-v1;2022-bebb-lk-A1.5b;4;;ganz;gleiche Leistungen mit gleichem Weg, verfremdet
scharen-von-geraden-und-ebenen-e1-k2-s3-v2;2022-bebb-lk-A1.6a;2;;ganz;gleiche Leistungen mit gleichem Weg, verfremdet
binomialverteilung-e5-k1-s8-v7;2022-bebb-lk-A1.8b;3;;ganz;gleiche Leistungen mit gleichem Weg, verfremdet
binomialverteilung-e5-k1-s8-v8;2022-bebb-lk-A1.8b;3;;ganz;gleiche Leistungen mit gleichem Weg, verfremdet
grenzwerte-und-verhalten-im-unendlichen-e1-k2-s3-v2;2022-bebb-lk-B2.1a;2;;ganz;gleiche Leistungen mit gleichem Weg, verfremdet
funktionsscharen-und-ortskurven-e2-k1-s7-v2;2022-bebb-lk-B2.1c;4;;ganz;gleiche Leistungen mit gleichem Weg, verfremdet
rekonstruktion-von-funktionsgleichungen-e2-k1-s2-v3;2022-bebb-lk-B2.1i;7;;ganz;gleiche Leistungen mit gleichem Weg, verfremdet
stammfunktion-und-hauptsatz-e3-k1-s5-v1;2022-bebb-lk-B2.1k;2;;unklar;Original Entscheiden mit Begründung, Bank Ankreuzen
gleichungen-loesen-e4-k1-s2-v2;2022-bebb-lk-B2.1m;4;;ganz;gleiche Leistungen mit gleichem Weg, verfremdet
funktionsklassen-und-eigenschaften-e4-k1-s8-v3;2022-bebb-lk-B2.2a;4;;ganz;gleiche Leistungen mit gleichem Weg, verfremdet
funktionsklassen-und-eigenschaften-e4-k1-s8-v4;2022-bebb-lk-B2.2a;4;;ganz;gleiche Leistungen mit gleichem Weg, verfremdet
ableitungsregeln-e3-k1-s2-v2;2022-bebb-lk-B2.2b;2;;ganz;gleiche Leistungen mit gleichem Weg, verfremdet
ableitung-und-aenderungsrate-e3-k1-s6-v1;2022-bebb-lk-B2.2e;3;;ganz;gleiche Leistungen mit gleichem Weg, verfremdet
integrationsregeln-e2-k1-s4-v1;2022-bebb-lk-B2.2g;3;;ganz;gleiche Leistungen mit gleichem Weg, verfremdet
integrationsregeln-e2-k1-s4-v2;2022-bebb-lk-B2.2g;3;;ganz;gleiche Leistungen mit gleichem Weg, verfremdet
funktionsscharen-und-ortskurven-e2-k1-s8-v1;2022-bebb-lk-B2.2k;3;;ganz;gleiche Leistungen mit gleichem Weg, verfremdet
funktionsscharen-und-ortskurven-e2-k1-s8-v2;2022-bebb-lk-B2.2k;3;;ganz;gleiche Leistungen mit gleichem Weg, verfremdet
funktionsscharen-und-ortskurven-e5-k1-s8-v1;2022-bebb-lk-B2.2n;3;;ganz;gleiche Leistungen mit gleichem Weg, verfremdet
funktionsscharen-und-ortskurven-e5-k1-s8-v2;2022-bebb-lk-B2.2n;3;;ganz;gleiche Leistungen mit gleichem Weg, verfremdet
funktionsscharen-und-ortskurven-e4-k1-s8-v1;2022-bebb-lk-B2.2o;6;;ganz;gleiche Leistungen mit gleichem Weg, verfremdet
funktionsscharen-und-ortskurven-e4-k1-s8-v2;2022-bebb-lk-B2.2o;6;;ganz;gleiche Leistungen mit gleichem Weg, verfremdet
punkte-und-strecken-im-koordinatensystem-e3-k1-s4-v1;2022-bebb-lk-B3a;2;;ganz;gleiche Leistungen mit gleichem Weg, verfremdet
ebenen-e2-k1-s8-v1;2022-bebb-lk-B3c;4;;ganz;gleiche Leistungen mit gleichem Weg, verfremdet
ebenen-e2-k1-s8-v2;2022-bebb-lk-B3c;4;;unklar;verlangt zusätzlich k für einen Punkt, mehr als Original
scharen-von-geraden-und-ebenen-e3-k1-s2-v3;2022-bebb-lk-B3d;5;;ganz;gleiche Leistungen mit gleichem Weg, verfremdet
spiegelung-e1-k3-s4-v2;2022-bebb-lk-B3g;5;;ganz;gleiche Leistungen mit gleichem Weg, verfremdet
scharen-von-geraden-und-ebenen-e4-k1-s3-v2;2022-bebb-lk-B3i;4;;ganz;gleiche Leistungen mit gleichem Weg, verfremdet
punkte-und-strecken-im-koordinatensystem-e2-k1-s6-v1;2022-bebb-lk-B3j;4;;ganz;gleiche Leistungen mit gleichem Weg, verfremdet
punkte-und-strecken-im-koordinatensystem-e2-k1-s6-v2;2022-bebb-lk-B3j;4;;ganz;gleiche Leistungen mit gleichem Weg, verfremdet
punkte-und-strecken-im-koordinatensystem-e2-k1-s6-v3;2022-bebb-lk-B3j;4;;ganz;gleiche Leistungen mit gleichem Weg, verfremdet
flaecheninhalt-und-volumen-im-raum-e4-k1-s7-v1;2022-bebb-lk-B3k;5;;ganz;gleiche Leistungen mit gleichem Weg, verfremdet
flaecheninhalt-und-volumen-im-raum-e4-k1-s7-v2;2022-bebb-lk-B3k;5;;ganz;gleiche Leistungen mit gleichem Weg, verfremdet
unabhaengigkeit-e1-k2-s6-v1;2022-bebb-lk-B4c;3;;ganz;gleiche Leistungen mit gleichem Weg, verfremdet
unabhaengigkeit-e1-k2-s6-v2;2022-bebb-lk-B4c;3;;ganz;gleiche Leistungen mit gleichem Weg, verfremdet
binomialverteilung-e4-k1-s9-v3;2022-bebb-lk-B4f;3;;ganz;gleiche Leistungen mit gleichem Weg, verfremdet
binomialverteilung-e4-k1-s9-v4;2022-bebb-lk-B4f;3;;ganz;gleiche Leistungen mit gleichem Weg, verfremdet
hypothesentests-e3-k1-s5-v1;2022-bebb-lk-B4g;4;;ganz;gleiche Leistungen mit gleichem Weg, verfremdet
hypothesentests-e3-k1-s5-v2;2022-bebb-lk-B4g;4;;ganz;gleiche Leistungen mit gleichem Weg, verfremdet
hypothesentests-e2-k1-s3-v1;2022-bebb-lk-B4h;3;;ganz;gleiche Leistungen mit gleichem Weg, verfremdet
hypothesentests-e2-k1-s3-v2;2022-bebb-lk-B4h;3;;ganz;gleiche Leistungen mit gleichem Weg, verfremdet
kenngroessen-von-verteilungen-e2-k1-s4-v3;2022-bebb-lk-B4l;5;;ganz;gleiche Leistungen mit gleichem Weg, verfremdet
binomialverteilung-e3-k1-s9-v1;2022-bebb-lk-B4m;5;;ganz;gleiche Leistungen mit gleichem Weg, verfremdet
binomialverteilung-e3-k1-s9-v2;2022-bebb-lk-B4m;5;;ganz;gleiche Leistungen mit gleichem Weg, verfremdet
orthogonalitaet-e3-k1-s1-v4;2022MerhoehtAAGLAA211-a;1;;ganz;gleiche Leistungen mit gleichem Weg, verfremdet
spiegelung-e2-k1-s1-v5;2022MerhoehtAAGLAA212-a;3;;ganz;gleiche Leistungen mit gleichem Weg, verfremdet
spiegelung-e1-k3-s5-v1;2022MerhoehtAAGLAA212-b;2;;ganz;gleiche Leistungen mit gleichem Weg, verfremdet
spiegelung-e1-k3-s5-v2;2022MerhoehtAAGLAA212-b;2;;ganz;gleiche Leistungen mit gleichem Weg, verfremdet
orthogonalitaet-e3-k1-s6-v3;2022MerhoehtAAGLAA213;5;;ganz;gleiche Leistungen mit gleichem Weg, verfremdet
orthogonalitaet-e3-k1-s6-v4;2022MerhoehtAAGLAA213;5;;ganz;gleiche Leistungen mit gleichem Weg, verfremdet
orthogonalitaet-e4-k1-s3-v1;2022MerhoehtAAGLAA221-a;3;;ganz;gleiche Leistungen mit gleichem Weg, verfremdet
orthogonalitaet-e4-k1-s3-v2;2022MerhoehtAAGLAA221-a;3;;ganz;gleiche Leistungen mit gleichem Weg, verfremdet
vektoren-und-rechenoperationen-e2-k1-s7-v1;2022MerhoehtAAGLAA221-b;2;;ganz;gleiche Leistungen mit gleichem Weg, verfremdet
scharen-von-geraden-und-ebenen-e1-k2-s6-v3;2022MerhoehtAAGLAA222-a;2;;ganz;gleiche Leistungen mit gleichem Weg, verfremdet
ebenen-e3-k1-s9-v3;2022MerhoehtAAGLAA222-b;3;;ganz;gleiche Leistungen mit gleichem Weg, verfremdet
ebenen-e3-k1-s9-v4;2022MerhoehtAAGLAA222-b;3;;ganz;gleiche Leistungen mit gleichem Weg, verfremdet
stammfunktion-und-hauptsatz-e3-k1-s2-v1;2022MerhoehtAAnalysis11-a;2;;ganz;gleiche Leistungen mit gleichem Weg, verfremdet
funktionsscharen-und-ortskurven-e1-k1-s7-v1;2022MerhoehtAAnalysis13-a;2;;ganz;gleiche Leistungen mit gleichem Weg, verfremdet
rekonstruktion-von-funktionsgleichungen-e2-k1-s8-v3;2022MerhoehtAAnalysis2;5;;ganz;gleiche Leistungen mit gleichem Weg, verfremdet
rekonstruktion-von-funktionsgleichungen-e2-k1-s8-v4;2022MerhoehtAAnalysis2;5;;ganz;gleiche Leistungen mit gleichem Weg, verfremdet
zufallsgroessen-und-verteilungen-e2-k1-s2-v1;2022MerhoehtAStochastik11-b;3;;ganz;gleiche Leistungen mit gleichem Weg, verfremdet
zufallsgroessen-und-verteilungen-e2-k1-s2-v2;2022MerhoehtAStochastik11-b;3;;ganz;gleiche Leistungen mit gleichem Weg, verfremdet
normalverteilung-und-sigma-regeln-e2-k1-s2-v1;2022MerhoehtAStochastik13-a;2;;ganz;gleiche Leistungen mit gleichem Weg, verfremdet
normalverteilung-und-sigma-regeln-e2-k1-s2-v2;2022MerhoehtAStochastik13-a;2;;ganz;gleiche Leistungen mit gleichem Weg, verfremdet
normalverteilung-und-sigma-regeln-e2-k1-s2-v3;2022MerhoehtAStochastik13-a;2;;ganz;gleiche Leistungen mit gleichem Weg, verfremdet
kombinatorik-e3-k1-s7-v1;2022MerhoehtAStochastik22-b;3;;ganz;gleiche Leistungen mit gleichem Weg, verfremdet
kombinatorik-e3-k1-s7-v2;2022MerhoehtAStochastik22-b;3;;ganz;gleiche Leistungen mit gleichem Weg, verfremdet
vektoren-und-rechenoperationen-e2-k1-s4-v1;2022MerhoehtBAGLAA1WTR-1b;2;;ganz;gleiche Leistungen mit gleichem Weg, verfremdet
matrizen-und-uebergangsprozesse-e2-k1-s7-v5;2022MerhoehtBAGLAA1WTR-2c;3;;ganz;gleiche Leistungen mit gleichem Weg, verfremdet
matrizen-und-uebergangsprozesse-e2-k1-s7-v6;2022MerhoehtBAGLAA1WTR-2c;3;;ganz;gleiche Leistungen mit gleichem Weg, verfremdet
matrizen-und-uebergangsprozesse-e5-k1-s7-v1;2022MerhoehtBAGLAA1WTR-2d;5;;ganz;gleiche Leistungen mit gleichem Weg, verfremdet
matrizen-und-uebergangsprozesse-e5-k1-s7-v2;2022MerhoehtBAGLAA1WTR-2d;5;;ganz;gleiche Leistungen mit gleichem Weg, verfremdet
lagebeziehungen-e2-k1-s1-v5;2022MerhoehtBAGLAA2WTR1-1e;3;;ganz;gleiche Leistungen mit gleichem Weg, verfremdet
spiegelung-e3-k1-s1-v5;2022MerhoehtBAGLAA2WTR2-1a;2;;ganz;gleiche Leistungen mit gleichem Weg, verfremdet
punkte-und-strecken-im-koordinatensystem-e2-k1-s2-v3;2022MerhoehtBAGLAA2WTR2-1b;3;;ganz;gleiche Leistungen mit gleichem Weg, verfremdet
skalarprodukt-und-winkel-e3-k1-s3-v3;2022MerhoehtBAGLAA2WTR2-1d;5;;ganz;gleiche Leistungen mit gleichem Weg, verfremdet
flaecheninhalt-und-volumen-im-raum-e4-k1-s4-v3;2022MerhoehtBAGLAA2WTR2-1e;3;;ganz;gleiche Leistungen mit gleichem Weg, verfremdet
vektoren-und-rechenoperationen-e1-k2-s5-v1;2022MerhoehtBAGLAA2WTR2-1f;4;;teil;nur eine Blickrichtung statt zwei, Draufsicht gleich
abstaende-e3-k1-s7-v3;2022MerhoehtBAGLAA2WTR2-1g;4;;ganz;gleiche Leistungen mit gleichem Weg, verfremdet
abstaende-e3-k1-s7-v4;2022MerhoehtBAGLAA2WTR2-1g;4;;ganz;gleiche Leistungen mit gleichem Weg, verfremdet
rekonstruktion-von-bestaenden-e1-k1-s4-v1;2022MerhoehtBAnalysisWTR1-1c;3;;ganz;gleiche Leistungen mit gleichem Weg, verfremdet
tangente-normale-schnittwinkel-e5-k1-s7-v2;2022MerhoehtBAnalysisWTR1-1d;5;;ganz;gleiche Leistungen mit gleichem Weg, verfremdet
funktionsscharen-und-ortskurven-e4-k1-s6-v2;2022MerhoehtBAnalysisWTR1-1e;2;;ganz;gleiche Leistungen mit gleichem Weg, verfremdet
rekonstruktion-von-funktionsgleichungen-e3-k1-s1-v5;2022MerhoehtBAnalysisWTR1-2a;3;;ganz;gleiche Leistungen mit gleichem Weg, verfremdet
kurvenuntersuchung-e3-k5-s1-v1;2022MerhoehtBAnalysisWTR1-2c;4;;ganz;gleiche Leistungen mit gleichem Weg, verfremdet
ableitungsregeln-e3-k1-s2-v3;2022MerhoehtBAnalysisWTR2-1b;2;;ganz;gleiche Leistungen mit gleichem Weg, verfremdet
uneigentliche-integrale-e2-k1-s3-v1;2022MerhoehtBAnalysisWTR2-1e;3;;ganz;gleiche Leistungen mit gleichem Weg, verfremdet
uneigentliche-integrale-e2-k1-s3-v2;2022MerhoehtBAnalysisWTR2-1e;3;;ganz;gleiche Leistungen mit gleichem Weg, verfremdet
gleichungen-loesen-e2-k1-s3-v1;2022MerhoehtBAnalysisWTR3-1a;4;;ganz;gleiche Leistungen mit gleichem Weg, verfremdet
gleichungen-loesen-e2-k1-s3-v2;2022MerhoehtBAnalysisWTR3-1a;4;;ganz;gleiche Leistungen mit gleichem Weg, verfremdet
gleichungen-loesen-e2-k1-s3-v3;2022MerhoehtBAnalysisWTR3-1a;4;;ganz;gleiche Leistungen mit gleichem Weg, verfremdet
stammfunktion-und-hauptsatz-e1-k1-s1-v5;2022MerhoehtBAnalysisWTR3-2a;4;;ganz;gleiche Leistungen mit gleichem Weg, verfremdet
rotationsvolumen-e2-k1-s1-v1;2022MerhoehtBAnalysisWTR3-2b;6;;ganz;gleiche Leistungen mit gleichem Weg, verfremdet
gleichungen-loesen-e3-k1-s7-v1;2022MerhoehtBAnalysisWTR3-3b;6;;ganz;gleiche Leistungen mit gleichem Weg, verfremdet
gleichungen-loesen-e3-k1-s7-v2;2022MerhoehtBAnalysisWTR3-3b;6;;ganz;gleiche Leistungen mit gleichem Weg, verfremdet
gleichungen-loesen-e3-k1-s7-v3;2022MerhoehtBAnalysisWTR3-3b;6;;ganz;gleiche Leistungen mit gleichem Weg, verfremdet
binomialverteilung-e4-k1-s9-v5;2022MerhoehtBStochastikWTR1-1f;3;;ganz;gleiche Leistungen mit gleichem Weg, verfremdet
binomialverteilung-e4-k1-s9-v6;2022MerhoehtBStochastikWTR1-1f;3;;ganz;gleiche Leistungen mit gleichem Weg, verfremdet
hypothesentests-e3-k1-s5-v3;2022MerhoehtBStochastikWTR1-2a;5;;ganz;gleiche Leistungen mit gleichem Weg, verfremdet
hypothesentests-e3-k1-s5-v4;2022MerhoehtBStochastikWTR1-2a;5;;ganz;gleiche Leistungen mit gleichem Weg, verfremdet
vierfeldertafel-e1-k2-s5-v1;2022MerhoehtBStochastikWTR2-1a;3;;ganz;gleiche Leistungen mit gleichem Weg, verfremdet
kombinatorik-e2-k1-s6-v2;2022MerhoehtBStochastikWTR2-2;3;;ganz;gleiche Leistungen mit gleichem Weg, verfremdet
normalverteilung-und-sigma-regeln-e3-k1-s4-v3;2022MerhoehtBStochastikWTR2-3a;4;;ganz;bestes Intervall begründen und Wahrscheinlichkeit vergleichen wie im Original
normalverteilung-und-sigma-regeln-e3-k1-s4-v4;2022MerhoehtBStochastikWTR2-3a;4;;ganz;bestes Intervall begründen und Wahrscheinlichkeit vergleichen wie im Original
orthogonalitaet-e3-k1-s5-v2;2022MgrundlegendAAGLAA211-c;2;;ganz;Parameter über Skalarprodukt der Normalenvektoren wie im Original
punkte-und-strecken-im-koordinatensystem-e3-k1-s3-v2;2022MgrundlegendAAGLAA212-a;2;;ganz;Gleichschenkligkeit mit Parameter über Schenkellängen nachweisen
geraden-e3-k1-s2-v1;2022MgrundlegendAAGLAA213-a;2;;ganz;Nichtidentität über Verbindungsvektor nachweisen wie im Original
geraden-e3-k1-s2-v2;2022MgrundlegendAAGLAA213-a;2;;ganz;Nichtidentität über Verbindungsvektor nachweisen wie im Original
geraden-e3-k1-s2-v3;2022MgrundlegendAAGLAA213-a;2;;ganz;Nichtidentität über Verbindungsvektor nachweisen wie im Original
geraden-e1-k2-s5-v1;2022MgrundlegendAAGLAA213-b;3;;ganz;Teilpunkt und parallele Gerade mit gleichem Weg
geraden-e1-k2-s5-v2;2022MgrundlegendAAGLAA213-b;3;;ganz;Teilpunkt und parallele Gerade mit gleichem Weg
geraden-e1-k2-s5-v3;2022MgrundlegendAAGLAA213-b;3;;ganz;Teilpunkt und parallele Gerade mit gleichem Weg
punkte-und-strecken-im-koordinatensystem-e4-k1-s9-v1;2022MgrundlegendAAGLAA22;5;;ganz;weitere Quadratecke in der Ebene, Länge schon passend
punkte-und-strecken-im-koordinatensystem-e4-k1-s9-v2;2022MgrundlegendAAGLAA22;5;;ganz;weitere Quadratecke in der Ebene, Länge schon passend
rekonstruktion-von-funktionsgleichungen-e1-k1-s6-v1;2022MgrundlegendAAnalysis12-a;3;;ganz;a und b aus zwei Graphpunkten wie im Original
zufallsgroessen-und-verteilungen-e1-k2-s4-v1;2022MgrundlegendAStochastik13-b;3;;ganz;beide Wahrscheinlichkeiten über unmöglichen Wert geschlossen
zufallsgroessen-und-verteilungen-e1-k2-s4-v2;2022MgrundlegendAStochastik13-b;3;;ganz;beide Wahrscheinlichkeiten über unmöglichen Wert geschlossen
zufallsexperimente-und-pfadregeln-e8-k1-s7-v1;2022MgrundlegendAStochastik2;5;;ganz;Term in p, Maximum und Winkel wie im Original
zufallsexperimente-und-pfadregeln-e8-k1-s7-v2;2022MgrundlegendAStochastik2;5;;ganz;Term in p, Maximum und Winkel wie im Original
matrizen-und-uebergangsprozesse-e4-k1-s7-v3;2022MgrundlegendBAGLAA1WTR-1f;5;;ganz;Matrixterm mit Abgang und Potenzen wie im Original
matrizen-und-uebergangsprozesse-e4-k1-s7-v4;2022MgrundlegendBAGLAA1WTR-1f;5;;ganz;Matrixterm mit Abgang über Diagonalmatrix, etwas einfacher
punkte-und-strecken-im-koordinatensystem-e4-k1-s4-v1;2022MgrundlegendBAGLAA2WTR1-1a;3;;ganz;Parallelogramm nachweisen und Rechteck ausschließen
ebenen-e3-k1-s8-v1;2022MgrundlegendBAGLAA2WTR1-1b;3;;ganz;Vertikalität über Normalenvektor nachweisen wie im Original
geraden-e4-k1-s3-v1;2022MgrundlegendBAGLAA2WTR1-1e;3;;ganz;Neigung in Prozent mit gleichem Weg
geraden-e4-k1-s3-v2;2022MgrundlegendBAGLAA2WTR1-1e;3;;ganz;Neigung in Prozent mit gleichem Weg
geraden-e4-k1-s3-v3;2022MgrundlegendBAGLAA2WTR1-1e;3;;ganz;Neigung in Prozent mit gleichem Weg
geraden-e4-k1-s2-v1;2022MgrundlegendBAGLAA2WTR1-1f;5;;ganz;vertikal übereinanderliegende Punkte und Abstand wie im Original
geraden-e4-k1-s2-v2;2022MgrundlegendBAGLAA2WTR1-1f;5;;ganz;vertikal übereinanderliegende Punkte und Abstand, Geraden gegeben
geraden-e4-k1-s2-v3;2022MgrundlegendBAGLAA2WTR1-1f;5;;ganz;vertikal übereinanderliegende Punkte und Abstand, Geraden gegeben
ebenen-e1-k1-s4-v1;2022MgrundlegendBAGLAA2WTR2-1a;3;;ganz;Parametergleichung und Punktprobe, beide Leistungen
punkte-und-strecken-im-koordinatensystem-e4-k1-s3-v2;2022MgrundlegendBAGLAA2WTR2-1b;2;;ganz;Rautennachweis über gleiche Seitenlängen
ableitungsregeln-e1-k2-s8-v1;2022MgrundlegendBAnalysisWTR1-1c;3;;ganz;faktorisierte Ableitung über binomische Formel nachweisen
ableitungsregeln-e1-k2-s8-v2;2022MgrundlegendBAnalysisWTR1-1c;3;;ganz;faktorisierte Ableitung über binomische Formel nachweisen
ableitungsregeln-e1-k2-s8-v3;2022MgrundlegendBAnalysisWTR1-1c;3;;ganz;faktorisierte Ableitung über binomische Formel nachweisen
stammfunktion-und-hauptsatz-e2-k1-s4-v3;2022MgrundlegendBAnalysisWTR1-1f;4;;ganz;exakter Wert und prozentuale Abweichung wie im Original
stammfunktion-und-hauptsatz-e2-k1-s4-v4;2022MgrundlegendBAnalysisWTR1-1f;4;;ganz;exakter Wert und prozentuale Abweichung wie im Original
rekonstruktion-von-funktionsgleichungen-e3-k1-s2-v1;2022MgrundlegendBAnalysisWTR1-1g;4;;ganz;a und b aus Extremstelle und Funktionswert
rekonstruktion-von-funktionsgleichungen-e3-k1-s2-v2;2022MgrundlegendBAnalysisWTR1-1g;4;;ganz;a und b aus Extremstelle und Funktionswert
flaecheninhalt-und-volumen-im-raum-e4-k1-s6-v1;2022MgrundlegendBAnalysisWTR1-2b;4;;ganz;Passung über Höhe aus Volumen, Breitenprüfung entfällt
funktionsscharen-und-ortskurven-e4-k1-s7-v1;2022MgrundlegendBAnalysisWTR1-2c;5;;ganz;Scharparameter aus Radienverhältnis mit gleichem Weg
grenzwerte-und-verhalten-im-unendlichen-e2-k1-s3-v3;2022MgrundlegendBAnalysisWTR2-1b;2;;ganz;Grenzwert und Verlauf beide verlangt
kurvenuntersuchung-e5-k1-s2-v1;2022MgrundlegendBAnalysisWTR2-2c;2;;ganz;Wendepunkt im Sachzusammenhang deuten wie im Original
ableitung-und-aenderungsrate-e4-k1-s7-v2;2022MgrundlegendBAnalysisWTR2-2d;5;;ganz;Zeitraum über f'(t) = c mit Phasenauswahl
binomialverteilung-e5-k1-s8-v5;2022MgrundlegendBStochastikWTR2-3a;3;;ganz;beide Aussagen am Diagramm beurteilen
binomialverteilung-e5-k1-s8-v6;2022MgrundlegendBStochastikWTR2-3a;3;;ganz;beide Aussagen am Diagramm beurteilen
grenzwerte-und-verhalten-im-unendlichen-e1-k2-s2-v1;2023-A-1a;3;;teil;nur Verhalten im Unendlichen, Symmetriebegründung fehlt
grenzwerte-und-verhalten-im-unendlichen-e1-k2-s5-v3;2023-A-1a;3;;teil;nur Symmetriebegründung, Verhalten im Unendlichen fehlt
grenzwerte-und-verhalten-im-unendlichen-e1-k2-s6-v1;2023-A-1a;3;;ganz;Symmetrie und Verhalten im Unendlichen beide verlangt
grenzwerte-und-verhalten-im-unendlichen-e1-k2-s6-v2;2023-A-1a;3;;ganz;Symmetrie und Verhalten im Unendlichen beide verlangt
tangente-normale-schnittwinkel-e3-k1-s2-v2;2023-A-1c;4;;ganz;Anstiegsnachweis und Normalengleichung beide verlangt
extremalprobleme-e1-k1-s2-v2;2023-A-1e;5;;teil;Einzeichnen und Fläche, Nachweis der Zielfunktion fehlt
extremalprobleme-e1-k1-s5-v3;2023-A-1e;5;;ganz;Einzeichnen, Fläche und Zielfunktion nachweisen
extremalprobleme-e1-k1-s5-v4;2023-A-1e;5;;ganz;Einzeichnen, Fläche und Zielfunktion nachweisen
extremalprobleme-e3-k1-s3-v1;2023-A-1f;6;;ganz;Extremstelle mit Substitution und Maximumsnachweis
extremalprobleme-e3-k1-s3-v2;2023-A-1f;6;;ganz;Extremstelle mit Substitution und Maximumsnachweis
extremalprobleme-e3-k1-s3-v3;2023-A-1f;6;;ganz;Extremstelle mit Substitution und Maximumsnachweis
extremalprobleme-e3-k1-s9-v3;2023-A-1f;6;;unklar;Bank verlangt zusätzlich den größten Flächeninhalt
extremalprobleme-e3-k1-s9-v4;2023-A-1f;6;;ganz;Extremstelle und Maximumsnachweis, dazu kleiner Zusatzwert
rekonstruktion-von-funktionsgleichungen-e1-k1-s4-v1;2023-A-2a;5;;ganz;verkürzter Ansatz mit Symmetrie und LGS
funktionsklassen-und-eigenschaften-e2-k1-s10-v7;2023-A-2d;2;;ganz;Nullstellen des Produkts über den Satz vom Nullprodukt begründet
funktionsklassen-und-eigenschaften-e2-k1-s10-v8;2023-A-2d;2;;ganz;Nullstellen des Produkts über den Satz vom Nullprodukt begründet
daten-e1-k2-s5-v2;2023-A-3a;2;;ganz;alle vier Felder über Randsummen wie im Original
kombinatorik-e1-k1-s3-v3;2023-A-3f;2;;ganz;Anzahl bestimmen und Fakultät wie im Original
ableitungsregeln-e1-k2-s9-v3;2023-C-1b;5;;ganz;drei Ableitungen und Anstiegsvergleich beide verlangt
ableitungsregeln-e1-k2-s9-v4;2023-C-1b;5;;ganz;drei Ableitungen und Anstiegsvergleich beide verlangt
kurvenuntersuchung-e2-k1-s5-v1;2023-C-1c;9;;ganz;weitere Extremstellen per Polynomdivision und alle Extrempunkte
funktionsklassen-und-eigenschaften-e6-k1-s10-v1;2023-C-1e;3;;ganz;Graph mit geeigneter Achseneinteilung zeichnen
funktionsklassen-und-eigenschaften-e6-k1-s10-v2;2023-C-1e;3;;ganz;Graph mit geeigneter Achseneinteilung zeichnen
kurvenuntersuchung-e5-k1-s4-v1;2023-C-2a;3;;ganz;Hochpunkt berechnen und Höhe angeben
rekonstruktion-von-funktionsgleichungen-e1-k1-s3-v2;2023-C-2b;7;;ganz;Parabel aus drei Punkten über LGS
gleichungen-loesen-e1-k1-s7-v1;2023-C-2c;6;;ganz;Schnittpunkte, Plattenmaße und Preis alle verlangt
gleichungen-loesen-e1-k1-s7-v2;2023-C-2c;6;;ganz;Schnittpunkte, Plattenmaße und Preis alle verlangt
gleichungen-loesen-e1-k1-s7-v3;2023-C-2c;6;;ganz;Schnittpunkte, Plattenmaße und Preis alle verlangt
flaecheninhalt-durch-integration-e2-k1-s7-v3;2023-C-2d;4;;ganz;Fläche zwischen zwei Bögen, Schnittstellen zusätzlich
flaecheninhalt-durch-integration-e2-k1-s7-v4;2023-C-2d;4;;ganz;Fläche zwischen zwei Bögen, Schnittstellen zusätzlich
prozentrechnung-e4-k2-s8-v3;2023-OS-B1b;1;nein;ganz;Grundwert aus Prozentwert und Prozentsatz
prozentrechnung-e4-k2-s8-v4;2023-OS-B1b;1;nein;ganz;Grundwert aus Prozentwert und Prozentsatz
brueche-dezimalzahlen-e1-k1-s6-v10;2023-OS-B1d;1;nein;ganz;Prozentanteil einer Kästchenfigur markieren
brueche-dezimalzahlen-e1-k1-s6-v9;2023-OS-B1d;1;nein;ganz;Prozentanteil einer Kästchenfigur markieren
lineare-gleichungen-e2-k3-s9-v3;2023-OS-B1e;1;nein;ganz;gleiche Gleichungsform lösen, Probe zusätzlich
lineare-gleichungen-e2-k3-s9-v4;2023-OS-B1e;1;nein;ganz;gleiche Gleichungsform lösen, Probe zusätzlich
bruchrechnung-e4-k2-s8-v5;2023-OS-B1f;1;nein;ganz;kleinsten von vier Darstellungen bestimmen
bruchrechnung-e4-k2-s8-v6;2023-OS-B1f;1;nein;ganz;kleinsten von vier Darstellungen bestimmen
brueche-dezimalzahlen-basis-k4-v1;2023-OS-B1f;1;nein;ganz;kleinsten von vier Darstellungen bestimmen
brueche-dezimalzahlen-basis-k4-v10;2023-OS-B1f;1;nein;ganz;kleinsten von vier Darstellungen bestimmen
brueche-dezimalzahlen-basis-k4-v2;2023-OS-B1f;1;nein;ganz;kleinsten von vier Darstellungen bestimmen
brueche-dezimalzahlen-basis-k4-v3;2023-OS-B1f;1;nein;ganz;größten statt kleinsten Wert, gleicher Vergleich
brueche-dezimalzahlen-basis-k4-v4;2023-OS-B1f;1;nein;ganz;kleinsten von vier Darstellungen bestimmen
brueche-dezimalzahlen-basis-k4-v5;2023-OS-B1f;1;nein;ganz;größten statt kleinsten Wert, gleicher Vergleich
brueche-dezimalzahlen-basis-k4-v6;2023-OS-B1f;1;nein;ganz;kleinsten von vier Darstellungen bestimmen
brueche-dezimalzahlen-basis-k4-v7;2023-OS-B1f;1;nein;ganz;größten statt kleinsten Wert, gleicher Vergleich
brueche-dezimalzahlen-basis-k4-v8;2023-OS-B1f;1;nein;ganz;kleinsten von vier Darstellungen bestimmen
brueche-dezimalzahlen-basis-k4-v9;2023-OS-B1f;1;nein;ganz;größten statt kleinsten Wert, gleicher Vergleich
brueche-dezimalzahlen-e5-k2-s10-v1;2023-OS-B1f;1;nein;ganz;kleinsten von vier Darstellungen bestimmen
brueche-dezimalzahlen-e5-k2-s10-v2;2023-OS-B1f;1;nein;ganz;kleinsten von vier Darstellungen bestimmen
winkel-dreiecke-basis-k2-v1;2023-OS-B1g;2;nein;ganz;Seitenlänge und dritter Winkel beide verlangt
winkel-dreiecke-basis-k2-v10;2023-OS-B1g;2;nein;ganz;Seitenlänge und dritter Winkel beide verlangt
winkel-dreiecke-basis-k2-v2;2023-OS-B1g;2;nein;ganz;Seitenlänge und dritter Winkel beide verlangt
winkel-dreiecke-basis-k2-v3;2023-OS-B1g;2;nein;ganz;Seitenlänge und dritter Winkel beide verlangt
winkel-dreiecke-basis-k2-v4;2023-OS-B1g;2;nein;ganz;Seitenlänge und dritter Winkel beide verlangt
winkel-dreiecke-basis-k2-v5;2023-OS-B1g;2;nein;ganz;Seitenlänge und dritter Winkel beide verlangt
winkel-dreiecke-basis-k2-v6;2023-OS-B1g;2;nein;ganz;Seitenlänge und dritter Winkel beide verlangt
winkel-dreiecke-basis-k2-v7;2023-OS-B1g;2;nein;ganz;Seitenlänge und dritter Winkel beide verlangt
winkel-dreiecke-basis-k2-v8;2023-OS-B1g;2;nein;ganz;Seitenlänge und dritter Winkel beide verlangt
winkel-dreiecke-basis-k2-v9;2023-OS-B1g;2;nein;ganz;Seitenlänge und dritter Winkel beide verlangt
winkel-dreiecke-e3-k2-s11-v1;2023-OS-B1g;2;nein;ganz;Seitenlänge und dritter Winkel beide verlangt
winkel-dreiecke-e3-k2-s11-v2;2023-OS-B1g;2;nein;ganz;Seitenlänge und dritter Winkel im Sachkontext
terme-basis-k2-v1;2023-OS-B1h;1;nein;ganz;passenden Term zum Sachtext ankreuzen
terme-basis-k2-v10;2023-OS-B1h;1;nein;ganz;passende Gleichung statt Term ankreuzen, gleiche Handlung
terme-basis-k2-v2;2023-OS-B1h;1;nein;ganz;passenden Term zum Sachtext ankreuzen
terme-basis-k2-v3;2023-OS-B1h;1;nein;ganz;passenden Term zum Sachtext ankreuzen
terme-basis-k2-v4;2023-OS-B1h;1;nein;ganz;passenden Term zum Sachtext ankreuzen
terme-basis-k2-v5;2023-OS-B1h;1;nein;ganz;passenden Term zum Sachtext ankreuzen
terme-basis-k2-v6;2023-OS-B1h;1;nein;ganz;passenden Term zum Sachtext ankreuzen
terme-basis-k2-v7;2023-OS-B1h;1;nein;ganz;passenden Term zum Sachtext ankreuzen
terme-basis-k2-v8;2023-OS-B1h;1;nein;ganz;passenden Term zum Sachtext ankreuzen
terme-basis-k2-v9;2023-OS-B1h;1;nein;ganz;passenden Term zum Sachtext ankreuzen
terme-e1-k1-s7-v1;2023-OS-B1h;1;nein;ganz;passenden Term zum Sachtext ankreuzen
terme-e1-k1-s7-v2;2023-OS-B1h;1;nein;ganz;passenden Term zum Sachtext ankreuzen
lineare-funktionen-basis-k3-v1;2023-OS-B1i;1;nein;ganz;dieselben Ergebnisse mit gleicher Handlung
lineare-funktionen-basis-k3-v10;2023-OS-B1i;1;nein;ganz;dieselben Ergebnisse mit gleicher Handlung
lineare-funktionen-basis-k3-v2;2023-OS-B1i;1;nein;ganz;dieselben Ergebnisse mit gleicher Handlung
lineare-funktionen-basis-k3-v3;2023-OS-B1i;1;nein;ganz;dieselben Ergebnisse mit gleicher Handlung
lineare-funktionen-basis-k3-v4;2023-OS-B1i;1;nein;ganz;dieselben Ergebnisse mit gleicher Handlung
lineare-funktionen-basis-k3-v5;2023-OS-B1i;1;nein;ganz;dieselben Ergebnisse mit gleicher Handlung
lineare-funktionen-basis-k3-v6;2023-OS-B1i;1;nein;ganz;dieselben Ergebnisse mit gleicher Handlung
lineare-funktionen-basis-k3-v7;2023-OS-B1i;1;nein;ganz;dieselben Ergebnisse mit gleicher Handlung
lineare-funktionen-basis-k3-v8;2023-OS-B1i;1;nein;ganz;dieselben Ergebnisse mit gleicher Handlung
lineare-funktionen-basis-k3-v9;2023-OS-B1i;1;nein;ganz;dieselben Ergebnisse mit gleicher Handlung
lineare-funktionen-e3-k2-s7-v15;2023-OS-B1i;1;nein;ganz;dieselben Ergebnisse mit gleicher Handlung
lineare-funktionen-e3-k2-s7-v16;2023-OS-B1i;1;nein;ganz;dieselben Ergebnisse mit gleicher Handlung
winkel-dreiecke-e2-k2-s9-v3;2023-OS-K2a;1;nein;ganz;dieselben Ergebnisse mit gleicher Handlung
lineare-funktionen-e5-k1-s5-v17;2023-OS-K3a;2;nein;ganz;dieselben Ergebnisse mit gleicher Handlung
lineare-funktionen-e5-k1-s5-v18;2023-OS-K3a;2;nein;ganz;dieselben Ergebnisse mit gleicher Handlung
lineare-funktionen-e5-k1-s5-v1;2023-OS-K3b;5;ja;ganz;dieselben Ergebnisse mit gleicher Handlung
lineare-funktionen-e5-k1-s5-v2;2023-OS-K3b;5;ja;ganz;dieselben Ergebnisse mit gleicher Handlung
lineare-funktionen-e3-k2-s7-v7;2023-OS-K4a;5;nein;teil;Zeichnen und Schnittpunkt, nur eine der drei Aussagen
lineare-funktionen-e3-k2-s7-v8;2023-OS-K4a;5;nein;teil;Zeichnen und Schnittpunkt, nur eine der drei Aussagen
quadratische-funktionen-e4-k1-s15-v1;2023-OS-K4c;3;ja;ganz;dieselben Ergebnisse mit gleicher Handlung
quadratische-funktionen-e4-k1-s15-v2;2023-OS-K4c;3;ja;ganz;dieselben Ergebnisse mit gleicher Handlung
quadratische-gleichungen-e3-k3-s13-v5;2023-OS-K4c;3;ja;ganz;dieselben Ergebnisse mit gleicher Handlung
quadratische-gleichungen-e3-k3-s13-v6;2023-OS-K4c;3;ja;ganz;dieselben Ergebnisse mit gleicher Handlung
koerper-e4-k2-s10-v1;2023-OS-K5b;2;nein;ganz;dieselben Ergebnisse mit gleicher Handlung
koerper-e4-k2-s10-v3;2023-OS-K5b;2;nein;ganz;dieselben Ergebnisse mit gleicher Handlung
koerper-e4-k2-s12-v1;2023-OS-K5d;3;ja;ganz;dieselben Ergebnisse mit gleicher Handlung
koerper-e4-k2-s12-v2;2023-OS-K5d;3;ja;ganz;dieselben Ergebnisse mit gleicher Handlung
prozentrechnung-e2-k3-s8-v3;2023-OS-K6a;2;nein;ganz;dieselben Ergebnisse mit gleicher Handlung
prozentrechnung-e2-k3-s8-v4;2023-OS-K6a;2;nein;ganz;dieselben Ergebnisse mit gleicher Handlung
prozentrechnung-e1-k1-s7-v5;2023-OS-K6b;2;nein;ganz;dieselben Ergebnisse mit gleicher Handlung
prozentrechnung-e1-k1-s7-v6;2023-OS-K6b;2;nein;ganz;dieselben Ergebnisse mit gleicher Handlung
daten-e4-k1-s1-v5;2023-OS-K6c;3;nein;ganz;dieselben Ergebnisse mit gleicher Handlung
daten-e2-k2-s11-v1;2023-OS-K6d;3;nein;ganz;dieselben Ergebnisse mit gleicher Handlung
daten-e2-k2-s11-v2;2023-OS-K6d;3;nein;ganz;dieselben Ergebnisse mit gleicher Handlung
winkel-dreiecke-e3-k2-s8-v3;2023-OS-K7a;1;nein;ganz;dieselben Ergebnisse mit gleicher Handlung
trigonometrie-e3-k1-s17-v5;2023-OS-K7b;4;nein;ganz;dieselben Ergebnisse mit gleicher Handlung
trigonometrie-e3-k1-s17-v6;2023-OS-K7b;4;nein;ganz;dieselben Ergebnisse mit gleicher Handlung
tangente-normale-schnittwinkel-e1-k1-s8-v3;2023-bebb-gk-A1.1a;2;;ganz;dieselben Ergebnisse mit gleicher Handlung
stammfunktion-und-hauptsatz-e3-k1-s1-v3;2023-bebb-gk-A1.2b;4;;ganz;Stammfunktionsgraph durch einen Punkt aus dem Graphen von f skizziert
geraden-e2-k1-s2-v1;2023-bebb-gk-A1.4a;1;;ganz;dieselben Ergebnisse mit gleicher Handlung
geraden-e2-k1-s2-v2;2023-bebb-gk-A1.4a;1;;ganz;dieselben Ergebnisse mit gleicher Handlung
geraden-e2-k1-s2-v3;2023-bebb-gk-A1.4a;1;;ganz;dieselben Ergebnisse mit gleicher Handlung
schnittmengen-e2-k1-s2-v1;2023-bebb-gk-A1.4b;4;;ganz;dieselben Ergebnisse mit gleicher Handlung
schnittmengen-e2-k1-s2-v3;2023-bebb-gk-A1.4b;4;;ganz;dieselben Ergebnisse mit gleicher Handlung
punkte-und-strecken-im-koordinatensystem-e3-k1-s1-v1;2023-bebb-gk-A1.5a;2;;ganz;dieselben Ergebnisse mit gleicher Handlung
punkte-und-strecken-im-koordinatensystem-e3-k1-s1-v2;2023-bebb-gk-A1.5a;2;;ganz;dieselben Ergebnisse mit gleicher Handlung
punkte-und-strecken-im-koordinatensystem-e3-k1-s1-v3;2023-bebb-gk-A1.5a;2;;ganz;dieselben Ergebnisse mit gleicher Handlung
punkte-und-strecken-im-koordinatensystem-e3-k1-s1-v4;2023-bebb-gk-A1.5a;2;;ganz;dieselben Ergebnisse mit gleicher Handlung
punkte-und-strecken-im-koordinatensystem-e3-k1-s1-v5;2023-bebb-gk-A1.5a;2;;ganz;dieselben Ergebnisse mit gleicher Handlung
punkte-und-strecken-im-koordinatensystem-e3-k1-s10-v1;2023-bebb-gk-A1.5b;3;;ganz;dieselben Ergebnisse mit gleicher Handlung
punkte-und-strecken-im-koordinatensystem-e3-k1-s10-v2;2023-bebb-gk-A1.5b;3;;ganz;dieselben Ergebnisse mit gleicher Handlung
binomialverteilung-e5-k1-s4-v1;2023-bebb-gk-A1.7b;3;;ganz;dieselben Ergebnisse mit gleicher Handlung
binomialverteilung-e5-k1-s4-v2;2023-bebb-gk-A1.7b;3;;ganz;dieselben Ergebnisse mit gleicher Handlung
grenzwerte-und-verhalten-im-unendlichen-e2-k1-s4-v1;2023-bebb-gk-B2.1a;2;;ganz;dieselben Ergebnisse mit gleicher Handlung
tangente-normale-schnittwinkel-e1-k1-s6-v1;2023-bebb-gk-B2.1c;2;;ganz;dieselben Ergebnisse mit gleicher Handlung
kurvenuntersuchung-e3-k1-s8-v1;2023-bebb-gk-B2.1f;5;;ganz;dieselben Ergebnisse mit gleicher Handlung
stammfunktion-und-hauptsatz-e1-k1-s7-v4;2023-bebb-gk-B2.1l;5;;teil;nur die Stammfunktion, Original verlangt auch die Fläche
stammfunktion-und-hauptsatz-e1-k1-s7-v5;2023-bebb-gk-B2.1l;5;;teil;nur die Stammfunktion, Original verlangt auch die Fläche
funktionsklassen-und-eigenschaften-e2-k1-s10-v3;2023-bebb-gk-B2.2a;4;;ganz;dieselben Ergebnisse mit gleicher Handlung
funktionsklassen-und-eigenschaften-e2-k1-s10-v4;2023-bebb-gk-B2.2a;4;;ganz;dieselben Ergebnisse mit gleicher Handlung
tangente-normale-schnittwinkel-e2-k1-s4-v1;2023-bebb-gk-B2.2d;5;;ganz;dieselben Ergebnisse mit gleicher Handlung
kurvenuntersuchung-e4-k1-s9-v3;2023-bebb-gk-B2.2e;4;;ganz;dieselben Ergebnisse mit gleicher Handlung
kurvenuntersuchung-e4-k1-s9-v4;2023-bebb-gk-B2.2e;4;;ganz;dieselben Ergebnisse mit gleicher Handlung
gleichungen-loesen-e4-k1-s2-v1;2023-bebb-gk-B2.2g;5;;ganz;dieselben Ergebnisse mit gleicher Handlung
gleichungen-loesen-e4-k1-s2-v3;2023-bebb-gk-B2.2g;5;;ganz;dieselben Ergebnisse mit gleicher Handlung
rekonstruktion-von-funktionsgleichungen-e2-k1-s2-v2;2023-bebb-gk-B2.2k;6;;ganz;dieselben Ergebnisse mit gleicher Handlung
punkte-und-strecken-im-koordinatensystem-e2-k1-s5-v2;2023-bebb-gk-B3a;4;;teil;nur der Teilpunkt, Original verlangt auch Gleichseitigkeit
punkte-und-strecken-im-koordinatensystem-e2-k1-s5-v3;2023-bebb-gk-B3a;4;;teil;nur der Teilpunkt, Original verlangt auch Gleichseitigkeit
punkte-und-strecken-im-koordinatensystem-e3-k1-s2-v1;2023-bebb-gk-B3a;4;;teil;nur Gleichseitigkeit, Original verlangt auch den Teilpunkt
punkte-und-strecken-im-koordinatensystem-e3-k1-s2-v3;2023-bebb-gk-B3a;4;;teil;nur Gleichseitigkeit, Original verlangt auch den Teilpunkt
ebenen-e4-k1-s3-v1;2023-bebb-gk-B3b;2;;ganz;dieselben Ergebnisse mit gleicher Handlung
abstaende-e4-k1-s1-v1;2023-bebb-gk-B3c;3;;ganz;Schrägstrecke gegen Ebenenabstand entschieden und begründet
schnittmengen-e1-k2-s2-v1;2023-bebb-gk-B3d;3;;ganz;dieselben Ergebnisse mit gleicher Handlung
lagebeziehungen-e1-k2-s6-v1;2023-bebb-gk-B3f;3;;ganz;dieselben Ergebnisse mit gleicher Handlung
abstaende-e3-k1-s3-v2;2023-bebb-gk-B3h;4;;ganz;dieselben Ergebnisse mit gleicher Handlung
punkte-und-strecken-im-koordinatensystem-e5-k1-s8-v1;2023-bebb-gk-B3i;4;;ganz;dieselben Ergebnisse mit gleicher Handlung
punkte-und-strecken-im-koordinatensystem-e5-k1-s8-v2;2023-bebb-gk-B3i;4;;ganz;dieselben Ergebnisse mit gleicher Handlung
vierfeldertafel-e1-k2-s1-v4;2023-bebb-gk-B4.1a;3;;ganz;dieselben Ergebnisse mit gleicher Handlung
vierfeldertafel-e2-k1-s2-v1;2023-bebb-gk-B4.1b;2;;ganz;dieselben Ergebnisse mit gleicher Handlung
bedingte-wahrscheinlichkeit-und-bayes-e1-k1-s1-v5;2023-bebb-gk-B4.1c;2;;ganz;dieselben Ergebnisse mit gleicher Handlung
binomialverteilung-e3-k1-s6-v1;2023-bebb-gk-B4.1d;3;;ganz;dieselben Ergebnisse mit gleicher Handlung
binomialverteilung-e3-k1-s6-v2;2023-bebb-gk-B4.1d;3;;ganz;dieselben Ergebnisse mit gleicher Handlung
kenngroessen-von-verteilungen-e1-k1-s5-v1;2023-bebb-gk-B4.2a;3;;ganz;dieselben Ergebnisse mit gleicher Handlung
kenngroessen-von-verteilungen-e1-k1-s5-v2;2023-bebb-gk-B4.2a;3;;ganz;dieselben Ergebnisse mit gleicher Handlung
kenngroessen-von-verteilungen-e1-k1-s3-v2;2023-bebb-gk-B4.2b;2;;ganz;dieselben Ergebnisse mit gleicher Handlung
kenngroessen-von-verteilungen-e2-k1-s3-v2;2023-bebb-gk-B4.2c;5;;ganz;dieselben Ergebnisse mit gleicher Handlung
kurvenuntersuchung-e4-k1-s7-v1;2023-bebb-lk-A1.1a;2;;ganz;dieselbe Begründung des Mindestgrads aus dem Extremum der Ableitung, gleiche Angaben
kurvenuntersuchung-e4-k1-s6-v1;2023-bebb-lk-A1.1b;3;;ganz;dieselben Ergebnisse mit gleicher Handlung
rekonstruktion-von-funktionsgleichungen-e2-k1-s6-v1;2023-bebb-lk-A1.4b;3;;ganz;dieselben Ergebnisse mit gleicher Handlung
rekonstruktion-von-funktionsgleichungen-e2-k1-s6-v2;2023-bebb-lk-A1.4b;3;;ganz;dieselben Ergebnisse mit gleicher Handlung
rekonstruktion-von-funktionsgleichungen-e2-k1-s6-v3;2023-bebb-lk-A1.4b;3;;ganz;dieselben Ergebnisse mit gleicher Handlung
scharen-von-geraden-und-ebenen-e1-k2-s8-v3;2023-bebb-lk-A1.5b;3;;ganz;dieselben Ergebnisse mit gleicher Handlung
scharen-von-geraden-und-ebenen-e1-k2-s8-v4;2023-bebb-lk-A1.5b;3;;ganz;dieselben Ergebnisse mit gleicher Handlung
spiegelung-e2-k1-s3-v3;2023-bebb-lk-A1.6b;4;;ganz;dieselben Ergebnisse mit gleicher Handlung
kenngroessen-von-verteilungen-e2-k1-s3-v3;2023-bebb-lk-A1.7b;4;;ganz;dieselben Ergebnisse mit gleicher Handlung
binomialverteilung-e1-k1-s4-v1;2023-bebb-lk-A1.8a;2;;ganz;dieselben Ergebnisse mit gleicher Handlung
binomialverteilung-e1-k1-s4-v2;2023-bebb-lk-A1.8a;2;;ganz;dieselben Ergebnisse mit gleicher Handlung
zufallsexperimente-und-pfadregeln-e6-k1-s7-v1;2023-bebb-lk-A1.8b;3;;ganz;dieselben Ergebnisse mit gleicher Handlung
zufallsexperimente-und-pfadregeln-e6-k1-s7-v2;2023-bebb-lk-A1.8b;3;;ganz;dieselben Ergebnisse mit gleicher Handlung
funktionsscharen-und-ortskurven-e4-k1-s8-v3;2023-bebb-lk-B2.1a;5;;ganz;dieselben Ergebnisse mit gleicher Handlung
funktionsscharen-und-ortskurven-e4-k1-s8-v4;2023-bebb-lk-B2.1a;5;;ganz;dieselben Ergebnisse mit gleicher Handlung
grenzwerte-und-verhalten-im-unendlichen-e2-k1-s7-v1;2023-bebb-lk-B2.1b;2;;ganz;dieselben Ergebnisse mit gleicher Handlung
grenzwerte-und-verhalten-im-unendlichen-e2-k1-s7-v2;2023-bebb-lk-B2.1b;2;;ganz;dieselben Ergebnisse mit gleicher Handlung
gleichungen-loesen-e3-k1-s9-v1;2023-bebb-lk-B2.1i;5;;ganz;dieselben Ergebnisse mit gleicher Handlung
gleichungen-loesen-e3-k1-s9-v2;2023-bebb-lk-B2.1i;5;;ganz;dieselben Ergebnisse mit gleicher Handlung
rekonstruktion-von-funktionsgleichungen-e3-k1-s6-v1;2023-bebb-lk-B2.1l;3;;ganz;dieselben Ergebnisse mit gleicher Handlung
rekonstruktion-von-funktionsgleichungen-e3-k1-s6-v2;2023-bebb-lk-B2.1l;3;;ganz;dieselben Ergebnisse mit gleicher Handlung
ableitung-und-aenderungsrate-e2-k1-s5-v1;2023-bebb-lk-B2.2b;1;;ganz;dieselben Ergebnisse mit gleicher Handlung
rekonstruktion-von-bestaenden-e2-k1-s2-v1;2023-bebb-lk-B2.2d;2;;ganz;dieselben Ergebnisse mit gleicher Handlung
rekonstruktion-von-bestaenden-e2-k1-s3-v1;2023-bebb-lk-B2.2e;4;;ganz;dieselben Ergebnisse mit gleicher Handlung
funktionsscharen-und-ortskurven-e2-k1-s4-v2;2023-bebb-lk-B2.2h;3;;ganz;dieselben Ergebnisse mit gleicher Handlung
flaecheninhalt-und-volumen-im-raum-e1-k2-s7-v5;2023-bebb-lk-B3c;3;;ganz;dieselben Ergebnisse mit gleicher Handlung
flaecheninhalt-und-volumen-im-raum-e1-k2-s7-v6;2023-bebb-lk-B3c;3;;ganz;dieselben Ergebnisse mit gleicher Handlung
flaecheninhalt-und-volumen-im-raum-e3-k1-s4-v2;2023-bebb-lk-B3d;3;;ganz;dieselben Ergebnisse mit gleicher Handlung
scharen-von-geraden-und-ebenen-e4-k1-s4-v2;2023-bebb-lk-B3e;4;;ganz;dieselben Ergebnisse mit gleicher Handlung
orthogonalitaet-e2-k1-s3-v1;2023-bebb-lk-B3f;5;;ganz;Koordinate über Skalarprodukt mit Bereichsprüfung wie im Original
punkte-und-strecken-im-koordinatensystem-e5-k1-s8-v3;2023-bebb-lk-B3g;5;;ganz;Lösungsweg der Drehung beschreiben wie im Original
punkte-und-strecken-im-koordinatensystem-e5-k1-s8-v4;2023-bebb-lk-B3g;5;;ganz;Lösungsweg beschreiben, Bildpunkt nur als kleiner Zusatz
scharen-von-geraden-und-ebenen-e2-k1-s4-v3;2023-bebb-lk-B3h;2;;ganz;Nachweis über beide Endpunkte mit gleichem Parameter
scharen-von-geraden-und-ebenen-e3-k1-s3-v3;2023-bebb-lk-B3j;5;;ganz;beide Parameterwerte über die Abstandsformel wie im Original
scharen-von-geraden-und-ebenen-e4-k1-s6-v1;2023-bebb-lk-B3k;4;;ganz;kleinsten Parameter mit Begründung über Eckenmaximum
scharen-von-geraden-und-ebenen-e4-k1-s6-v2;2023-bebb-lk-B3k;4;;ganz;kleinsten Parameter mit Begründung über Eckenmaximum
zufallsexperimente-und-pfadregeln-e1-k1-s7-v1;2023-bebb-lk-B4b;2;;ganz;gleiche Termdeutung als genau eines der Ereignisse
zufallsexperimente-und-pfadregeln-e1-k1-s7-v2;2023-bebb-lk-B4b;2;;ganz;gleiche Termdeutung als genau eines der Ereignisse
unabhaengigkeit-e2-k1-s1-v3;2023-bebb-lk-B4e;3;;ganz;Anteil für Unabhängigkeit angeben und begründen
kenngroessen-von-verteilungen-e2-k4-s1-v1;2023-bebb-lk-B4g;4;;ganz;Restwahrscheinlichkeit und Teilerwartungswert wie im Original
hypothesentests-e1-k1-s2-v1;2023-bebb-lk-B4i;4;;ganz;Entscheidungsregel linksseitig wie im Original
hypothesentests-e3-k1-s1-v1;2023-bebb-lk-B4j;4;;ganz;Fehler zweiter Art für zwei Werte mit Deutung
hypergeometrische-verteilung-e2-k1-s2-v1;2023-bebb-lk-B4l;4;;ganz;größtes n über kumulierte Summe wie im Original
hypergeometrische-verteilung-e2-k1-s2-v2;2023-bebb-lk-B4l;4;;ganz;größtes n über kumulierte Summe wie im Original
matrizen-und-uebergangsprozesse-e5-k1-s7-v3;2023MerhoehtAAGLAA12-b;3;;ganz;Entwicklung mit Fallunterscheidung nach c beschreiben
matrizen-und-uebergangsprozesse-e5-k1-s7-v4;2023MerhoehtAAGLAA12-b;3;;ganz;Entwicklung mit Fallunterscheidung nach c beschreiben
punkte-und-strecken-im-koordinatensystem-e4-k1-s9-v3;2023MerhoehtAAGLAA212-b;4;;ganz;beide Rautenecken C und D mit gleichem Weg
orthogonalitaet-e2-k1-s7-v1;2023MerhoehtAAGLAA221;5;;ganz;Eckpunkt über Orthogonalität, Ebene und Länge
orthogonalitaet-e2-k1-s7-v2;2023MerhoehtAAGLAA221;5;;ganz;Eckpunkt über Orthogonalität, Ebene und Länge
kurvenuntersuchung-e4-k1-s7-v2;2023MerhoehtAAnalysis11-a;2;;ganz;Mindestgrad aus Ableitungseigenschaft begründen
ableitung-und-aenderungsrate-e2-k1-s8-v1;2023MerhoehtAAnalysis13-a;2;;ganz;Steigungsaussage am Graphen beurteilen
ableitung-und-aenderungsrate-e2-k1-s8-v2;2023MerhoehtAAnalysis13-a;2;;ganz;Steigungsaussage am Graphen beurteilen
rotationsvolumen-e2-k1-s3-v1;2023MerhoehtAAnalysis13-b;3;;ganz;Volumen über einbeschriebene Zylinder abschätzen
stammfunktion-und-hauptsatz-e3-k1-s1-v5;2023MerhoehtAAnalysis21-b;3;;ganz;Stammfunktionsgraph mit Terrassenpunkt durch einen Punkt skizziert
rekonstruktion-von-funktionsgleichungen-e3-k1-s6-v3;2023MerhoehtAAnalysis22;5;;ganz;Kosinusrekonstruktion mit Parameter und Steigung
rekonstruktion-von-funktionsgleichungen-e3-k1-s6-v4;2023MerhoehtAAnalysis22;5;;ganz;Kosinusrekonstruktion mit Parameter und Steigung
unabhaengigkeit-e2-k1-s3-v1;2023MerhoehtAStochastik12-b;3;;ganz;Gleichung für p aufstellen, Lösen als kleiner Zusatz
kombinatorik-e3-k1-s6-v1;2023MerhoehtAStochastik21-b;3;;ganz;Term für jede Zahl mindestens einmal, Wert als Zusatz
matrizen-und-uebergangsprozesse-e3-k1-s7-v3;2023MerhoehtBAGLAA1WTR-1d;4;;ganz;Summe der Zwischenprodukte aus einer Zeile
matrizen-und-uebergangsprozesse-e3-k1-s7-v4;2023MerhoehtBAGLAA1WTR-1d;4;;ganz;Summe der Zwischenprodukte aus einer Zeile
skalarprodukt-und-winkel-e2-k2-s6-v1;2023MerhoehtBAGLAA1WTR-2a;3;;ganz;beide Innenwinkel über Gleichseitigkeit
skalarprodukt-und-winkel-e2-k2-s6-v2;2023MerhoehtBAGLAA1WTR-2a;3;;ganz;beide Innenwinkel über Gleichseitigkeit
punkte-und-strecken-im-koordinatensystem-e3-k1-s9-v1;2023MerhoehtBAGLAA1WTR-2b;2;;ganz;Punkt T über Parallelogrammergänzung
punkte-und-strecken-im-koordinatensystem-e3-k1-s9-v2;2023MerhoehtBAGLAA1WTR-2b;2;;ganz;Punkt T über Parallelogrammergänzung
punkte-und-strecken-im-koordinatensystem-e3-k1-s9-v3;2023MerhoehtBAGLAA1WTR-2b;2;;ganz;Punkt T über Parallelogrammergänzung
flaecheninhalt-und-volumen-im-raum-e1-k2-s7-v1;2023MerhoehtBAGLAA1WTR-2c;3;;ganz;Flächengleichheit an der Skizze begründen
flaecheninhalt-und-volumen-im-raum-e1-k2-s7-v2;2023MerhoehtBAGLAA1WTR-2c;3;;ganz;Flächenverhältnis an der Skizze mit gleichem Weg begründen
lagebeziehungen-e2-k1-s3-v2;2023MerhoehtBAGLAA2WTR1-1b;3;;ganz;beide Parameter über Punkt einsetzen
abstaende-e4-k1-s3-v1;2023MerhoehtBAGLAA2WTR1-1c;5;;ganz;Abstand über Mittelpunkt der Oberkante begründen
skalarprodukt-und-winkel-e4-k1-s3-v3;2023MerhoehtBAGLAA2WTR1-1d;3;;ganz;Winkel gegen Horizontale über Projektion
schnittmengen-e1-k2-s6-v1;2023MerhoehtBAGLAA2WTR1-1e;4;;ganz;Rechenweg für Schnittpunkt beschreiben
schnittmengen-e1-k2-s6-v2;2023MerhoehtBAGLAA2WTR1-1e;4;;ganz;Rechenweg für Schnittpunkt beschreiben
ebenen-e3-k1-s5-v1;2023MerhoehtBAGLAA2WTR1-1f;2;;ganz;besondere Lage und Gleichung der Ebene
punkte-und-strecken-im-koordinatensystem-e2-k1-s9-v5;2023MerhoehtBAGLAA2WTR1-1g;4;;ganz;Zeitpunkt und Höhe gegen die Mauer prüfen
punkte-und-strecken-im-koordinatensystem-e2-k1-s9-v6;2023MerhoehtBAGLAA2WTR1-1g;4;;ganz;Zeitpunkt und Höhe gegen die Mauer prüfen
ebenen-e2-k1-s4-v2;2023MerhoehtBAGLAA2WTR2-1a;4;;ganz;Koordinatengleichung durch Parameterelimination
scharen-von-geraden-und-ebenen-e4-k1-s4-v3;2023MerhoehtBAGLAA2WTR2-1e;4;;ganz;größten Bereich und zugehörige Kanten bestimmen
orthogonalitaet-e2-k1-s3-v2;2023MerhoehtBAGLAA2WTR2-1f;5;;ganz;Koordinate über Skalarprodukt mit Bereichsprüfung
abstaende-e3-k1-s7-v1;2023MerhoehtBAGLAA2WTR2-1g;3;;ganz;Aufgabenstellung formulieren und Bedeutung von S angeben
abstaende-e3-k1-s7-v2;2023MerhoehtBAGLAA2WTR2-1g;3;;ganz;Aufgabenstellung formulieren und Bedeutung von S angeben
funktionsklassen-und-eigenschaften-e2-k1-s10-v5;2023MerhoehtBAnalysisWTR1-1a;3;;ganz;Nullstellen nennen und Vollständigkeit begründen
funktionsklassen-und-eigenschaften-e2-k1-s10-v6;2023MerhoehtBAnalysisWTR1-1a;3;;ganz;Nullstellen nennen und Vollständigkeit begründen
ableitung-und-aenderungsrate-e2-k1-s5-v2;2023MerhoehtBAnalysisWTR1-1b;1;;ganz;negative Rate im Sachzusammenhang deuten
funktionsscharen-und-ortskurven-e5-k1-s8-v3;2023MerhoehtBAnalysisWTR1-2d;7;;ganz;Trapez begründen und Flächengleichheit nachweisen
funktionsscharen-und-ortskurven-e5-k1-s8-v4;2023MerhoehtBAnalysisWTR1-2d;7;;ganz;Trapez begründen und Flächengleichheit nachweisen
tangente-normale-schnittwinkel-e4-k1-s4-v2;2023MerhoehtBAnalysisWTR2-1d;5;;ganz;Winkel gegen senkrechten Pfeiler als Ergänzung
gleichungen-loesen-e3-k1-s3-v1;2023MerhoehtBAnalysisWTR2-2b;2;;ganz;Gleichung mit Maßstab aufstellen wie im Original
gleichungen-loesen-e3-k1-s3-v2;2023MerhoehtBAnalysisWTR2-2b;2;;ganz;Gleichung mit Maßstab aufstellen wie im Original
gleichungen-loesen-e3-k1-s3-v3;2023MerhoehtBAnalysisWTR2-2b;2;;ganz;Gleichung mit Maßstab aufstellen wie im Original
tangente-normale-schnittwinkel-e3-k1-s7-v1;2023MerhoehtBAnalysisWTR2-2d;6;;ganz;Abstand über Normalenbedingung deuten und begründen
tangente-normale-schnittwinkel-e3-k1-s7-v2;2023MerhoehtBAnalysisWTR2-2d;6;;ganz;Abstand über Normalenbedingung deuten und begründen
skalarprodukt-und-winkel-e4-k1-s4-v1;2023MerhoehtBAnalysisWTR2-2e;5;;ganz;Bogenlänge über halben Mittelpunktswinkel
skalarprodukt-und-winkel-e4-k1-s4-v2;2023MerhoehtBAnalysisWTR2-2e;5;;ganz;Bogenlänge über halben Mittelpunktswinkel mit Maßstab
unabhaengigkeit-e1-k2-s5-v2;2023MerhoehtBStochastikWTR1-2;5;;ganz;Unabhängigkeit durch Abzählen untersuchen
kenngroessen-von-verteilungen-e1-k1-s5-v3;2023MerhoehtBStochastikWTR1-3b;4;;ganz;Erwartungswert berechnen und Empfehlung begründen
kenngroessen-von-verteilungen-e1-k1-s5-v4;2023MerhoehtBStochastikWTR1-3b;4;;ganz;Erwartungswert berechnen und Empfehlung begründen
konfidenzintervalle-e2-k1-s3-v1;2023MerhoehtBStochastikWTR1-4b;4;;ganz;kleinsten Umfang über die Ungleichung
konfidenzintervalle-e2-k1-s3-v2;2023MerhoehtBStochastikWTR1-4b;4;;ganz;kleinsten Umfang über die Ungleichung
hypothesentests-e3-k1-s5-v5;2023MerhoehtBStochastikWTR2-2c;5;;ganz;Bedingung mit Gütekurven und Fehler zweiter Art begründen
hypothesentests-e3-k1-s5-v6;2023MerhoehtBStochastikWTR2-2c;5;;ganz;Bedingung mit Gütekurven und Fehler zweiter Art begründen
binomialverteilung-e3-k1-s9-v3;2023MerhoehtBStochastikWTR3-1c;4;;ganz;zwei Binomialmodelle verkettet wie im Original
binomialverteilung-e3-k1-s9-v4;2023MerhoehtBStochastikWTR3-1c;4;;ganz;zwei Binomialmodelle verkettet wie im Original
normalverteilung-und-sigma-regeln-e1-k1-s4-v1;2023MerhoehtBStochastikWTR3-2c;6;;ganz;beide Dichten skizzieren und Wirkung begründen
normalverteilung-und-sigma-regeln-e1-k1-s4-v2;2023MerhoehtBStochastikWTR3-2c;6;;ganz;beide Dichten skizzieren und Wirkung begründen
kombinatorik-e3-k1-s5-v3;2023MerhoehtBStochastikWTR3-3;4;;ganz;kleinstes n über Fakultät durch Potenz
schnittmengen-e2-k1-s2-v2;2023MgrundlegendAAGLAA212-b;4;;ganz;Parameter aus Geradenschnitt bestimmen
geraden-e1-k2-s2-v1;2023MgrundlegendAAGLAA213-a;1;;unklar;Original nur Deutung, Bank verlangt zusätzlich die Gleichung
geraden-e1-k2-s2-v2;2023MgrundlegendAAGLAA213-a;1;;ganz;vorgegebene Streckengleichung im Sachzusammenhang deuten
geraden-e1-k2-s2-v3;2023MgrundlegendAAGLAA213-a;1;;ganz;vorgegebene Streckengleichung im Sachzusammenhang deuten
geraden-e2-k1-s7-v1;2023MgrundlegendAAGLAA213-b;4;;ganz;Höhe aus Entfernung über Parameteranteil und Maßstab
geraden-e2-k1-s7-v2;2023MgrundlegendAAGLAA213-b;4;;ganz;Höhe aus Entfernung über Parameteranteil und Maßstab
geraden-e2-k1-s7-v3;2023MgrundlegendAAGLAA213-b;4;;ganz;Höhe aus Entfernung über Parameteranteil und Maßstab
lagebeziehungen-e2-k1-s2-v1;2023MgrundlegendAAGLAA22-a;1;;ganz;Parameter durch Einsetzen des passenden Punkts
flaecheninhalt-und-volumen-im-raum-e4-k1-s7-v3;2023MgrundlegendAAGLAA22-b;4;;ganz;Parameter für größtes Volumen über Parabel
flaecheninhalt-und-volumen-im-raum-e4-k1-s7-v4;2023MgrundlegendAAGLAA22-b;4;;ganz;Parameter für größtes Volumen über Parabel
stammfunktion-und-hauptsatz-e2-k1-s1-v4;2023MgrundlegendAAnalysis13-a;2;;ganz;bestimmtes Integral mit selbst gebildeter Stammfunktion
funktionsklassen-und-eigenschaften-e6-k1-s10-v5;2023MgrundlegendAAnalysis13-b;3;;ganz;Aussage zur Achsenskalierung beurteilen
funktionsklassen-und-eigenschaften-e6-k1-s10-v6;2023MgrundlegendAAnalysis13-b;3;;ganz;Aussage zur Achsenskalierung beurteilen
gleichungen-loesen-e2-k1-s11-v1;2023MgrundlegendAAnalysis2-b;3;;ganz;Schnittstelle durch Kürzen, dann Steigung
gleichungen-loesen-e2-k1-s11-v2;2023MgrundlegendAAnalysis2-b;3;;ganz;Schnittstelle durch Kürzen, dann Steigung
punkte-und-strecken-im-koordinatensystem-e4-k1-s2-v1;2023MgrundlegendBAGLAA1WTR-1a;3;;ganz;Rechteck über Vektorgleichheit und Skalarprodukt
abstaende-e1-k2-s3-v2;2023MgrundlegendBAGLAA1WTR-1c;3;;ganz;entfernteste Ecke gegen Vergleichslänge prüfen
punkte-und-strecken-im-koordinatensystem-e4-k1-s7-v1;2023MgrundlegendBAGLAA2WTR1-1a;3;;ganz;Drachenviereck über zwei Seitenpaare nachweisen
punkte-und-strecken-im-koordinatensystem-e4-k1-s7-v2;2023MgrundlegendBAGLAA2WTR1-1a;3;;ganz;Drachenviereck über zwei Seitenpaare nachweisen
punkte-und-strecken-im-koordinatensystem-e4-k1-s7-v3;2023MgrundlegendBAGLAA2WTR1-1a;3;;ganz;Drachenviereck über zwei Seitenpaare nachweisen
lagebeziehungen-e2-k1-s3-v1;2023MgrundlegendBAGLAA2WTR1-1b;2;;ganz;beide Parameter über Punkt einsetzen, einen wählen
spiegelung-e3-k1-s5-v3;2023MgrundlegendBAGLAA2WTR1-1c;3;;ganz;Symmetrieebene über Prisma und Grundflächenachse begründen
skalarprodukt-und-winkel-e4-k1-s1-v5;2023MgrundlegendBAGLAA2WTR1-1f;3;;ganz;Winkel Gerade gegen Ebene mit Sinusformel
lagebeziehungen-e4-k1-s2-v2;2023MgrundlegendBAGLAA2WTR1-1g;5;;teil;nur Deutung des Schritts, Original verlangt auch die Zeichnung
punkte-und-strecken-im-koordinatensystem-e3-k1-s5-v1;2023MgrundlegendBAGLAA2WTR2-1a;3;;ganz;Gleichschenkligkeit und Parallelität wie im Original
punkte-und-strecken-im-koordinatensystem-e3-k1-s5-v2;2023MgrundlegendBAGLAA2WTR2-1a;3;;ganz;Gleichschenkligkeit und Parallelität wie im Original
punkte-und-strecken-im-koordinatensystem-e3-k1-s5-v3;2023MgrundlegendBAGLAA2WTR2-1a;3;;ganz;Gleichschenkligkeit und Parallelität wie im Original
abstaende-e4-k1-s1-v2;2023MgrundlegendBAGLAA2WTR2-1e;3;;teil;nur die Begründung, Original verlangt auch das Lot einzuzeichnen
flaecheninhalt-und-volumen-im-raum-e4-k1-s7-v7;2023MgrundlegendBAGLAA2WTR2-1f;4;;ganz;Graph zuordnen und Linearität begründen
flaecheninhalt-und-volumen-im-raum-e4-k1-s7-v8;2023MgrundlegendBAGLAA2WTR2-1f;4;;ganz;Graph zuordnen und Linearität begründen
kurvenuntersuchung-e2-k6-s1-v1;2023MgrundlegendBAnalysisWTR1-1a;3;;ganz;Nullstellen und Extremstelle einer Parabel
kurvenuntersuchung-e2-k12-s3-v1;2023MgrundlegendBAnalysisWTR1-1b;2;;unklar;Original nur Beschreibung, Bank verlangt zusätzlich die Rechnung
tangente-normale-schnittwinkel-e4-k1-s3-v3;2023MgrundlegendBAnalysisWTR1-1c;4;;ganz;Schnittwinkel mit waagerechter Gerade über Ableitung
funktionsscharen-und-ortskurven-e1-k1-s6-v2;2023MgrundlegendBAnalysisWTR1-3a;1;;ganz;Einfluss des additiven Parameters beschreiben
kombinatorik-e1-k1-s6-v3;2023MgrundlegendBStochastikWTR1-1a;2;;ganz;geordnete Auswahl ohne Wiederholung
daten-e1-k2-s4-v2;2023MgrundlegendBStochastikWTR2-2a;2;;ganz;relative Häufigkeit aus Restanzahl
binomialverteilung-e3-k2-s1-v1;2023MgrundlegendBStochastikWTR2-2b;4;;ganz;Restwahrscheinlichkeit nach bekannten Ergebnissen binomial
binomialverteilung-e3-k2-s1-v2;2023MgrundlegendBStochastikWTR2-2b;4;;ganz;Restwahrscheinlichkeit nach bekannten Ergebnissen binomial
ableitungsregeln-e1-k2-s9-v1;2024-B-1d;5;;ganz;drei Ableitungen, Punktprobe und Extrempunktprüfung
ableitungsregeln-e1-k2-s9-v2;2024-B-1d;5;;ganz;drei Ableitungen, Punktprobe und Extrempunktprüfung
kurvenuntersuchung-e3-k1-s7-v1;2024-B-1e;7;;ganz;Nachweis, Koordinaten und Sattelpunkt wie im Original
daten-e6-k1-s5-v1;2024-B-3a;2;;ganz;Medianklasse mit Begründung über kumulierte Häufigkeiten
daten-e6-k1-s4-v2;2024-B-3b;5;;ganz;Abweichung vom Mittel und Standardabweichung, gleicher Weg
unabhaengigkeit-e1-k2-s2-v2;2024-B-3e;5;;ganz;Anzahl bestimmen und Abhängigkeit prüfen wie im Original
ableitungsregeln-e1-k2-s5-v1;2024-C-1c;4;;ganz;drei Ableitungen und Anstieg im y-Achsenschnittpunkt
ableitungsregeln-e1-k2-s5-v2;2024-C-1c;4;;ganz;drei Ableitungen und Anstieg im y-Achsenschnittpunkt
ableitungsregeln-e1-k2-s5-v3;2024-C-1c;4;;ganz;drei Ableitungen und Anstieg, Stelle statt y-Achse
kurvenuntersuchung-e1-k1-s7-v5;2024-C-1d;7;;ganz;Extrempunkte mit Art und Monotonieverhalten
kurvenuntersuchung-e1-k1-s7-v6;2024-C-1d;7;;ganz;Extrempunkte mit Art und Monotonieverhalten
tangente-normale-schnittwinkel-e5-k1-s8-v5;2024-C-1g;7;;ganz;Tangente, Skizze und Dreiecksfläche wie im Original
tangente-normale-schnittwinkel-e5-k1-s8-v6;2024-C-1g;7;;teil;Tangente und Fläche, Skizze fehlt
rotationsvolumen-e1-k1-s2-v2;2024-C-2c;4;;ganz;Rotationsvolumen mit gleichem Weg, Umrechnung in Liter
kurvenuntersuchung-e5-k1-s4-v2;2024-C-2d;4;;ganz;Anfangshöhe und maximale Höhe wie im Original
gleichungen-loesen-e1-k1-s2-v2;2024-C-2f;3;;ganz;beide Stellen zum Funktionswert im Sachkontext
daten-e1-k2-s7-v1;2024-C-3b;3;;ganz;relative Häufigkeiten, Hochrechnung und Sicherheitsmenge
daten-e1-k2-s7-v2;2024-C-3b;3;;ganz;relative Häufigkeiten, Hochrechnung und Sicherheitsmenge
einheiten-e2-k1-s9-v3;2024-OS-B1a;1;nein;ganz;Dezimalstunden in Minuten ankreuzen
brueche-dezimalzahlen-e1-k1-s6-v3;2024-OS-B1b;1;nein;ganz;Flächenanteil einer Kästchenfigur angeben
brueche-dezimalzahlen-e1-k1-s6-v4;2024-OS-B1b;1;nein;ganz;Flächenanteil einer Kästchenfigur angeben
lineare-gleichungen-basis-k1-v1;2024-OS-B1d;1;nein;ganz;Produkt gleich null, gleiche Handlung
lineare-gleichungen-basis-k1-v10;2024-OS-B1d;1;nein;ganz;lineare Gleichung mit Klammer lösen, andere Zahlen
lineare-gleichungen-basis-k1-v2;2024-OS-B1d;1;nein;ganz;lineare Gleichung mit Klammer lösen, andere Zahlen
lineare-gleichungen-basis-k1-v3;2024-OS-B1d;1;nein;ganz;lineare Gleichung mit Klammer lösen, andere Zahlen
lineare-gleichungen-basis-k1-v4;2024-OS-B1d;1;nein;ganz;lineare Gleichung mit Klammer lösen, andere Zahlen
lineare-gleichungen-basis-k1-v5;2024-OS-B1d;1;nein;ganz;Produkt gleich null, gleiche Handlung
lineare-gleichungen-basis-k1-v6;2024-OS-B1d;1;nein;ganz;lineare Gleichung mit Klammer lösen, andere Zahlen
lineare-gleichungen-basis-k1-v7;2024-OS-B1d;1;nein;ganz;lineare Gleichung mit Klammer lösen, andere Zahlen
lineare-gleichungen-basis-k1-v8;2024-OS-B1d;1;nein;ganz;lineare Gleichung mit Klammer lösen, andere Zahlen
lineare-gleichungen-basis-k1-v9;2024-OS-B1d;1;nein;ganz;Produkt gleich null, gleiche Handlung
lineare-gleichungen-e2-k3-s9-v5;2024-OS-B1d;1;nein;ganz;Gleichung lösen, Probe als kleiner Zusatz
lineare-gleichungen-e2-k3-s9-v6;2024-OS-B1d;1;nein;ganz;Gleichung lösen, Probe als kleiner Zusatz
prozentrechnung-basis-k5-v1;2024-OS-B1e;1;nein;ganz;neuer Preis nach prozentualer Erhöhung
prozentrechnung-basis-k5-v10;2024-OS-B1e;1;nein;ganz;neuer Preis nach prozentualer Erhöhung
prozentrechnung-basis-k5-v2;2024-OS-B1e;1;nein;ganz;neuer Preis nach prozentualer Erhöhung
prozentrechnung-basis-k5-v3;2024-OS-B1e;1;nein;ganz;neuer Preis nach prozentualer Erhöhung
prozentrechnung-basis-k5-v4;2024-OS-B1e;1;nein;ganz;neuer Preis nach prozentualer Erhöhung
prozentrechnung-basis-k5-v5;2024-OS-B1e;1;nein;ganz;neuer Preis nach prozentualer Erhöhung
prozentrechnung-basis-k5-v6;2024-OS-B1e;1;nein;ganz;neuer Preis nach prozentualer Erhöhung
prozentrechnung-basis-k5-v7;2024-OS-B1e;1;nein;ganz;neuer Preis nach prozentualer Erhöhung
prozentrechnung-basis-k5-v8;2024-OS-B1e;1;nein;ganz;neuer Preis nach prozentualer Erhöhung
prozentrechnung-basis-k5-v9;2024-OS-B1e;1;nein;ganz;neuer Preis nach prozentualer Erhöhung
prozentrechnung-e5-k2-s8-v7;2024-OS-B1e;1;nein;ganz;neuer Preis nach prozentualer Erhöhung
prozentrechnung-e5-k2-s8-v8;2024-OS-B1e;1;nein;ganz;neuer Preis nach prozentualer Erhöhung
potenzen-wurzeln-basis-k1-v1;2024-OS-B1g;1;nein;ganz;Exponent einer Potenz bestimmen
potenzen-wurzeln-basis-k1-v10;2024-OS-B1g;1;nein;ganz;Exponent einer Potenz bestimmen
potenzen-wurzeln-basis-k1-v2;2024-OS-B1g;1;nein;ganz;Exponent einer Potenz bestimmen
potenzen-wurzeln-basis-k1-v3;2024-OS-B1g;1;nein;ganz;Exponent einer Potenz bestimmen
potenzen-wurzeln-basis-k1-v4;2024-OS-B1g;1;nein;ganz;Exponent einer Potenz bestimmen
potenzen-wurzeln-basis-k1-v5;2024-OS-B1g;1;nein;ganz;Exponent einer Potenz bestimmen
potenzen-wurzeln-basis-k1-v6;2024-OS-B1g;1;nein;ganz;Exponent einer Potenz bestimmen
potenzen-wurzeln-basis-k1-v7;2024-OS-B1g;1;nein;ganz;Exponent einer Potenz bestimmen
potenzen-wurzeln-basis-k1-v8;2024-OS-B1g;1;nein;ganz;Exponent einer Potenz bestimmen
potenzen-wurzeln-basis-k1-v9;2024-OS-B1g;1;nein;ganz;Exponent einer Potenz bestimmen
potenzen-wurzeln-e1-k3-s15-v3;2024-OS-B1g;1;nein;ganz;Exponent einer Viererpotenz bestimmen
potenzen-wurzeln-e1-k3-s15-v4;2024-OS-B1g;1;nein;ganz;Exponent einer Viererpotenz bestimmen
daten-e4-k1-s5-v2;2024-OS-B1h;2;nein;ganz;Median bei gerader Anzahl wie im Original
lineare-funktionen-basis-k4-v1;2024-OS-B1i;1;nein;ganz;y-Achsenschnittpunkt markieren wie im Original
lineare-funktionen-basis-k4-v10;2024-OS-B1i;1;nein;ganz;y-Achsenschnittpunkt markieren wie im Original
lineare-funktionen-basis-k4-v2;2024-OS-B1i;1;nein;ganz;y-Achsenschnittpunkt markieren wie im Original
lineare-funktionen-basis-k4-v3;2024-OS-B1i;1;nein;ganz;y-Achsenschnittpunkt markieren wie im Original
lineare-funktionen-basis-k4-v4;2024-OS-B1i;1;nein;ganz;y-Achsenschnittpunkt markieren wie im Original
lineare-funktionen-basis-k4-v5;2024-OS-B1i;1;nein;ganz;y-Achsenschnittpunkt markieren wie im Original
lineare-funktionen-basis-k4-v6;2024-OS-B1i;1;nein;ganz;y-Achsenschnittpunkt markieren wie im Original
lineare-funktionen-basis-k4-v7;2024-OS-B1i;1;nein;ganz;y-Achsenschnittpunkt markieren wie im Original
lineare-funktionen-basis-k4-v8;2024-OS-B1i;1;nein;ganz;y-Achsenschnittpunkt markieren wie im Original
lineare-funktionen-basis-k4-v9;2024-OS-B1i;1;nein;ganz;y-Achsenschnittpunkt markieren wie im Original
lineare-funktionen-e2-k5-s6-v7;2024-OS-B1i;1;nein;ganz;y-Achsenschnittpunkt markieren wie im Original
lineare-funktionen-e2-k5-s6-v8;2024-OS-B1i;1;nein;ganz;y-Achsenschnittpunkt markieren wie im Original
daten-e4-k1-s8-v3;2024-OS-K2a;2;nein;ganz;Spannweite aus Niederschlagswerten
daten-e4-k1-s10-v1;2024-OS-K2b;3;nein;teil;nur Nachweis des Mittels, Prozentsatz fehlt
daten-e3-k1-s10-v1;2024-OS-K2c;3;ja;ganz;Sektor beschriften und Mittelpunktswinkel berechnen
daten-e3-k1-s10-v2;2024-OS-K2c;3;ja;ganz;Sektor beschriften und Mittelpunktswinkel berechnen
bruchrechnung-e4-k2-s8-v3;2024-OS-K2d;1;nein;ganz;Menge mal Preis in Cent
bruchrechnung-e4-k2-s8-v4;2024-OS-K2d;1;nein;ganz;Menge mal Preis in Cent
zuordnungen-e4-k3-s5-v5;2024-OS-K2d;1;nein;ganz;Ersparnis aus Menge und Preis, Euro statt Cent
zuordnungen-e4-k3-s5-v6;2024-OS-K2d;1;nein;ganz;Ersparnis aus Menge und Preis, Euro statt Cent
lineare-funktionen-e2-k4-s8-v3;2024-OS-K3a;2;nein;ganz;Gerade aus Gleichung zeichnen
lineare-funktionen-e2-k4-s8-v4;2024-OS-K3a;2;nein;ganz;Gerade aus Gleichung zeichnen
quadratische-gleichungen-e3-k3-s13-v11;2024-OS-K3d;4;ja;ganz;Schnittpunkte Gerade und Parabel berechnen
quadratische-gleichungen-e3-k3-s13-v12;2024-OS-K3d;4;ja;ganz;Schnittpunkte Gerade und Parabel berechnen
kreis-e2-k1-s7-v3;2024-OS-K4a;2;nein;ganz;Grundfläche des Kegels als Kreisfläche
kreis-e2-k1-s7-v4;2024-OS-K4a;2;nein;ganz;Grundfläche des Kegels als Kreisfläche
koerper-e1-k4-s1-v1;2024-OS-K4b;4;nein;teil;nur Skizze, Auswahl und Begründung fehlen
koerper-e1-k4-s1-v2;2024-OS-K4b;4;nein;teil;nur Skizze, Auswahl und Begründung fehlen
koerper-e1-k4-s1-v3;2024-OS-K4b;4;nein;teil;nur Skizze, Auswahl und Begründung fehlen
koerper-e5-k1-s6-v1;2024-OS-K4b;4;nein;teil;Auswahl mit Begründung, Skizze fehlt
koerper-e5-k1-s6-v2;2024-OS-K4b;4;nein;teil;Auswahl mit Begründung, Skizze fehlt
koerper-e5-k1-s6-v3;2024-OS-K4b;4;nein;teil;Auswahl mit Begründung, Skizze fehlt
koerper-e5-k1-s9-v1;2024-OS-K4c;3;ja;ganz;Restvolumen Zylinder minus Kegel
koerper-e5-k1-s9-v2;2024-OS-K4c;3;ja;ganz;Restvolumen Zylinder minus Kegel
wahrscheinlichkeit-e3-k3-s3-v3;2024-OS-K5b;3;nein;teil;nur Nachweis, Baumdiagramm ergänzen fehlt
bruchrechnung-e3-k1-s6-v7;2024-OS-K5c;2;ja;unklar;Wahrscheinlichkeiten vorgegeben, nur noch Produkt
bruchrechnung-e3-k1-s6-v8;2024-OS-K5c;2;ja;unklar;Wahrscheinlichkeiten vorgegeben, nur noch Produkt
wahrscheinlichkeit-e4-k1-s4-v1;2024-OS-K5c;2;ja;ganz;zweite Person zieht, erste Stufe mitrechnen
potenzen-wurzeln-e3-k2-s13-v7;2024-OS-K6a;2;nein;ganz;Kathete über Pythagoras im Sachkontext
potenzen-wurzeln-e3-k2-s13-v8;2024-OS-K6a;2;nein;ganz;Kathete über Pythagoras im Sachkontext
pythagoras-e2-k3-s10-v1;2024-OS-K6a;2;nein;ganz;Höhenunterschied als Kathete berechnen
pythagoras-e2-k3-s10-v2;2024-OS-K6a;2;nein;ganz;Höhenunterschied als Kathete berechnen
trigonometrie-e2-k1-s11-v1;2024-OS-K6b;2;nein;ganz;Winkel über Kosinus aus Kathete und Hypotenuse
trigonometrie-e2-k1-s11-v2;2024-OS-K6b;2;nein;ganz;Winkel über Kosinus aus Kathete und Hypotenuse
zuordnungen-e4-k3-s6-v5;2024-OS-K6c;2;nein;ganz;Dauer aus Strecke und Geschwindigkeit in Minuten
zuordnungen-e4-k3-s6-v6;2024-OS-K6c;2;nein;ganz;Dauer aus Strecke und Geschwindigkeit in Minuten
trigonometrie-e4-k1-s16-v1;2024-OS-K6d;4;ja;ganz;dritter Winkel und Sinussatz wie im Original
trigonometrie-e4-k1-s16-v2;2024-OS-K6d;4;ja;ganz;dritter Winkel und Sinussatz wie im Original
lineare-gleichungssysteme-e4-k1-s8-v1;2024-OS-K7a;2;nein;ganz;beide Gleichungen aufstellen
lineare-gleichungssysteme-e4-k1-s8-v2;2024-OS-K7a;2;nein;ganz;beide Gleichungen aufstellen
lineare-gleichungssysteme-e4-k1-s8-v3;2024-OS-K7b;4;ja;ganz;Gleichung als Satz deuten und System lösen
lineare-gleichungssysteme-e4-k1-s8-v4;2024-OS-K7b;4;ja;ganz;Gleichung als Satz deuten und System lösen
orthogonalitaet-e2-k1-s2-v1;2024-bebb-gk-A1.2b;3;;ganz;Parameter für rechten Winkel über Skalarprodukt
kombinatorik-e3-k1-s1-v4;2024-bebb-gk-A1.3a;3;;ganz;vier Auswahlen mit Abstandsbedingung aufzählen
kombinatorik-e3-k1-s2-v2;2024-bebb-gk-A1.3b;2;;ganz;Muster mal Anordnungen wie im Original
ableitung-und-aenderungsrate-e2-k1-s3-v1;2024-bebb-gk-A1.4a;3;;ganz;Ableitungswert und Tangente mit Steigungsdreieck
flaecheninhalt-und-volumen-im-raum-e1-k2-s6-v1;2024-bebb-gk-A1.5a;5;;unklar;Koordinaten statt Abbildung, Darstellung des Vorgehens fehlt
kurvenuntersuchung-e1-k1-s5-v2;2024-bebb-gk-A1.7a;2;;ganz;Monotonie über Vorzeichen der Ableitung nachweisen
punkte-und-strecken-im-koordinatensystem-e3-k1-s10-v3;2024-bebb-gk-A1.8a;5;;ganz;zwei Ecken mit gleichem Abstand konstruieren
punkte-und-strecken-im-koordinatensystem-e3-k1-s10-v4;2024-bebb-gk-A1.8a;5;;ganz;zwei Ecken mit gleichem Abstand konstruieren
kurvenuntersuchung-e4-k1-s9-v1;2024-bebb-gk-B2.1d;6;;ganz;beide Aussagen mit gleicher Begründung
kurvenuntersuchung-e4-k1-s9-v2;2024-bebb-gk-B2.1d;6;;ganz;beide Aussagen mit gleicher Begründung
stammfunktion-und-hauptsatz-e3-k1-s5-v2;2024-bebb-gk-B2.1f;3;;unklar;Original Begründung, Bank nur Ankreuzen
tangente-normale-schnittwinkel-e4-k1-s10-v3;2024-bebb-gk-B2.1i;3;;ganz;Öffnungswinkel als doppelter Steigungswinkel geprüft
tangente-normale-schnittwinkel-e4-k1-s10-v4;2024-bebb-gk-B2.1i;3;;ganz;Öffnungswinkel als doppelter Steigungswinkel geprüft
flaecheninhalt-durch-integration-e3-k1-s6-v1;2024-bebb-gk-B2.2e;6;;teil;nur Schritte deuten, Einzeichnen der Flächen fehlt
flaecheninhalt-durch-integration-e3-k1-s6-v2;2024-bebb-gk-B2.2e;6;;teil;nur Schritte deuten, Einzeichnen der Flächen fehlt
extremalprobleme-e3-k1-s6-v3;2024-bebb-gk-B2.2g;4;;ganz;größte Abweichung über die Differenzfunktion nachgewiesen
gleichungen-loesen-e4-k1-s4-v1;2024-bebb-gk-B2.2h;3;;ganz;Lösungsweg über Betragsungleichung beschrieben
gleichungen-loesen-e4-k1-s4-v2;2024-bebb-gk-B2.2h;3;;ganz;Lösungsweg über Betragsungleichung beschrieben
skalarprodukt-und-winkel-e2-k2-s4-v3;2024-bebb-gk-B3b;2;;ganz;rechter Winkel über Skalarprodukt nachgewiesen
punkte-und-strecken-im-koordinatensystem-e1-k1-s7-v1;2024-bebb-gk-B3c;2;;ganz;Netz um fehlende Seitenflächen ergänzt
punkte-und-strecken-im-koordinatensystem-e1-k1-s7-v2;2024-bebb-gk-B3c;2;;ganz;Netz um fehlende Seitenflächen ergänzt
punkte-und-strecken-im-koordinatensystem-e1-k1-s7-v3;2024-bebb-gk-B3c;2;;ganz;Netz um fehlende Seitenflächen ergänzt
ebenen-e2-k1-s3-v1;2024-bebb-gk-B3d;4;;ganz;Koordinatengleichung der Seitenfläche mit gleichem Weg
skalarprodukt-und-winkel-e3-k1-s2-v3;2024-bebb-gk-B3e;3;;ganz;Winkel zweier Ebenen über Normalenvektoren
punkte-und-strecken-im-koordinatensystem-e5-k1-s8-v5;2024-bebb-gk-B3f;5;;ganz;Kantenlänge und Begründung der Lage beide verlangt
punkte-und-strecken-im-koordinatensystem-e5-k1-s8-v6;2024-bebb-gk-B3f;5;;ganz;Kantenlänge und Begründung der Lage beide verlangt
vierfeldertafel-e1-k2-s1-v5;2024-bebb-gk-B4.1b;3;;ganz;ganze Vierfeldertafel aus Rändern und Feld
unabhaengigkeit-e1-k2-s1-v5;2024-bebb-gk-B4.1d;3;;ganz;Unabhängigkeit über Produktregel geprüft
kenngroessen-von-verteilungen-e2-k2-s1-v1;2024-bebb-gk-B4.2c;4;;unklar;Bank verlangt zusätzlich die Lösung q
kenngroessen-von-verteilungen-e2-k1-s5-v1;2024-bebb-lk-A1.10a;5;;ganz;alle drei Bedingungen gleich untersucht
kenngroessen-von-verteilungen-e2-k1-s5-v2;2024-bebb-lk-A1.10a;5;;ganz;alle drei Bedingungen gleich untersucht
funktionsscharen-und-ortskurven-e1-k1-s2-v1;2024-bebb-lk-A1.1a;1;;ganz;Parameter aus Punkt mit gleichem Weg
scharen-von-geraden-und-ebenen-e2-k1-s1-v5;2024-bebb-lk-A1.3a;2;;ganz;Parameter für Parallelität über Skalarprodukt
scharen-von-geraden-und-ebenen-e1-k2-s3-v3;2024-bebb-lk-A1.3b;3;;ganz;Zugehörigkeit über Vielfachen-Ansatz geprüft
tangente-normale-schnittwinkel-e1-k1-s8-v1;2024-bebb-lk-A1.5a;1;;ganz;Tangentengleichung aus Abbildung abgelesen
tangente-normale-schnittwinkel-e1-k1-s10-v1;2024-bebb-lk-A1.5b;4;;ganz;Achsenabschnitt der Tangente allgemein nachgewiesen
tangente-normale-schnittwinkel-e1-k1-s10-v7;2024-bebb-lk-A1.5b;4;;ganz;y-Achsenabschnitt der Tangente allgemein nachgewiesen
abstaende-e2-k1-s3-v3;2024-bebb-lk-A1.7b;3;;ganz;Ecke auf Lotgerade mit gleichem Weg
lagebeziehungen-e3-k1-s6-v1;2024-bebb-lk-A1.8a;5;;ganz;Lage mit Fallunterscheidung und Schnittpunkt
lagebeziehungen-e3-k1-s6-v2;2024-bebb-lk-A1.8a;5;;ganz;Lage mit Fallunterscheidung und Schnittpunkt
unabhaengigkeit-e2-k1-s5-v1;2024-bebb-lk-A1.9b;3;;ganz;Fehlerwahrscheinlichkeit aus Vereinigung berechnet
funktionsscharen-und-ortskurven-e2-k1-s4-v1;2024-bebb-lk-B2.1a;3;;ganz;Grenzverhalten nach Parametervorzeichen
ableitungsregeln-e3-k1-s4-v1;2024-bebb-lk-B2.1d;4;;ganz;Ableitung nachgewiesen und Extremstellen angegeben
ableitungsregeln-e3-k1-s4-v2;2024-bebb-lk-B2.1d;4;;ganz;Ableitung nachgewiesen und Extremstellen angegeben
ableitungsregeln-e3-k1-s4-v3;2024-bebb-lk-B2.1d;4;;ganz;Ableitung nachgewiesen und Extremstellen angegeben
ableitung-und-aenderungsrate-e1-k1-s5-v2;2024-bebb-lk-B2.1e;4;;ganz;Sekante durch zwei Graphenpunkte, y-Achsenschnitt
tangente-normale-schnittwinkel-e5-k1-s8-v3;2024-bebb-lk-B2.1f;4;;ganz;Scharparameter für gleichseitiges Dreieck bestimmt
tangente-normale-schnittwinkel-e5-k1-s8-v4;2024-bebb-lk-B2.1f;4;;ganz;Scharparameter für gleichseitiges Dreieck bestimmt
flaecheninhalt-durch-integration-e5-k1-s8-v7;2024-bebb-lk-B2.1j;3;;ganz;Integral gegen Schranke mit Stammfunktion
flaecheninhalt-durch-integration-e5-k1-s8-v8;2024-bebb-lk-B2.1j;3;;ganz;Integral gegen Schranke mit Stammfunktion
flaecheninhalt-durch-integration-e1-k1-s6-v1;2024-bebb-lk-B2.1k;3;;ganz;Flächenwert am Bild beurteilt
flaecheninhalt-durch-integration-e1-k1-s6-v2;2024-bebb-lk-B2.1k;3;;ganz;Flächenwert am Bild beurteilt
ableitung-und-aenderungsrate-e1-k1-s2-v1;2024-bebb-lk-B2.2f;3;;ganz;mittlere Rate aus Tabelle
funktionsklassen-und-eigenschaften-e1-k1-s9-v3;2024-bebb-lk-B2.2g;3;;ganz;Funktionswert berechnet und als Rate gedeutet
funktionsklassen-und-eigenschaften-e1-k1-s9-v4;2024-bebb-lk-B2.2g;3;;ganz;Funktionswert berechnet und als Rate gedeutet
rekonstruktion-von-bestaenden-e1-k1-s6-v1;2024-bebb-lk-B2.2i;5;;ganz;Modellwert und prozentuale Abweichung beide
rekonstruktion-von-bestaenden-e1-k1-s6-v2;2024-bebb-lk-B2.2i;5;;ganz;Modellwert und prozentuale Abweichung beide
flaecheninhalt-und-volumen-im-raum-e3-k1-s5-v1;2024-bebb-lk-B3a;4;;ganz;Oberfläche der Pyramide mit gleichem Weg
spiegelung-e3-k1-s2-v2;2024-bebb-lk-B3b;3;;ganz;Symmetrieebene angeben und eine ausschließen
abstaende-e4-k1-s6-v1;2024-bebb-lk-B3d;5;;ganz;alle drei Gleichungen geometrisch erläutert
abstaende-e4-k1-s6-v2;2024-bebb-lk-B3d;5;;ganz;alle drei Gleichungen geometrisch erläutert
scharen-von-geraden-und-ebenen-e1-k2-s1-v5;2024-bebb-lk-B3e;1;;ganz;gemeinsamen Punkt durch Einsetzen nachgewiesen
scharen-von-geraden-und-ebenen-e1-k2-s8-v5;2024-bebb-lk-B3f;3;;ganz;Parameterunabhängigkeit nachgewiesen, Winkelangabe kleiner Zusatz
scharen-von-geraden-und-ebenen-e1-k2-s8-v6;2024-bebb-lk-B3f;3;;ganz;Parameterunabhängigkeit nachgewiesen, Winkelangabe kleiner Zusatz
scharen-von-geraden-und-ebenen-e4-k1-s5-v3;2024-bebb-lk-B3g;2;;ganz;Lotfußpunkte auf Spurgeraden eingezeichnet
flaecheninhalt-und-volumen-im-raum-e4-k1-s5-v3;2024-bebb-lk-B3h;3;;unklar;Halbkegel direkt vorgegeben, Scharbezug fehlt
hypothesentests-e2-k1-s2-v1;2024-bebb-lk-B4d;2;;ganz;Überlegung zur Nullhypothese angegeben
hypothesentests-e1-k1-s4-v1;2024-bebb-lk-B4e;4;;ganz;Lücke begründet und Nachbarwert ergänzt
hypothesentests-e1-k1-s4-v2;2024-bebb-lk-B4e;4;;ganz;Lücke begründet und Nachbarwert ergänzt
hypothesentests-e3-k1-s3-v1;2024-bebb-lk-B4f;4;;ganz;Fehler zweiter Art über 90 % nachgewiesen
kombinatorik-e1-k1-s5-v3;2024-bebb-lk-B4g;2;;ganz;Anteil als Potenzquotient nachgewiesen
kombinatorik-e2-k1-s6-v1;2024-bebb-lk-B4h;3;;ganz;Plätze wählen mal Zeichenwahl
punkte-und-strecken-im-koordinatensystem-e1-k1-s8-v1;2024MerhoehtAAGLAA211-a;3;;ganz;Projektion und Ergänzung der Ecken eingezeichnet
punkte-und-strecken-im-koordinatensystem-e1-k1-s8-v2;2024MerhoehtAAGLAA211-a;3;;ganz;Projektion und Ergänzung der Ecken eingezeichnet
skalarprodukt-und-winkel-e1-k1-s1-v5;2024MerhoehtAAGLAA211-b;2;;ganz;Skalarprodukt und Winkelbeurteilung beide
punkte-und-strecken-im-koordinatensystem-e2-k1-s9-v1;2024MerhoehtAAGLAA221-a;2;;ganz;Würfelkante als Abstand nachgewiesen
punkte-und-strecken-im-koordinatensystem-e2-k1-s9-v2;2024MerhoehtAAGLAA221-a;2;;unklar;Original Nachweis, Bank nur Längenberechnung
spiegelung-e2-k1-s5-v1;2024MerhoehtAAGLAA222;5;;ganz;Geraden gezeichnet und Vektorterm angegeben
spiegelung-e2-k1-s5-v2;2024MerhoehtAAGLAA222;5;;ganz;Geraden gezeichnet und Vektorterm angegeben
scharen-von-geraden-und-ebenen-e1-k2-s4-v1;2024MerhoehtAAGLAA223-a;1;;unklar;Bank verlangt zusätzlich Ausschluss der Identität
scharen-von-geraden-und-ebenen-e2-k1-s7-v1;2024MerhoehtAAGLAA223-b;4;;ganz;beide Fälle der Nachbarschaft ausgeschlossen
scharen-von-geraden-und-ebenen-e2-k1-s7-v2;2024MerhoehtAAGLAA223-b;4;;ganz;beide Fälle der Nachbarschaft ausgeschlossen
funktionsscharen-und-ortskurven-e2-k1-s2-v1;2024MerhoehtAAnalysis13-a;2;;ganz;Vorzeichen über Faktoren begründet
tangente-normale-schnittwinkel-e1-k1-s10-v2;2024MerhoehtAAnalysis21-b;4;;ganz;Tangentenschnitt allgemein nachgewiesen, Achse verfremdet
tangente-normale-schnittwinkel-e1-k1-s10-v8;2024MerhoehtAAnalysis21-b;4;;ganz;allgemeiner Tangentennachweis mit Nullstelle statt Achsenabschnitt
tangente-normale-schnittwinkel-e5-k1-s8-v1;2024MerhoehtAAnalysis22;5;;teil;nur Nachweis, Skizze des Rechtecks fehlt
tangente-normale-schnittwinkel-e5-k1-s8-v2;2024MerhoehtAAnalysis22;5;;teil;nur Nachweis, Skizze des Rechtecks fehlt
ableitungsregeln-e2-k1-s4-v1;2024MerhoehtAAnalysis23;5;;ganz;Verschiebung über Exponentialgleichung, f direkt gegeben
ableitungsregeln-e2-k1-s4-v2;2024MerhoehtAAnalysis23;5;;ganz;Verschiebung über Exponentialgleichung, f direkt gegeben
ableitungsregeln-e2-k1-s4-v3;2024MerhoehtAAnalysis23;5;;ganz;Rekonstruktion und Verschiebung wie im Original
normalverteilung-und-sigma-regeln-e1-k1-s2-v1;2024MerhoehtAStochastik12-a;1;;ganz;Einzelwert-Wahrscheinlichkeit null angegeben
normalverteilung-und-sigma-regeln-e1-k1-s2-v2;2024MerhoehtAStochastik12-a;1;;ganz;Einzelwert-Wahrscheinlichkeit null angegeben
normalverteilung-und-sigma-regeln-e1-k1-s2-v3;2024MerhoehtAStochastik12-a;1;;ganz;Einzelwert-Wahrscheinlichkeit null angegeben
normalverteilung-und-sigma-regeln-e2-k1-s5-v1;2024MerhoehtAStochastik12-b;4;;ganz;Näherungsrechnung vollständig erläutert
normalverteilung-und-sigma-regeln-e2-k1-s5-v2;2024MerhoehtAStochastik12-b;4;;ganz;Näherungsrechnung vollständig erläutert
bedingte-wahrscheinlichkeit-und-bayes-e2-k1-s5-v1;2024MerhoehtAStochastik21;5;;ganz;Bayes-Term nachgewiesen und Kugelzahl bestimmt
bedingte-wahrscheinlichkeit-und-bayes-e2-k1-s5-v2;2024MerhoehtAStochastik21;5;;ganz;Bayes-Term nachgewiesen und Kugelzahl bestimmt
binomialverteilung-e1-k1-s7-v3;2024MerhoehtAStochastik23-b;3;;ganz;Zufallsgröße angegeben und begründet
binomialverteilung-e1-k1-s7-v4;2024MerhoehtAStochastik23-b;3;;ganz;Zufallsgröße angegeben und begründet
orthogonalitaet-e1-k4-s4-v1;2024MerhoehtBAGLAA1WTR-2a;2;;ganz;rechten Winkel aus Achsenlage begründet
punkte-und-strecken-im-koordinatensystem-e3-k1-s8-v1;2024MerhoehtBAGLAA1WTR-2b;5;;ganz;Eckpunkt aus Umfang über Wurzelgleichung
punkte-und-strecken-im-koordinatensystem-e3-k1-s8-v2;2024MerhoehtBAGLAA1WTR-2b;5;;ganz;Eckpunkt aus Umfang über Wurzelgleichung
punkte-und-strecken-im-koordinatensystem-e3-k1-s8-v3;2024MerhoehtBAGLAA1WTR-2b;5;;ganz;Eckpunkt aus Umfang über Wurzelgleichung
punkte-und-strecken-im-koordinatensystem-e5-k1-s7-v1;2024MerhoehtBAGLAA1WTR-2c;3;;ganz;drei Bildpunkte der Drehung angegeben
punkte-und-strecken-im-koordinatensystem-e5-k1-s7-v2;2024MerhoehtBAGLAA1WTR-2c;3;;ganz;drei Bildpunkte der Drehung angegeben
punkte-und-strecken-im-koordinatensystem-e5-k1-s7-v3;2024MerhoehtBAGLAA1WTR-2c;3;;ganz;drei Bildpunkte der Drehung angegeben
grenzwerte-und-verhalten-im-unendlichen-e3-k1-s3-v1;2024MerhoehtBAnalysisWTR1-1a;3;;ganz;Nullstellenfreiheit und beide Grenzwerte
grenzwerte-und-verhalten-im-unendlichen-e3-k1-s3-v2;2024MerhoehtBAnalysisWTR1-1a;3;;ganz;Nullstellenfreiheit und beide Grenzwerte
grenzwerte-und-verhalten-im-unendlichen-e3-k1-s3-v3;2024MerhoehtBAnalysisWTR1-1a;3;;ganz;Nullstellenfreiheit und beide Grenzwerte
ableitung-und-aenderungsrate-e3-k1-s2-v1;2024MerhoehtBAnalysisWTR1-1b;5;;ganz;mittlere Steigung und grafische Wendetangente
stammfunktion-und-hauptsatz-e1-k1-s3-v3;2024MerhoehtBAnalysisWTR1-1d;3;;ganz;Stammfunktion durch Ableiten nachgewiesen
funktionsklassen-und-eigenschaften-e3-k1-s6-v3;2024MerhoehtBAnalysisWTR1-1e;3;;ganz;Lage über Logarithmus-Abschätzung beurteilt
funktionsklassen-und-eigenschaften-e3-k1-s6-v4;2024MerhoehtBAnalysisWTR1-1e;3;;ganz;Lage eines Log-Graphen beurteilt, verfremdete Aussage
flaecheninhalt-durch-integration-e5-k1-s8-v11;2024MerhoehtBAnalysisWTR1-1f;4;;ganz;Integralwert über Punktsymmetrie begründet und angegeben
flaecheninhalt-durch-integration-e5-k1-s8-v12;2024MerhoehtBAnalysisWTR1-1f;4;;ganz;Integralwert über Punktsymmetrie begründet und angegeben
funktionsscharen-und-ortskurven-e1-k1-s8-v3;2024MerhoehtBAnalysisWTR1-2a;4;;ganz;Zuordnung mit Begründung über Grenzverhalten
funktionsscharen-und-ortskurven-e1-k1-s8-v4;2024MerhoehtBAnalysisWTR1-2a;4;;ganz;Zuordnung mit Begründung über Grenzverhalten
gleichungen-loesen-e2-k1-s4-v1;2024MerhoehtBAnalysisWTR1-2b;4;;ganz;Anfangswert und Zeitpunkt beide
gleichungen-loesen-e2-k1-s4-v2;2024MerhoehtBAnalysisWTR1-2b;4;;ganz;Anfangswert und Zeitpunkt beide
gleichungen-loesen-e2-k1-s4-v3;2024MerhoehtBAnalysisWTR1-2b;4;;ganz;Anfangswert und Zeitpunkt beide
funktionsscharen-und-ortskurven-e1-k1-s8-v1;2024MerhoehtBAnalysisWTR1-2d;3;;ganz;alle drei Gleichungen im Sachzusammenhang gedeutet
funktionsscharen-und-ortskurven-e1-k1-s8-v2;2024MerhoehtBAnalysisWTR1-2d;3;;unklar;Bank verlangt zusätzlich p und q, nur zwei Gleichungen
ableitung-und-aenderungsrate-e1-k1-s2-v3;2024MerhoehtBAnalysisWTR2-2a;3;;ganz;mittlere Rate aus Tabelle
ableitung-und-aenderungsrate-e1-k1-s9-v1;2024MerhoehtBAnalysisWTR3-1b;3;;ganz;Sekante gegen 45°-Gerade gezeichnet und beurteilt
kurvenuntersuchung-e5-k4-s3-v2;2024MerhoehtBAnalysisWTR3-1c;4;;ganz;maximaler Neigungswinkel über Wendestelle geprüft
tangente-normale-schnittwinkel-e3-k1-s4-v1;2024MerhoehtBAnalysisWTR3-1d;6;;ganz;Normalenlänge bis zur x-Achse berechnet
grenzwerte-und-verhalten-im-unendlichen-e2-k1-s7-v3;2024MerhoehtBAnalysisWTR3-2a;3;;ganz;Nullstelle begründet und Grenzverhalten nach k
grenzwerte-und-verhalten-im-unendlichen-e2-k1-s7-v4;2024MerhoehtBAnalysisWTR3-2a;3;;ganz;Nullstelle begründet und Grenzverhalten nach k
funktionsscharen-und-ortskurven-e3-k1-s2-v2;2024MerhoehtBAnalysisWTR3-2b;5;;ganz;Koordinaten und Art nach k mit gleichem Weg
extremalprobleme-e3-k1-s9-v1;2024MerhoehtBAnalysisWTR3-2f;6;;ganz;Aufgabenstellung zu Lösungsschritten formuliert und Schritte erläutert
extremalprobleme-e3-k1-s9-v2;2024MerhoehtBAnalysisWTR3-2f;6;;ganz;Aufgabenstellung zu Lösungsschritten formuliert und Schritte erläutert
hypergeometrische-verteilung-e1-k1-s2-v1;2024MerhoehtBStochastikWTR2-1e;3;;ganz;gleicher Nachweis über Binomialkoeffizienten
punkte-und-strecken-im-koordinatensystem-e5-k1-s1-v3;2024MgrundlegendAAGLAA211-a;1;;ganz;Eckpunkt G des Quaders auf gleichem Weg
punkte-und-strecken-im-koordinatensystem-e5-k1-s1-v4;2024MgrundlegendAAGLAA211-a;1;;ganz;Eckpunkt G des Quaders auf gleichem Weg
vektoren-und-rechenoperationen-e2-k1-s5-v1;2024MgrundlegendAAGLAA211-b;3;;ganz;verschobener Punkt über Diagonalenschnittpunkt wie im Original
lagebeziehungen-e3-k1-s3-v1;2024MgrundlegendAAGLAA213-a;2;;ganz;Entscheidung mit Begründung über z-Koordinaten
flaecheninhalt-und-volumen-im-raum-e2-k1-s4-v1;2024MgrundlegendAAGLAA221;5;;ganz;Diagonalenschnittpunkt und Flächeninhalt beide verlangt
ableitung-und-aenderungsrate-e2-k1-s3-v2;2024MgrundlegendAAnalysis13-a;3;;ganz;Ableitungswert berechnen und Tangente einzeichnen
ableitung-und-aenderungsrate-e3-k1-s5-v1;2024MgrundlegendAAnalysis22;5;;ganz;gleiche Stelle über Geradensteigung und Ableitung
binomialverteilung-e3-k1-s9-v5;2024MgrundlegendAStochastik21-b;3;;ganz;Sachaussage aus Gleichung und Ungleichung formulieren
binomialverteilung-e3-k1-s9-v6;2024MgrundlegendAStochastik21-b;3;;ganz;Sachaussage aus Gleichung und Ungleichung formulieren
matrizen-und-uebergangsprozesse-e4-k1-s7-v5;2024MgrundlegendBAGLAA1WTR-1d;5;;ganz;passenden Term wählen und Abläufe zu den anderen beschreiben
matrizen-und-uebergangsprozesse-e4-k1-s7-v6;2024MgrundlegendBAGLAA1WTR-1d;5;;ganz;passenden Term wählen und Abläufe zu den anderen beschreiben
vektoren-und-rechenoperationen-e1-k2-s6-v1;2024MgrundlegendBAGLAA1WTR-1e;2;;ganz;Entscheidung mit Beispiel wie im Original
vektoren-und-rechenoperationen-e1-k2-s6-v2;2024MgrundlegendBAGLAA1WTR-1e;2;;ganz;Entscheidung mit Beispiel wie im Original
skalarprodukt-und-winkel-e1-k1-s4-v3;2024MgrundlegendBAGLAA1WTR-1f;4;;ganz;beide Aussagen beurteilt mit gleichem Argument
punkte-und-strecken-im-koordinatensystem-e2-k1-s5-v1;2024MgrundlegendBAGLAA2WTR1-1b;2;;ganz;Drittelpunkte auf gleichem Weg, zweiter Punkt kleine Zugabe
skalarprodukt-und-winkel-e3-k1-s3-v2;2024MgrundlegendBAGLAA2WTR1-1c;6;;teil;nur der Winkel, Original verlangt auch die parallele Ebene
lagebeziehungen-e4-k1-s2-v1;2024MgrundlegendBAGLAA2WTR1-1d;4;;ganz;beide Schritte im Sachzusammenhang erläutern
punkte-und-strecken-im-koordinatensystem-e5-k1-s8-v7;2024MgrundlegendBAGLAA2WTR1-1e;4;;ganz;Eckenzahl und Bereich gleicher Schnittflächen verlangt
punkte-und-strecken-im-koordinatensystem-e5-k1-s8-v8;2024MgrundlegendBAGLAA2WTR1-1e;4;;ganz;Eckenzahl und Bereich gleicher Schnittflächen verlangt
punkte-und-strecken-im-koordinatensystem-e3-k1-s6-v1;2024MgrundlegendBAGLAA2WTR2-1b;3;;ganz;Lage auf dem Kreis über Thales begründen
punkte-und-strecken-im-koordinatensystem-e3-k1-s6-v2;2024MgrundlegendBAGLAA2WTR2-1b;3;;ganz;Lage auf dem Kreis über Thales begründen
punkte-und-strecken-im-koordinatensystem-e3-k1-s6-v3;2024MgrundlegendBAGLAA2WTR2-1b;3;;ganz;Lage auf dem Kreis über Thales begründen
ebenen-e2-k1-s5-v1;2024MgrundlegendBAGLAA2WTR2-1c;4;;ganz;Koordinatengleichung über Ansatz mit Einsetzen
lagebeziehungen-e1-k2-s5-v1;2024MgrundlegendBAGLAA2WTR2-1d;2;;ganz;Aufgabenstellung formulieren, Zuendeführen nur kleine Zugabe
lagebeziehungen-e1-k2-s5-v2;2024MgrundlegendBAGLAA2WTR2-1d;2;;ganz;Aufgabenstellung formulieren, Zuendeführen nur kleine Zugabe
lagebeziehungen-e1-k2-s5-v3;2024MgrundlegendBAGLAA2WTR2-1d;2;;ganz;Aufgabenstellung formulieren, Zuendeführen nur kleine Zugabe
punkte-und-strecken-im-koordinatensystem-e5-k1-s8-v10;2024MgrundlegendBAGLAA2WTR2-1e;4;;ganz;Eckenzahl nach t und Sonderfall zwei Symmetrieachsen
punkte-und-strecken-im-koordinatensystem-e5-k1-s8-v9;2024MgrundlegendBAGLAA2WTR2-1e;4;;ganz;Eckenzahl nach t und Sonderfall zwei Symmetrieachsen
orthogonalitaet-e2-k1-s2-v3;2024MgrundlegendBAGLAA2WTR2-1f;3;;ganz;Parameter über Skalarprodukt null, hier quadratisch
ableitungsregeln-e3-k1-s3-v1;2024MgrundlegendBAnalysisWTR1-1a;2;;ganz;Ableitung in vorgegebener Form nachweisen
funktionsscharen-und-ortskurven-e4-k1-s2-v1;2024MgrundlegendBAnalysisWTR1-1e;5;;ganz;Parameter aus Flächeninhalt über Stammfunktion, Grenzen vorgegeben
stammfunktion-und-hauptsatz-e1-k1-s6-v2;2024MgrundlegendBAnalysisWTR1-1f;4;;ganz;beide Stammfunktionen mit der x-Achse als Tangente bestimmt
rekonstruktion-von-bestaenden-e1-k1-s2-v2;2024MgrundlegendBAnalysisWTR1-2d;4;;ganz;Anfangsbestand berechnen und in Abbildung veranschaulichen
kurvenuntersuchung-e5-k1-s9-v1;2024MgrundlegendBAnalysisWTR2-2c;4;;ganz;Bedeutung der Differenz und Deutung des Maximums
kurvenuntersuchung-e5-k1-s9-v2;2024MgrundlegendBAnalysisWTR2-2c;4;;ganz;Bedeutung der Differenz und Deutung des Maximums
rekonstruktion-von-bestaenden-e3-k1-s4-v3;2024MgrundlegendBAnalysisWTR2-2e;3;;ganz;z deuten und Lage nach dem Schnittpunkt begründen
rekonstruktion-von-bestaenden-e3-k1-s4-v4;2024MgrundlegendBAnalysisWTR2-2e;3;;unklar;Bank verlangt zusätzlich Rechnung für z und Schnittpunkt
kenngroessen-von-verteilungen-e3-k1-s5-v1;2024MgrundlegendBStochastikWTR2-3;5;;ganz;beide Achsen skalieren mit Erläuterung
kenngroessen-von-verteilungen-e3-k1-s5-v2;2024MgrundlegendBStochastikWTR2-3;5;;ganz;beide Achsen skalieren mit Erläuterung
funktionsklassen-und-eigenschaften-e1-k1-s9-v1;2025-A-1d;5;;ganz;Punktprobe, Nullstelle und keine weitere Nullstelle
funktionsklassen-und-eigenschaften-e1-k1-s9-v2;2025-A-1d;5;;ganz;Punktprobe, Nullstelle und keine weitere Nullstelle
tangente-normale-schnittwinkel-e3-k1-s2-v3;2025-A-1h;5;;teil;nur die Normalengleichung, Original verlangt auch Einzeichnen
tangente-normale-schnittwinkel-e3-k1-s7-v5;2025-A-1h;5;;teil;nur die Normalengleichung, Original verlangt auch Einzeichnen
tangente-normale-schnittwinkel-e3-k1-s7-v6;2025-A-1h;5;;teil;nur die Normalengleichung, Original verlangt auch Einzeichnen
rekonstruktion-von-funktionsgleichungen-e2-k1-s8-v5;2025-A-2a;6;;ganz;quadratische Funktion mit Extremalbedingung über LGS
rekonstruktion-von-funktionsgleichungen-e2-k1-s8-v6;2025-A-2a;6;;ganz;quadratische Funktion mit Extremalbedingung über LGS
gleichungen-loesen-e1-k1-s2-v1;2025-A-2c;3;;ganz;Stelle zum Funktionswert mit Auswahl im Sinkflug
gleichungen-loesen-e1-k1-s2-v3;2025-A-2c;3;;ganz;Stelle zum Funktionswert mit Auswahl im Sinkflug
extremalprobleme-e2-k1-s3-v1;2025-A-2d;3;;ganz;zwei Flächeninhalte aus der Nebenbedingung berechnet
extremalprobleme-e2-k1-s3-v2;2025-A-2d;3;;ganz;zwei Flächeninhalte aus der Nebenbedingung berechnet
extremalprobleme-e2-k1-s3-v3;2025-A-2d;3;;ganz;zwei Flächeninhalte aus der Nebenbedingung berechnet
extremalprobleme-e2-k1-s4-v1;2025-A-2e;3;;unklar;Bank verlangt zusätzlich den Definitionsbereich
extremalprobleme-e2-k1-s4-v2;2025-A-2e;3;;unklar;Bank verlangt zusätzlich den Definitionsbereich
extremalprobleme-e2-k1-s4-v3;2025-A-2e;3;;unklar;Bank verlangt zusätzlich den Definitionsbereich
ableitungsregeln-e1-k2-s3-v2;2025-C-1c;3;;ganz;erste bis dritte Ableitung wie im Original
kurvenuntersuchung-e2-k1-s4-v1;2025-C-1d;11;;teil;Extrempunkte und Sattelpunkt, Original verlangt auch Monotonie
tangente-normale-schnittwinkel-e2-k1-s4-v2;2025-C-1f;6;;teil;Anstieg, Tangente und Schnittpunkte ohne Einzeichnen der Tangente
einheiten-e1-k3-s5-v1;2025-C-2b;6;;ganz;beide Stangenlängen auf gleichem Weg
einheiten-e1-k3-s5-v2;2025-C-2b;6;;ganz;beide Stangenlängen auf gleichem Weg
einheiten-e1-k3-s5-v3;2025-C-2b;6;;ganz;beide Stangenlängen auf gleichem Weg
flaecheninhalt-durch-integration-e3-k1-s6-v5;2025-C-2c;5;;ganz;Querschnitt, Volumen und Masse in einer Kette
flaecheninhalt-durch-integration-e3-k1-s6-v6;2025-C-2c;5;;ganz;Querschnitt, Volumen und Masse in einer Kette
rekonstruktion-von-funktionsgleichungen-e1-k1-s7-v1;2025-C-2d;4;;ganz;drei Punkte notieren statt markieren, Gleichung gleich
rekonstruktion-von-funktionsgleichungen-e1-k1-s7-v2;2025-C-2d;4;;ganz;drei Punkte notieren statt markieren, Gleichung gleich
rekonstruktion-von-funktionsgleichungen-e1-k1-s7-v3;2025-C-2d;4;;ganz;drei Punkte notieren statt markieren, Gleichung gleich
kombinatorik-e2-k1-s4-v3;2025-C-3d;3;;ganz;Auswahl und Anordnung beide verlangt
terme-basis-k1-v1;2025-GYM-B2a;2;;ganz;vereinfachen und Termwert berechnen
terme-basis-k1-v10;2025-GYM-B2a;2;;ganz;vereinfachen und Termwert berechnen
terme-basis-k1-v2;2025-GYM-B2a;2;;ganz;vereinfachen und Termwert berechnen
terme-basis-k1-v3;2025-GYM-B2a;2;;ganz;vereinfachen und Termwert berechnen
terme-basis-k1-v4;2025-GYM-B2a;2;;ganz;vereinfachen und Termwert berechnen
terme-basis-k1-v5;2025-GYM-B2a;2;;ganz;vereinfachen und Termwert berechnen
terme-basis-k1-v6;2025-GYM-B2a;2;;ganz;vereinfachen und Termwert berechnen
terme-basis-k1-v7;2025-GYM-B2a;2;;ganz;vereinfachen und Termwert berechnen
terme-basis-k1-v8;2025-GYM-B2a;2;;ganz;vereinfachen und Termwert berechnen
terme-basis-k1-v9;2025-GYM-B2a;2;;ganz;vereinfachen und Termwert berechnen
terme-e2-k4-s11-v1;2025-GYM-B2a;2;;ganz;vereinfachen und Termwert berechnen
terme-e2-k4-s11-v2;2025-GYM-B2a;2;;ganz;vereinfachen und Termwert berechnen
prozentrechnung-basis-k1-v1;2025-OS-B1a;1;nein;ganz;Grundwert aus Rabatt wie im Original
prozentrechnung-basis-k1-v10;2025-OS-B1a;1;nein;ganz;Grundwert aus Rabatt wie im Original
prozentrechnung-basis-k1-v2;2025-OS-B1a;1;nein;ganz;Grundwert aus Rabatt wie im Original
prozentrechnung-basis-k1-v3;2025-OS-B1a;1;nein;ganz;Grundwert aus Rabatt wie im Original
prozentrechnung-basis-k1-v4;2025-OS-B1a;1;nein;ganz;Grundwert aus Rabatt wie im Original
prozentrechnung-basis-k1-v5;2025-OS-B1a;1;nein;ganz;Grundwert aus Rabatt wie im Original
prozentrechnung-basis-k1-v6;2025-OS-B1a;1;nein;ganz;Grundwert aus Rabatt wie im Original
prozentrechnung-basis-k1-v7;2025-OS-B1a;1;nein;ganz;Grundwert aus Rabatt wie im Original
prozentrechnung-basis-k1-v8;2025-OS-B1a;1;nein;ganz;Grundwert aus Rabatt wie im Original
prozentrechnung-basis-k1-v9;2025-OS-B1a;1;nein;ganz;Grundwert aus Rabatt wie im Original
prozentrechnung-e4-k2-s8-v1;2025-OS-B1a;1;nein;ganz;Grundwert aus Rabatt wie im Original
prozentrechnung-e4-k2-s8-v2;2025-OS-B1a;1;nein;ganz;Grundwert aus Rabatt wie im Original
einheiten-e2-k1-s9-v2;2025-OS-B1b;1;nein;ganz;Dezimalstunden in Minuten wie im Original
brueche-dezimalzahlen-e1-k1-s6-v15;2025-OS-B1c;1;nein;ganz;Bruchteil einer Fläche kennzeichnen, anderer Bruch
brueche-dezimalzahlen-e1-k1-s6-v16;2025-OS-B1c;1;nein;ganz;Bruchteil einer Fläche kennzeichnen, Kreis statt Quadrat
potenzen-wurzeln-basis-k3-v1;2025-OS-B1d;1;nein;ganz;Hochzahl der Zehnerpotenz eintragen
potenzen-wurzeln-basis-k3-v10;2025-OS-B1d;1;nein;ganz;Hochzahl der Zehnerpotenz eintragen
potenzen-wurzeln-basis-k3-v2;2025-OS-B1d;1;nein;ganz;Hochzahl der Zehnerpotenz eintragen
potenzen-wurzeln-basis-k3-v3;2025-OS-B1d;1;nein;ganz;Hochzahl der Zehnerpotenz eintragen
potenzen-wurzeln-basis-k3-v4;2025-OS-B1d;1;nein;ganz;Hochzahl der Zehnerpotenz eintragen
potenzen-wurzeln-basis-k3-v5;2025-OS-B1d;1;nein;ganz;Hochzahl der Zehnerpotenz eintragen
potenzen-wurzeln-basis-k3-v6;2025-OS-B1d;1;nein;ganz;Hochzahl der Zehnerpotenz eintragen
potenzen-wurzeln-basis-k3-v7;2025-OS-B1d;1;nein;ganz;Hochzahl der Zehnerpotenz eintragen
potenzen-wurzeln-basis-k3-v8;2025-OS-B1d;1;nein;ganz;Hochzahl der Zehnerpotenz eintragen
potenzen-wurzeln-basis-k3-v9;2025-OS-B1d;1;nein;ganz;Hochzahl der Zehnerpotenz eintragen
potenzen-wurzeln-e2-k1-s17-v1;2025-OS-B1d;1;nein;ganz;Hochzahl der Zehnerpotenz eintragen
potenzen-wurzeln-e2-k1-s17-v2;2025-OS-B1d;1;nein;ganz;Hochzahl der Zehnerpotenz eintragen
kreis-basis-k1-v1;2025-OS-B1e;2;nein;ganz;Sektoranteil in Prozent aus dem Winkel
kreis-basis-k1-v10;2025-OS-B1e;2;nein;ganz;Sektoranteil in Prozent aus dem Winkel
kreis-basis-k1-v2;2025-OS-B1e;2;nein;ganz;Sektoranteil in Prozent aus dem Winkel
kreis-basis-k1-v3;2025-OS-B1e;2;nein;ganz;Sektoranteil in Prozent aus dem Winkel
kreis-basis-k1-v4;2025-OS-B1e;2;nein;ganz;Sektoranteil in Prozent aus dem Winkel
kreis-basis-k1-v5;2025-OS-B1e;2;nein;ganz;Sektoranteil in Prozent aus dem Winkel
kreis-basis-k1-v6;2025-OS-B1e;2;nein;ganz;Sektoranteil in Prozent aus dem Winkel
kreis-basis-k1-v7;2025-OS-B1e;2;nein;ganz;Sektoranteil in Prozent aus dem Winkel
kreis-basis-k1-v8;2025-OS-B1e;2;nein;ganz;Sektoranteil in Prozent aus dem Winkel
kreis-basis-k1-v9;2025-OS-B1e;2;nein;ganz;Sektoranteil in Prozent aus dem Winkel
kreis-e3-k1-s8-v1;2025-OS-B1e;2;nein;ganz;Sektoranteil in Prozent mit Restwinkel als Falle
kreis-e3-k1-s8-v2;2025-OS-B1e;2;nein;ganz;Sektoranteil in Prozent mit Restwinkel als Falle
lineare-funktionen-basis-k1-v1;2025-OS-B1f;1;nein;ganz;gleiches Ankreuzen der linearen Funktion
lineare-funktionen-basis-k1-v10;2025-OS-B1f;1;nein;ganz;gleiches Ankreuzen der linearen Funktion
lineare-funktionen-basis-k1-v2;2025-OS-B1f;1;nein;ganz;gleiches Ankreuzen der linearen Funktion
lineare-funktionen-basis-k1-v3;2025-OS-B1f;1;nein;ganz;gleiches Ankreuzen der linearen Funktion
lineare-funktionen-basis-k1-v4;2025-OS-B1f;1;nein;ganz;gleiches Ankreuzen der linearen Funktion
lineare-funktionen-basis-k1-v5;2025-OS-B1f;1;nein;ganz;gleiches Ankreuzen der linearen Funktion
lineare-funktionen-basis-k1-v6;2025-OS-B1f;1;nein;ganz;gleiches Ankreuzen der linearen Funktion
lineare-funktionen-basis-k1-v7;2025-OS-B1f;1;nein;ganz;gleiches Ankreuzen der linearen Funktion
lineare-funktionen-basis-k1-v8;2025-OS-B1f;1;nein;ganz;gleiches Ankreuzen der linearen Funktion
lineare-funktionen-basis-k1-v9;2025-OS-B1f;1;nein;ganz;gleiches Ankreuzen der linearen Funktion
lineare-funktionen-e2-k5-s6-v10;2025-OS-B1f;1;nein;ganz;gleiches Ankreuzen der linearen Funktion
lineare-funktionen-e2-k5-s6-v9;2025-OS-B1f;1;nein;ganz;gleiches Ankreuzen der linearen Funktion
trigonometrie-basis-k2-v1;2025-OS-B1g;1;nein;ganz;Seitenverhältnis als Bruch eintragen wie im Original
trigonometrie-basis-k2-v10;2025-OS-B1g;1;nein;ganz;Seitenverhältnis als Bruch eintragen, andere Winkelfunktion
trigonometrie-basis-k2-v2;2025-OS-B1g;1;nein;ganz;Seitenverhältnis als Bruch eintragen, andere Winkelfunktion
trigonometrie-basis-k2-v3;2025-OS-B1g;1;nein;ganz;Seitenverhältnis als Bruch eintragen, andere Winkelfunktion
trigonometrie-basis-k2-v4;2025-OS-B1g;1;nein;ganz;Seitenverhältnis als Bruch eintragen, andere Winkelfunktion
trigonometrie-basis-k2-v5;2025-OS-B1g;1;nein;ganz;Seitenverhältnis als Bruch eintragen, andere Winkelfunktion
trigonometrie-basis-k2-v6;2025-OS-B1g;1;nein;ganz;Seitenverhältnis als Bruch eintragen wie im Original
trigonometrie-basis-k2-v7;2025-OS-B1g;1;nein;ganz;Seitenverhältnis als Bruch eintragen, andere Winkelfunktion
trigonometrie-basis-k2-v8;2025-OS-B1g;1;nein;ganz;Seitenverhältnis als Bruch eintragen wie im Original
trigonometrie-basis-k2-v9;2025-OS-B1g;1;nein;ganz;Seitenverhältnis als Bruch eintragen, andere Winkelfunktion
trigonometrie-e1-k3-s16-v11;2025-OS-B1g;1;nein;ganz;Sinus als Bruch eintragen wie im Original
trigonometrie-e1-k3-s16-v12;2025-OS-B1g;1;nein;ganz;Sinus als Bruch eintragen wie im Original
quadratische-gleichungen-basis-k1-v1;2025-OS-B1h;1;nein;ganz;Lösung durch Einsetzen ankreuzen wie im Original
quadratische-gleichungen-basis-k1-v10;2025-OS-B1h;1;nein;ganz;Lösung durch Einsetzen ankreuzen wie im Original
quadratische-gleichungen-basis-k1-v2;2025-OS-B1h;1;nein;ganz;Lösung durch Einsetzen ankreuzen wie im Original
quadratische-gleichungen-basis-k1-v3;2025-OS-B1h;1;nein;ganz;Lösung durch Einsetzen ankreuzen wie im Original
quadratische-gleichungen-basis-k1-v4;2025-OS-B1h;1;nein;ganz;Lösung durch Einsetzen ankreuzen wie im Original
quadratische-gleichungen-basis-k1-v5;2025-OS-B1h;1;nein;ganz;Lösung durch Einsetzen ankreuzen wie im Original
quadratische-gleichungen-basis-k1-v6;2025-OS-B1h;1;nein;ganz;Lösung durch Einsetzen ankreuzen wie im Original
quadratische-gleichungen-basis-k1-v7;2025-OS-B1h;1;nein;ganz;Lösung durch Einsetzen ankreuzen wie im Original
quadratische-gleichungen-basis-k1-v8;2025-OS-B1h;1;nein;ganz;Lösung durch Einsetzen ankreuzen wie im Original
quadratische-gleichungen-basis-k1-v9;2025-OS-B1h;1;nein;ganz;Lösung durch Einsetzen ankreuzen wie im Original
quadratische-gleichungen-e2-k1-s10-v1;2025-OS-B1h;1;nein;ganz;Lösung durch Einsetzen ankreuzen wie im Original
quadratische-gleichungen-e2-k1-s10-v2;2025-OS-B1h;1;nein;ganz;Lösung durch Einsetzen ankreuzen wie im Original
symmetrie-abbildungen-e2-k2-s10-v1;2025-OS-K2a;4;nein;teil;nur Symmetrieachsen, Original auch BF-Nachweis und AB
symmetrie-abbildungen-e2-k2-s10-v2;2025-OS-K2a;4;nein;teil;nur Symmetrieachsen, Original auch BF-Nachweis und AB
pythagoras-e2-k3-s10-v5;2025-OS-K2c;2;ja;ganz;rechten Winkel begründen über Pythagoras-Umkehrung, im Original zugelassen
pythagoras-e2-k3-s10-v6;2025-OS-K2c;2;ja;ganz;rechten Winkel begründen über Pythagoras-Umkehrung, andere Figur
winkel-dreiecke-e3-k2-s11-v3;2025-OS-K2c;2;ja;ganz;rechten Winkel im Drachenviereck gleich begründet
winkel-dreiecke-e3-k2-s11-v4;2025-OS-K2c;2;ja;ganz;rechten Winkel im Drachenviereck gleich begründet
wahrscheinlichkeit-e1-k1-s6-v2;2025-OS-K3a;1;nein;ganz;alle zweistelligen Zahlen aufzählen wie im Original
wahrscheinlichkeit-e3-k3-s9-v1;2025-OS-K3b;3;nein;ganz;Behauptung prüfen mit beiden Pfadwahrscheinlichkeiten
wahrscheinlichkeit-e3-k3-s4-v1;2025-OS-K3c;2;ja;ganz;Summe zweier Pfadwahrscheinlichkeiten wie im Original
wahrscheinlichkeit-e3-k3-s10-v1;2025-OS-K3d;2;ja;ganz;Scheiben belegen und durch Rechnung zeigen
pythagoras-e1-k2-s12-v3;2025-OS-K4a;4;nein;teil;nur Rampenlänge, Original auch Anstiegswinkel
pythagoras-e1-k2-s12-v4;2025-OS-K4a;4;nein;teil;nur Steglänge, Original auch Anstiegswinkel
trigonometrie-e2-k1-s11-v10;2025-OS-K4a;4;nein;ganz;Rampenlänge und Anstiegswinkel mit gleichem Weg
trigonometrie-e2-k1-s11-v9;2025-OS-K4a;4;nein;ganz;Rampenlänge und Anstiegswinkel mit gleichem Weg
prozentrechnung-e5-k2-s8-v11;2025-OS-K4b;3;nein;ganz;Lückensatz und Steigungsprüfung wie im Original
prozentrechnung-e5-k2-s8-v12;2025-OS-K4b;3;nein;ganz;Lückensatz und Steigungsprüfung, eine Lücke vorgegeben
trigonometrie-e4-k1-s16-v3;2025-OS-K4c;3;ja;ganz;dritter Winkel und Sinussatz wie im Original
trigonometrie-e4-k1-s16-v4;2025-OS-K4c;3;ja;ganz;dritter Winkel und Sinussatz wie im Original
trigonometrische-funktionen-e1-k1-s13-v3;2025-OS-K4c;3;ja;unklar;nur letzter Rechenschritt, dazu Einheitskreis-Erklärung
lineare-funktionen-e4-k1-s6-v1;2025-OS-K5a;4;nein;ganz;Zeichnen, Ankreuzen und Gleichung wie im Original
lineare-funktionen-e4-k1-s6-v2;2025-OS-K5a;4;nein;ganz;Zeichnen, Ankreuzen und Gleichung wie im Original
quadratische-funktionen-e3-k1-s9-v1;2025-OS-K5b;2;nein;ganz;Scheitel und Scheitelpunktform beide verlangt
quadratische-funktionen-e3-k1-s9-v2;2025-OS-K5b;2;nein;ganz;Scheitel und Scheitelpunktform beide verlangt
potenzen-wurzeln-e3-k2-s13-v11;2025-OS-K5c;4;ja;ganz;Nullstellen mit p-q-Formel wie im Original
potenzen-wurzeln-e3-k2-s13-v12;2025-OS-K5c;4;ja;ganz;Nullstellen mit p-q-Formel wie im Original
quadratische-funktionen-e4-k1-s14-v1;2025-OS-K5c;4;ja;ganz;Schnittpunkte mit x-Achse gleich berechnet
quadratische-funktionen-e4-k1-s14-v2;2025-OS-K5c;4;ja;ganz;Schnittpunkte mit x-Achse gleich berechnet
quadratische-gleichungen-e3-k3-s13-v3;2025-OS-K5c;4;ja;ganz;Schnittpunkte mit x-Achse gleich berechnet
quadratische-gleichungen-e3-k3-s13-v4;2025-OS-K5c;4;ja;ganz;Schnittpunkte mit x-Achse gleich berechnet
reelle-zahlen-e1-k1-s7-v3;2025-OS-K5c;4;ja;unklar;Nullstellen vorgegeben, nur Runden verlangt
daten-e4-k1-s12-v1;2025-OS-K6a;2;nein;ganz;falsche Aussage ankreuzen und berichtigen
daten-e3-k1-s10-v5;2025-OS-K6b;3;nein;ganz;Prozentanteil und Sektor zeichnen wie im Original
daten-e3-k1-s10-v6;2025-OS-K6b;3;nein;ganz;Prozentanteil und Sektor zeichnen wie im Original
prozentrechnung-e2-k3-s8-v10;2025-OS-K6b;3;nein;teil;nur Prozentanteil, Original auch Kreisdiagramm
prozentrechnung-e2-k3-s8-v9;2025-OS-K6b;3;nein;teil;nur Prozentanteil, Original auch Kreisdiagramm
daten-e4-k1-s14-v1;2025-OS-K6c;3;ja;ganz;Mittelwert und Begründung der Auswirkung beide verlangt
daten-e4-k1-s14-v2;2025-OS-K6c;3;ja;ganz;Mittelwert und Begründung der Auswirkung beide verlangt
potenz-exponentialfunktionen-e1-k3-s5-v1;2025-OS-K7a;2;nein;ganz;Wertetabelle als Punkte darstellen wie im Original
potenz-exponentialfunktionen-e1-k3-s5-v2;2025-OS-K7a;2;nein;ganz;Wertetabelle als Punkte darstellen wie im Original
zuordnungen-e1-k1-s7-v1;2025-OS-K7a;2;nein;ganz;Wertetabelle ins Koordinatensystem eintragen
zuordnungen-e1-k1-s7-v2;2025-OS-K7a;2;nein;ganz;Wertetabelle ins Koordinatensystem eintragen
potenz-exponentialfunktionen-e2-k1-s7-v1;2025-OS-K7b;4;ja;teil;nur Faktornachweis, ohne Gleichung und Aussageprüfung
potenz-exponentialfunktionen-e2-k1-s7-v2;2025-OS-K7b;4;ja;teil;nur Faktornachweis, ohne Gleichung und Aussageprüfung
potenz-exponentialfunktionen-e3-k2-s8-v1;2025-OS-K7b;4;ja;teil;nur Aussageprüfung, Gleichung vorgegeben und Faktornachweis fehlt
potenz-exponentialfunktionen-e3-k2-s8-v2;2025-OS-K7b;4;ja;teil;nur Aussageprüfung, Gleichung vorgegeben und Faktornachweis fehlt
tangente-normale-schnittwinkel-e1-k1-s1-v5;2025-bebb-gk-A1.1a;3;;ganz;Tangentengleichung in einem Punkt des Graphen
orthogonalitaet-e3-k1-s4-v1;2025-bebb-gk-A1.2b;2;;ganz;Orthogonalität über Skalarprodukt wie im Original
spiegelung-e1-k3-s1-v5;2025-bebb-gk-A1.5a;2;;ganz;Punktspiegelung an Punkt wie im Original
gleichungen-loesen-e3-k1-s8-v1;2025-bebb-gk-A1.7a;3;;ganz;Ableitung angeben und Gleichung lösen, beide Leistungen
gleichungen-loesen-e3-k1-s8-v3;2025-bebb-gk-A1.7a;3;;ganz;Ableitung angeben und Gleichung lösen, beide Leistungen
orthogonalitaet-e3-k1-s3-v1;2025-bebb-gk-A1.8a;2;;ganz;Normalenvektor über zwei Skalarprodukte nachweisen
abstaende-e2-k1-s3-v2;2025-bebb-gk-A1.8b;3;;ganz;Punkt mit halbem Abstand auf Lotgerade, gleicher Weg
kenngroessen-von-verteilungen-e4-k1-s3-v1;2025-bebb-gk-A1.9a;2;;ganz;Parität von n aus Doppelmaximum begründen
binomialverteilung-e5-k1-s8-v1;2025-bebb-gk-A1.9b;3;;ganz;Einzelwahrscheinlichkeit aus Symmetrie wie im Original
binomialverteilung-e5-k1-s8-v2;2025-bebb-gk-A1.9b;3;;ganz;Einzelwahrscheinlichkeit aus Symmetrie wie im Original
kurvenuntersuchung-e2-k5-s1-v1;2025-bebb-gk-B2.1b;7;;ganz;Extrempunkte und Winkelhalbierende nachweisen wie im Original
tangente-normale-schnittwinkel-e4-k1-s10-v5;2025-bebb-gk-B2.1d;5;;ganz;Steigungswinkel und Aussage zum Schnittwinkel beide
tangente-normale-schnittwinkel-e4-k1-s10-v6;2025-bebb-gk-B2.1d;5;;ganz;Steigungswinkel und Aussage zum Schnittwinkel beide
grenzwerte-und-verhalten-im-unendlichen-e2-k1-s2-v1;2025-bebb-gk-B2.2a;3;;unklar;nur Grenzverhalten, Original verlangt auch Nullstelle
grenzwerte-und-verhalten-im-unendlichen-e2-k1-s2-v3;2025-bebb-gk-B2.2a;3;;unklar;nur Grenzverhalten, Original verlangt auch Nullstelle
grenzwerte-und-verhalten-im-unendlichen-e2-k1-s6-v1;2025-bebb-gk-B2.2a;3;;ganz;Nullstelle und Grenzverhalten wie im Original
grenzwerte-und-verhalten-im-unendlichen-e2-k1-s6-v2;2025-bebb-gk-B2.2a;3;;ganz;Nullstelle und Grenzverhalten wie im Original
kurvenuntersuchung-e2-k1-s6-v1;2025-bebb-gk-B2.2b;4;;ganz;Hochpunkt mit Produktregel wie im Original
stammfunktion-und-hauptsatz-e2-k1-s4-v1;2025-bebb-gk-B2.2d;5;;ganz;exakter Wert mit vorgegebener Stammfunktion und prozentuale Abweichung
stammfunktion-und-hauptsatz-e2-k1-s4-v2;2025-bebb-gk-B2.2d;5;;ganz;exakter Wert und prozentuale Abweichung beide
ableitung-und-aenderungsrate-e1-k1-s2-v2;2025-bebb-gk-B2.2f;3;;ganz;Werte ablesen und mittlere Änderungsrate berechnen
gleichungen-loesen-e3-k1-s4-v1;2025-bebb-gk-B2.2g;5;;ganz;Funktionalgleichung grafisch lösen und deuten
gleichungen-loesen-e3-k1-s4-v3;2025-bebb-gk-B2.2g;5;;ganz;Funktionalgleichung grafisch lösen und deuten
flaecheninhalt-und-volumen-im-raum-e3-k1-s3-v1;2025-bebb-gk-B3a;5;;unklar;nur Volumen, Original auch kürzeste und längste Kante
ebenen-e2-k1-s3-v2;2025-bebb-gk-B3b;4;;ganz;Koordinatengleichung aus drei Punkten mit Kontrolle
skalarprodukt-und-winkel-e3-k1-s1-v5;2025-bebb-gk-B3c;3;;ganz;Winkel Ebene gegen xy-Ebene über Normalenvektoren
punkte-und-strecken-im-koordinatensystem-e4-k1-s10-v3;2025-bebb-gk-B3d;3;;ganz;Ansatz für rechten Innenwinkel erläutern wie im Original
punkte-und-strecken-im-koordinatensystem-e4-k1-s10-v4;2025-bebb-gk-B3d;3;;ganz;Ansatz für rechten Innenwinkel erläutern wie im Original
unabhaengigkeit-e2-k1-s6-v1;2025-bebb-lk-A1.10a;5;;ganz;P(A) über quadratische Gleichung wie im Original
unabhaengigkeit-e2-k1-s6-v2;2025-bebb-lk-A1.10a;5;;ganz;P(A) über quadratische Gleichung, zwei Lösungen
kurvenuntersuchung-e2-k2-s5-v1;2025-bebb-lk-A1.1a;2;;ganz;Extremstelle mit f' und gegebenem f'' nachweisen
rekonstruktion-von-funktionsgleichungen-e1-k1-s6-v3;2025-bebb-lk-A1.2b;4;;ganz;beide Parameter aus zwei Punkten wie im Original
flaecheninhalt-und-volumen-im-raum-e4-k1-s2-v1;2025-bebb-lk-A1.3a;2;;ganz;Volumen des Prisma-Teilkörpers wie im Original
schnittmengen-e3-k1-s4-v1;2025-bebb-lk-A1.3b;3;;teil;nur Schnittfigur, Original auch Schnittgerade angeben
kenngroessen-von-verteilungen-e2-k1-s1-v5;2025-bebb-lk-A1.4b;3;;ganz;unbekannte Auszahlung aus der Fairnessgleichung wie im Original
umkehrfunktion-e2-k1-s5-v1;2025-bebb-lk-A1.5a;5;;ganz;Integralaussage über die Spiegelung beurteilt, andere Aussage
umkehrfunktion-e2-k1-s5-v2;2025-bebb-lk-A1.5a;5;;ganz;Integralaussage über die Spiegelung beurteilt, gleicher Weg
tangente-normale-schnittwinkel-e1-k1-s8-v2;2025-bebb-lk-A1.6a;1;;ganz;gegebene Tangente einzeichnen wie im Original
ableitung-und-aenderungsrate-e3-k1-s7-v1;2025-bebb-lk-A1.6b;4;;ganz;alle Sekantensteigungen angeben, gleicher Weg
ableitung-und-aenderungsrate-e3-k1-s7-v2;2025-bebb-lk-A1.6b;4;;ganz;alle Sekantensteigungen angeben, gleicher Weg
geraden-e2-k1-s9-v1;2025-bebb-lk-A1.7a;2;;ganz;Schar-Punktprobe für den Ursprung mit Widerspruch
geraden-e2-k1-s9-v2;2025-bebb-lk-A1.7a;2;;ganz;Schar-Punktprobe für den Ursprung mit Widerspruch
scharen-von-geraden-und-ebenen-e1-k2-s4-v2;2025-bebb-lk-A1.7b;3;;ganz;Identität der Schargeraden beurteilt, gleicher Weg
scharen-von-geraden-und-ebenen-e1-k2-s7-v3;2025-bebb-lk-A1.8a;1;;unklar;Original Angeben, Bank Ankreuzen aus drei Ebenen
scharen-von-geraden-und-ebenen-e1-k2-s8-v1;2025-bebb-lk-A1.8b;4;;ganz;Nichtparallelität der Scharebenen allgemein nachgewiesen
scharen-von-geraden-und-ebenen-e1-k2-s8-v2;2025-bebb-lk-A1.8b;4;;ganz;Nichtparallelität der Scharebenen allgemein nachgewiesen
zufallsexperimente-und-pfadregeln-e5-k1-s7-v1;2025-bebb-lk-A1.9b;3;;ganz;Term in n aufgestellt, kleine Auswertung zusätzlich
zufallsexperimente-und-pfadregeln-e5-k1-s7-v2;2025-bebb-lk-A1.9b;3;;ganz;Term in n aufgestellt, kleine Auswertung zusätzlich
ableitungsregeln-e1-k2-s7-v1;2025-bebb-lk-B2.1b;3;;ganz;faktorisierte Ableitung nachgewiesen, ohne Parameter
ableitungsregeln-e1-k2-s7-v2;2025-bebb-lk-B2.1b;3;;ganz;faktorisierte Ableitung mit Parameter nachgewiesen
ableitungsregeln-e1-k2-s7-v3;2025-bebb-lk-B2.1b;3;;ganz;faktorisierte Ableitung nachgewiesen, gleicher Weg
funktionsscharen-und-ortskurven-e3-k1-s7-v1;2025-bebb-lk-B2.1c;5;;ganz;Abstand Hoch- zu Tiefpunkt in k, Extremstellen wie vorgegeben
flaecheninhalt-durch-integration-e5-k1-s8-v1;2025-bebb-lk-B2.1d;4;;ganz;Scharflächenaussage über das Vorzeichen beurteilt
flaecheninhalt-durch-integration-e5-k1-s8-v2;2025-bebb-lk-B2.1d;4;;ganz;Scharflächenaussage über das Vorzeichen beurteilt
ableitung-und-aenderungsrate-e4-k1-s5-v3;2025-bebb-lk-B2.1f;3;;ganz;Zeitpunkt der maximalen Rate aus gegebener Ableitung
rekonstruktion-von-bestaenden-e1-k1-s5-v3;2025-bebb-lk-B2.1h;3;;ganz;Bestandsterm mit Integral und Abpumpterm angegeben
stammfunktion-und-hauptsatz-e2-k1-s3-v1;2025-bebb-lk-B2.2b;2;;ganz;Integral der Ableitung als Differenz von Funktionswerten
gleichungen-loesen-e2-k1-s8-v1;2025-bebb-lk-B2.2d;2;;ganz;Schnitt von Graph und Ableitungsgraph durch Einsetzen
gleichungen-loesen-e2-k1-s8-v2;2025-bebb-lk-B2.2d;2;;ganz;Schnitt von Graph und Ableitungsgraph durch Einsetzen
gleichungen-loesen-e2-k1-s8-v3;2025-bebb-lk-B2.2d;2;;ganz;Schnitt von Graph und Ableitungsgraph durch Einsetzen
ableitung-und-aenderungsrate-e1-k1-s4-v1;2025-bebb-lk-B2.2h;3;;ganz;Termwert berechnet und als mittlere Rate gedeutet
ebenen-e2-k2-s5-v1;2025-bebb-lk-B3b;3;;ganz;Normalenvektor über Vielfache der Spannvektoren begründet
ebenen-e2-k2-s5-v2;2025-bebb-lk-B3b;3;;ganz;Normalenvektor über Vielfache der Spannvektoren begründet
scharen-von-geraden-und-ebenen-e4-k1-s1-v5;2025-bebb-lk-B3d;4;;ganz;Scharebene angeben und Schnittfigur einzeichnen, beides
scharen-von-geraden-und-ebenen-e3-k1-s4-v1;2025-bebb-lk-B3e;6;;ganz;Parameter für minimale Fläche über Lotbedingung
scharen-von-geraden-und-ebenen-e3-k1-s4-v2;2025-bebb-lk-B3e;6;;ganz;Parameter für minimale Fläche über Lotbedingung
hypothesentests-e1-k1-s3-v1;2025-bebb-lk-B4e;5;;ganz;Entscheidungsregel am Nachbarwert bestimmt
hypothesentests-e3-k1-s4-v1;2025-bebb-lk-B4f;5;;ganz;Mindestanteil ermittelt und Fehler zweiter Art beschrieben
vektoren-und-rechenoperationen-e1-k2-s3-v1;2025MerhoehtAAGLAA11-a;2;;ganz;Koordinate aus der Länge mit Vorzeichenbedingung
matrizen-und-uebergangsprozesse-e1-k1-s7-v1;2025MerhoehtAAGLAA122;5;;ganz;alle Bedingungen für vertauschbare Matrizen ermittelt
matrizen-und-uebergangsprozesse-e1-k1-s7-v2;2025MerhoehtAAGLAA122;5;;ganz;alle Bedingungen für vertauschbare Matrizen ermittelt
skalarprodukt-und-winkel-e1-k1-s2-v3;2025MerhoehtAAGLAA211-a;2;;teil;nur ein Ausdruck, Original verlangt zwei
skalarprodukt-und-winkel-e1-k1-s3-v3;2025MerhoehtAAGLAA211-b;3;;ganz;Parameterungleichung über das Skalarprodukt gelöst
schnittmengen-e3-k1-s4-v2;2025MerhoehtAAGLAA212-b;3;;teil;nur Schnittfigur, Original verlangt auch die Schnittgerade
schnittmengen-e3-k1-s4-v3;2025MerhoehtAAGLAA212-b;3;;teil;nur Schnittfigur, Original verlangt auch die Schnittgerade
scharen-von-geraden-und-ebenen-e1-k2-s4-v3;2025MerhoehtAAGLAA221-b;3;;ganz;Identität der Schargeraden beurteilt, gleicher Weg
spiegelung-e3-k1-s4-v3;2025MerhoehtAAGLAA223-a;1;;ganz;eine Symmetrieebene angegeben wie im Original
vektoren-und-rechenoperationen-e2-k1-s8-v3;2025MerhoehtAAGLAA223-b;4;;ganz;Vektorterm für die Stumpfecke begründet
vektoren-und-rechenoperationen-e2-k1-s8-v4;2025MerhoehtAAGLAA223-b;4;;ganz;Vektorterm für die Stumpfecke begründet
funktionsscharen-und-ortskurven-e2-k1-s7-v1;2025MerhoehtAAnalysis11-a;3;;ganz;gleiche Steigung im Ursprung über die Ableitung
ableitungsregeln-e3-k1-s7-v1;2025MerhoehtAAnalysis21-a;3;;ganz;Tangentenbedingung mit allgemeinem f nachgewiesen
ableitungsregeln-e3-k1-s7-v2;2025MerhoehtAAnalysis21-a;3;;ganz;Tangentenbedingung mit allgemeinem f nachgewiesen
umkehrfunktion-e2-k1-s5-v3;2025MerhoehtAAnalysis22;5;;ganz;Integralaussage über die Spiegelung beurteilt
umkehrfunktion-e2-k1-s5-v4;2025MerhoehtAAnalysis22;5;;ganz;Integralaussage über die Spiegelung beurteilt
ableitung-und-aenderungsrate-e3-k1-s7-v3;2025MerhoehtAAnalysis23-b;4;;ganz;alle Sekantensteigungen angeben, gleicher Weg
ableitung-und-aenderungsrate-e3-k1-s7-v4;2025MerhoehtAAnalysis23-b;4;;ganz;alle Sekantensteigungen angeben, gleicher Weg
binomialverteilung-e4-k1-s9-v1;2025MerhoehtAStochastik21;5;;ganz;n und p aus Verhältnis und Erwartungswert
binomialverteilung-e4-k1-s9-v2;2025MerhoehtAStochastik21;5;;ganz;n und p aus Verhältnis und Erwartungswert
unabhaengigkeit-e2-k1-s6-v3;2025MerhoehtAStochastik23;5;;ganz;Wahrscheinlichkeit über quadratische Gleichung bestimmt
unabhaengigkeit-e2-k1-s6-v4;2025MerhoehtAStochastik23;5;;ganz;Wahrscheinlichkeit über quadratische Gleichung bestimmt
vektoren-und-rechenoperationen-e1-k2-s6-v3;2025MerhoehtBAGLAA1MMS-1a;2;;ganz;gleich langen nicht kollinearen Verbindungsvektor angegeben
vektoren-und-rechenoperationen-e1-k2-s6-v4;2025MerhoehtBAGLAA1MMS-1a;2;;ganz;gleich langen nicht kollinearen Verbindungsvektor angegeben
flaecheninhalt-und-volumen-im-raum-e1-k2-s7-v3;2025MerhoehtBAGLAA1MMS-1b;5;;ganz;Kongruenz begründet und Flächeninhalt berechnet
flaecheninhalt-und-volumen-im-raum-e1-k2-s7-v4;2025MerhoehtBAGLAA1MMS-1b;5;;ganz;Kongruenz begründet und Flächeninhalt berechnet
matrizen-und-uebergangsprozesse-e3-k1-s7-v1;2025MerhoehtBAGLAA1MMS-2b;6;;ganz;Kostengleichung erläutert, gelöst und gedeutet
matrizen-und-uebergangsprozesse-e3-k1-s7-v2;2025MerhoehtBAGLAA1MMS-2b;6;;ganz;Kostengleichung erläutert, gelöst und gedeutet
spiegelung-e1-k3-s2-v3;2025MerhoehtBAGLAA1WTR-2a;3;;ganz;zwei gespiegelte Ecken angegeben wie im Original
vektoren-und-rechenoperationen-e1-k2-s4-v1;2025MerhoehtBAGLAA1WTR-2b;4;;ganz;fehlende Koordinate aus der Parallelität bestimmt
scharen-von-geraden-und-ebenen-e1-k2-s5-v3;2025MerhoehtBAGLAA2MMS-1b;2;;ganz;Ortsvektor angegeben und Richtungsvektor nachgewiesen
spiegelung-e3-k1-s6-v3;2025MerhoehtBAGLAA2MMS-1c;3;;ganz;Symmetrieebene für jeden Parameter ausgeschlossen
spiegelung-e3-k1-s6-v4;2025MerhoehtBAGLAA2MMS-1c;3;;ganz;Symmetrieebene für jeden Parameter ausgeschlossen
orthogonalitaet-e4-k1-s2-v1;2025MerhoehtBAGLAA2MMS-1e;6;;ganz;maximaler Spitzenwinkel über Lotbedingung mit Erläuterung
funktionsscharen-und-ortskurven-e3-k1-s7-v2;2025MerhoehtBAnalysisMMS1-1b;4;;ganz;Abstand der Extrempunkte in Abhängigkeit vom Parameter
flaecheninhalt-durch-integration-e5-k1-s8-v10;2025MerhoehtBAnalysisMMS1-1c;4;;ganz;Aussage über das Vorzeichen des Terms beurteilt
flaecheninhalt-durch-integration-e5-k1-s8-v9;2025MerhoehtBAnalysisMMS1-1c;4;;ganz;Aussage über das Vorzeichen des Terms beurteilt
flaecheninhalt-durch-integration-e2-k1-s7-v1;2025MerhoehtBAnalysisMMS1-1d;5;;ganz;Flächenaussage als Parameterungleichung untersucht
flaecheninhalt-durch-integration-e2-k1-s7-v2;2025MerhoehtBAnalysisMMS1-1d;5;;ganz;Flächenaussage als Parameterungleichung untersucht
ableitung-und-aenderungsrate-e4-k1-s6-v1;2025MerhoehtBAnalysisMMS1-2a;4;;ganz;größte und kleinste Rate mit Randwerten
funktionsscharen-und-ortskurven-e2-k1-s4-v3;2025MerhoehtBAnalysisMMS2-1a;3;;teil;nur Grenzverhalten, Original verlangt auch den festen Funktionswert
stammfunktion-und-hauptsatz-e3-k1-s5-v3;2025MerhoehtBAnalysisMMS2-1c;3;;unklar;Original Begründen, Bank Ankreuzen wahr oder falsch
tangente-normale-schnittwinkel-e4-k1-s5-v1;2025MerhoehtBAnalysisMMS2-2b;4;;ganz;Winkel eingezeichnet und Nebenwinkel gedeutet
tangente-normale-schnittwinkel-e2-k1-s9-v1;2025MerhoehtBAnalysisMMS2-2d;5;;ganz;Einsehbarkeit über Tangente durch festen Punkt untersucht
tangente-normale-schnittwinkel-e2-k1-s9-v2;2025MerhoehtBAnalysisMMS2-2d;5;;ganz;Einsehbarkeit über Tangente durch festen Punkt untersucht
funktionsscharen-und-ortskurven-e1-k1-s2-v3;2025MerhoehtBAnalysisWTR1-1a;2;;ganz;Parameter aus einem Punkt begründet
funktionsklassen-und-eigenschaften-e1-k1-s9-v5;2025MerhoehtBAnalysisWTR1-2b;5;;ganz;Reichweitengleichheit übersetzt und Stelle abgelesen
funktionsklassen-und-eigenschaften-e1-k1-s9-v6;2025MerhoehtBAnalysisWTR1-2b;5;;ganz;Reichweitengleichheit übersetzt und Stelle abgelesen
umkehrfunktion-e1-k1-s4-v1;2025MerhoehtBAnalysisWTR2-1c;6;;ganz;Umkehrbarkeit begründet und beide Bereiche angegeben
umkehrfunktion-e1-k1-s4-v2;2025MerhoehtBAnalysisWTR2-1c;6;;ganz;Umkehrbarkeit begründet und beide Bereiche angegeben
flaecheninhalt-durch-integration-e5-k1-s8-v3;2025MerhoehtBAnalysisWTR2-1d;5;;ganz;Flächenterm der gespiegelten Figur begründet, Wert zusätzlich
flaecheninhalt-durch-integration-e5-k1-s8-v4;2025MerhoehtBAnalysisWTR2-1d;5;;ganz;Flächenterm der gespiegelten Figur begründet, Wert zusätzlich
funktionsscharen-und-ortskurven-e1-k1-s5-v2;2025MerhoehtBAnalysisWTR2-2a;5;;teil;nur Zuordnung, Original verlangt auch einen Tiefpunkt
funktionsscharen-und-ortskurven-e1-k1-s3-v1;2025MerhoehtBAnalysisWTR3-1a;2;;ganz;Parameter im Exponenten durch Vergleich bestimmt
gleichungen-loesen-e3-k1-s6-v1;2025MerhoehtBAnalysisWTR3-2a;5;;ganz;Sinusgleichung für halbe Maximalleistung als Uhrzeit
gleichungen-loesen-e3-k1-s6-v2;2025MerhoehtBAnalysisWTR3-2a;5;;ganz;Sinusgleichung für halbes Maximum als Uhrzeit
gleichungen-loesen-e3-k1-s6-v3;2025MerhoehtBAnalysisWTR3-2a;5;;ganz;Sinusgleichung für halbes Maximum als Uhrzeit
stammfunktion-und-hauptsatz-e2-k1-s0-v2;2025MerhoehtBAnalysisWTR3-2c;4;;ganz;Energie als Differenz der vorgegebenen Stammfunktion
vierfeldertafel-e2-k1-s4-v1;2025MerhoehtBStochastikWTR1-1b;4;;ganz;Entweder-oder-Aussage aus der Tafel beurteilt
vierfeldertafel-e2-k1-s4-v2;2025MerhoehtBStochastikWTR1-1b;4;;ganz;Entweder-oder-Aussage aus der Tafel beurteilt
normalverteilung-und-sigma-regeln-e3-k1-s4-v1;2025MerhoehtBStochastikWTR1-2b;6;;ganz;Implikation über Schranke für σ begründet
normalverteilung-und-sigma-regeln-e3-k1-s4-v2;2025MerhoehtBStochastikWTR1-2b;6;;ganz;Implikation über Schranke für σ begründet
konfidenzintervalle-e1-k1-s4-v3;2025MerhoehtBStochastikWTR3-2c;5;;ganz;Intervall grafisch bestimmt und Vermutung beurteilt
konfidenzintervalle-e1-k1-s4-v4;2025MerhoehtBStochastikWTR3-2c;5;;ganz;Intervall grafisch bestimmt und Vermutung beurteilt
konfidenzintervalle-e3-k1-s3-v1;2025MerhoehtBStochastikWTR3-2d;5;;ganz;Aussage mit beiden vorgegebenen Rechnungen beurteilt
konfidenzintervalle-e3-k1-s3-v2;2025MerhoehtBStochastikWTR3-2d;5;;unklar;Bank verlangt die Schwellenrechnungen selbst, Original gibt sie vor
orthogonalitaet-e3-k1-s4-v3;2025MgrundlegendAAGLAA211-b;2;;ganz;Orthogonalität zweier Geraden über Skalarprodukt untersucht
punkte-und-strecken-im-koordinatensystem-e1-k1-s5-v1;2025MgrundlegendAAGLAA212-a;1;;ganz;Lage zur Koordinatenebene über Vorzeichen begründet
punkte-und-strecken-im-koordinatensystem-e1-k1-s5-v3;2025MgrundlegendAAGLAA212-a;1;;ganz;Lage zur Koordinatenebene über Vorzeichen begründet
flaecheninhalt-und-volumen-im-raum-e1-k2-s2-v2;2025MgrundlegendAAGLAA212-b;4;;ganz;Dreiecksfläche über Höhe zur Basismitte berechnet
lagebeziehungen-e1-k2-s4-v2;2025MgrundlegendAAGLAA213-b;3;;ganz;Punktprobe und Normalenvektor beide nachgewiesen
orthogonalitaet-e3-k1-s3-v3;2025MgrundlegendAAGLAA221-a;2;;ganz;Normalenvektor über zwei Skalarprodukte nachgewiesen
stammfunktion-und-hauptsatz-e1-k1-s5-v1;2025MgrundlegendAAnalysis12-a;3;;ganz;Stammfunktion mit Wertebedingung bestimmt
gleichungen-loesen-e3-k1-s8-v2;2025MgrundlegendAAnalysis22-a;3;;ganz;Ableitung angegeben und Gleichung mit beiden Lösungen
punkte-und-strecken-im-koordinatensystem-e4-k1-s2-v3;2025MgrundlegendBAGLAA1WTR-2a;4;;ganz;Rechteck nachgewiesen und Seitenlänge im Parameter
punkte-und-strecken-im-koordinatensystem-e1-k1-s6-v1;2025MgrundlegendBAGLAA2WTR1-1a;2;;ganz;symmetrisches Achteck vervollständigt
punkte-und-strecken-im-koordinatensystem-e1-k1-s6-v2;2025MgrundlegendBAGLAA2WTR1-1a;2;;ganz;symmetrisches Achteck vervollständigt
punkte-und-strecken-im-koordinatensystem-e1-k1-s6-v3;2025MgrundlegendBAGLAA2WTR1-1a;2;;ganz;symmetrisches Achteck vervollständigt
ebenen-e2-k2-s3-v1;2025MgrundlegendBAGLAA2WTR1-1c;3;;ganz;Normalenvektor rechnerisch bestimmt, Probe zusätzlich
geraden-e4-k1-s4-v3;2025MgrundlegendBAGLAA2WTR1-1e;4;;ganz;Ansatz erläutert und im Sachzusammenhang gedeutet
geraden-e4-k1-s4-v4;2025MgrundlegendBAGLAA2WTR1-1e;4;;ganz;Ansatz erläutert und im Sachzusammenhang gedeutet
flaecheninhalt-durch-integration-e4-k1-s6-v1;2025MgrundlegendBAnalysisWTR1-1d;5;;ganz;Lösung über Punktsymmetrie und Rechteck begründet
flaecheninhalt-durch-integration-e4-k1-s6-v2;2025MgrundlegendBAnalysisWTR1-1d;5;;ganz;Lösung über Punktsymmetrie und Rechteck begründet
grenzwerte-und-verhalten-im-unendlichen-e2-k1-s2-v2;2025MgrundlegendBAnalysisWTR2-1a;3;;unklar;nur Grenzverhalten, die verlangte Nullstelle fehlt
gleichungen-loesen-e3-k1-s4-v2;2025MgrundlegendBAnalysisWTR2-2c;5;;ganz;grafisch lösen und deuten wie im Original
bedingte-wahrscheinlichkeit-und-bayes-e3-k1-s4-v3;2025MgrundlegendBStochastikWTR1-1e;4;;ganz;ablesen und Parameter samt Funktionswert deuten
kombinatorik-e2-k1-s8-v3;2025MgrundlegendBStochastikWTR2-1e;4;;ganz;Höchstzahl aus zwei Symbolgruppen mit gleichem Weg
kombinatorik-e2-k1-s8-v4;2025MgrundlegendBStochastikWTR2-1e;4;;ganz;Höchstzahl aus zwei Symbolgruppen mit gleichem Weg
funktionsklassen-und-eigenschaften-e4-k1-s8-v1;2026-B-1a;3;;ganz;Symmetrie begründen und Verhalten im Unendlichen angeben
funktionsklassen-und-eigenschaften-e4-k1-s8-v2;2026-B-1a;3;;ganz;Symmetrie begründen und Verhalten im Unendlichen angeben
funktionsklassen-und-eigenschaften-e2-k1-s10-v1;2026-B-1b;6;;ganz;alle Achsenschnittpunkte über Substitution
funktionsklassen-und-eigenschaften-e2-k1-s10-v2;2026-B-1b;6;;ganz;alle Achsenschnittpunkte über Substitution
ableitungsregeln-e1-k2-s3-v3;2026-B-1c;3;;ganz;erste bis dritte Ableitung wie im Original
tangente-normale-schnittwinkel-e2-k1-s1-v5;2026-B-1g;3;;teil;nur der rechnerische Nachweis, Original verlangt auch Einzeichnen
tangente-normale-schnittwinkel-e2-k1-s9-v5;2026-B-1g;3;;ganz;Tangente nachweisen und einzeichnen
tangente-normale-schnittwinkel-e2-k1-s9-v6;2026-B-1g;3;;ganz;Tangente nachweisen und einzeichnen
tangente-normale-schnittwinkel-e5-k1-s1-v5;2026-B-1h;3;;ganz;Dreiecksfläche aus den Achsenabschnitten der Geraden
rekonstruktion-von-funktionsgleichungen-e1-k1-s4-v2;2026-B-2a;5;;ganz;Ansatz mit Punktsymmetrie und LGS wie im Original
kombinatorik-e2-k1-s8-v1;2026-B-3d;2;;ganz;Kombination mit Wiederholung mit gleichem Weg
kombinatorik-e2-k1-s8-v2;2026-B-3d;2;;ganz;Kombination mit Wiederholung mit gleichem Weg
kombinatorik-e1-k1-s4-v3;2026-B-3e;2;;ganz;Permutation mit Wiederholung mit gleichem Weg
ableitungsregeln-e1-k2-s3-v1;2026-C-1c;3;;ganz;erste bis dritte Ableitung wie im Original
tangente-normale-schnittwinkel-e1-k1-s10-v10;2026-C-1d;3;;ganz;Punktprobe und Tangentengleichung wie im Original
tangente-normale-schnittwinkel-e1-k1-s10-v9;2026-C-1d;3;;ganz;Punktprobe und Tangentengleichung wie im Original
tangente-normale-schnittwinkel-e1-k1-s2-v2;2026-C-1d;3;;ganz;Punktprobe und Tangentengleichung
kurvenuntersuchung-e2-k1-s10-v3;2026-C-1e;8;;ganz;Nachweis, Art mit Koordinaten und Monotonie
kurvenuntersuchung-e2-k1-s10-v4;2026-C-1e;8;;ganz;Nachweis, Art mit Koordinaten und Monotonie
kurvenuntersuchung-e3-k1-s10-v3;2026-C-1f;7;;ganz;Wendepunkte über Polynomdivision, Sattelprüfung kleine Zugabe
kurvenuntersuchung-e3-k1-s10-v4;2026-C-1f;7;;ganz;Wendepunkte über Polynomdivision, Sattelprüfung kleine Zugabe
rekonstruktion-von-funktionsgleichungen-e1-k1-s3-v3;2026-C-2c;6;;ganz;Parabel aus drei Punkten über LGS
unabhaengigkeit-e1-k2-s2-v3;2026-C-3e;4;;ganz;Anzahlen ermitteln und Unabhängigkeit prüfen
prozentrechnung-basis-k4-v1;2026-FOR-B1a;1;;ganz;Prozentwert mit gleichem Weg
prozentrechnung-basis-k4-v10;2026-FOR-B1a;1;;ganz;Prozentwert mit gleichem Weg
prozentrechnung-basis-k4-v2;2026-FOR-B1a;1;;ganz;Prozentwert mit gleichem Weg
prozentrechnung-basis-k4-v3;2026-FOR-B1a;1;;ganz;Prozentwert mit gleichem Weg
prozentrechnung-basis-k4-v4;2026-FOR-B1a;1;;ganz;Prozentwert mit gleichem Weg
prozentrechnung-basis-k4-v5;2026-FOR-B1a;1;;ganz;Prozentwert mit gleichem Weg
prozentrechnung-basis-k4-v6;2026-FOR-B1a;1;;ganz;Prozentwert mit gleichem Weg
prozentrechnung-basis-k4-v7;2026-FOR-B1a;1;;ganz;Prozentwert mit gleichem Weg
prozentrechnung-basis-k4-v8;2026-FOR-B1a;1;;ganz;Prozentwert mit gleichem Weg
prozentrechnung-basis-k4-v9;2026-FOR-B1a;1;;ganz;Prozentwert mit gleichem Weg
prozentrechnung-e3-k1-s9-v7;2026-FOR-B1a;1;;ganz;Prozentwert aus Prozentsatz und Grundwert wie im Original, ein Ergebnis
prozentrechnung-e3-k1-s9-v8;2026-FOR-B1a;1;;ganz;Prozentwert aus Prozentsatz und Grundwert wie im Original, ein Ergebnis
brueche-dezimalzahlen-basis-k1-v1;2026-FOR-B1b;1;;ganz;Figur mit gegebenem Anteil ankreuzen
brueche-dezimalzahlen-basis-k1-v10;2026-FOR-B1b;1;;ganz;Figur mit gegebenem Anteil ankreuzen
brueche-dezimalzahlen-basis-k1-v2;2026-FOR-B1b;1;;ganz;Figur mit gegebenem Anteil ankreuzen
brueche-dezimalzahlen-basis-k1-v3;2026-FOR-B1b;1;;ganz;Figur mit gegebenem Anteil ankreuzen
brueche-dezimalzahlen-basis-k1-v4;2026-FOR-B1b;1;;ganz;Figur mit gegebenem Anteil ankreuzen
brueche-dezimalzahlen-basis-k1-v5;2026-FOR-B1b;1;;ganz;Figur mit gegebenem Anteil ankreuzen
brueche-dezimalzahlen-basis-k1-v6;2026-FOR-B1b;1;;ganz;Figur mit gegebenem Anteil ankreuzen
brueche-dezimalzahlen-basis-k1-v7;2026-FOR-B1b;1;;ganz;Figur mit gegebenem Anteil ankreuzen
brueche-dezimalzahlen-basis-k1-v8;2026-FOR-B1b;1;;ganz;Figur mit gegebenem Anteil ankreuzen
brueche-dezimalzahlen-basis-k1-v9;2026-FOR-B1b;1;;ganz;Figur mit gegebenem Anteil ankreuzen
brueche-dezimalzahlen-e1-k1-s6-v17;2026-FOR-B1b;1;;ganz;Figur mit gegebenem Anteil ankreuzen
brueche-dezimalzahlen-e1-k1-s6-v18;2026-FOR-B1b;1;;ganz;Figur mit gegebenem Anteil ankreuzen
winkel-dreiecke-e3-k2-s10-v1;2026-FOR-B1c;1;;ganz;Vierecks-Eigenschaft ankreuzen
einheiten-e1-k2-s9-v2;2026-FOR-B1d;1;;ganz;Größen umrechnen und Zeichen setzen
quadratische-funktionen-basis-k1-v1;2026-FOR-B1e;1;;ganz;Wertetabelle zur Funktion ankreuzen
quadratische-funktionen-basis-k1-v10;2026-FOR-B1e;1;;ganz;Wertetabelle zur Funktion ankreuzen
quadratische-funktionen-basis-k1-v2;2026-FOR-B1e;1;;ganz;Wertetabelle zur Funktion ankreuzen
quadratische-funktionen-basis-k1-v3;2026-FOR-B1e;1;;ganz;Wertetabelle zur Funktion ankreuzen
quadratische-funktionen-basis-k1-v4;2026-FOR-B1e;1;;ganz;Wertetabelle zur Funktion ankreuzen
quadratische-funktionen-basis-k1-v5;2026-FOR-B1e;1;;ganz;Wertetabelle zur Funktion ankreuzen
quadratische-funktionen-basis-k1-v6;2026-FOR-B1e;1;;ganz;Wertetabelle zur Funktion ankreuzen
quadratische-funktionen-basis-k1-v7;2026-FOR-B1e;1;;ganz;Wertetabelle zur Funktion ankreuzen
quadratische-funktionen-basis-k1-v8;2026-FOR-B1e;1;;ganz;Wertetabelle zur Funktion ankreuzen
quadratische-funktionen-basis-k1-v9;2026-FOR-B1e;1;;ganz;Wertetabelle zur Funktion ankreuzen
quadratische-funktionen-e1-k1-s10-v1;2026-FOR-B1e;1;;ganz;Wertetabelle zur Funktion ankreuzen
quadratische-funktionen-e1-k1-s10-v2;2026-FOR-B1e;1;;ganz;Wertetabelle zur Funktion ankreuzen
koerper-basis-k3-v1;2026-FOR-B1f;1;;ganz;Würfelvolumen aus der Kante
koerper-basis-k3-v10;2026-FOR-B1f;1;;ganz;Würfelvolumen aus der Kante
koerper-basis-k3-v2;2026-FOR-B1f;1;;ganz;Würfelvolumen aus der Kante
koerper-basis-k3-v3;2026-FOR-B1f;1;;ganz;Würfelvolumen aus der Kante
koerper-basis-k3-v4;2026-FOR-B1f;1;;ganz;Würfelvolumen aus der Kante
koerper-basis-k3-v5;2026-FOR-B1f;1;;ganz;Würfelvolumen aus der Kante
koerper-basis-k3-v6;2026-FOR-B1f;1;;ganz;Würfelvolumen aus der Kante
koerper-basis-k3-v7;2026-FOR-B1f;1;;ganz;Würfelvolumen aus der Kante
koerper-basis-k3-v8;2026-FOR-B1f;1;;ganz;Würfelvolumen aus der Kante
koerper-basis-k3-v9;2026-FOR-B1f;1;;ganz;Würfelvolumen aus der Kante
koerper-e2-k1-s8-v1;2026-FOR-B1f;1;;ganz;Würfelvolumen aus der Kante
koerper-e2-k1-s8-v2;2026-FOR-B1f;1;;ganz;Würfelvolumen aus der Kante
rationale-zahlen-basis-k1-v1;2026-FOR-B1g;1;;ganz;Termwert mit Klammer und negativer Zahl
rationale-zahlen-basis-k1-v10;2026-FOR-B1g;1;;ganz;Termwert mit Klammer und negativer Zahl
rationale-zahlen-basis-k1-v2;2026-FOR-B1g;1;;ganz;Termwert mit Klammer und negativer Zahl
rationale-zahlen-basis-k1-v3;2026-FOR-B1g;1;;ganz;Termwert mit Klammer und negativer Zahl
rationale-zahlen-basis-k1-v4;2026-FOR-B1g;1;;ganz;Termwert mit Klammer und negativer Zahl
rationale-zahlen-basis-k1-v5;2026-FOR-B1g;1;;ganz;Termwert mit Klammer und negativer Zahl
rationale-zahlen-basis-k1-v6;2026-FOR-B1g;1;;ganz;Termwert mit Klammer und negativer Zahl
rationale-zahlen-basis-k1-v7;2026-FOR-B1g;1;;ganz;Termwert mit Klammer und negativer Zahl
rationale-zahlen-basis-k1-v8;2026-FOR-B1g;1;;ganz;Termwert mit Klammer und negativer Zahl
rationale-zahlen-basis-k1-v9;2026-FOR-B1g;1;;ganz;Termwert mit Klammer und negativer Zahl
rationale-zahlen-e3-k1-s7-v5;2026-FOR-B1g;1;;ganz;Termwert mit Klammer und negativer Zahl
rationale-zahlen-e3-k1-s7-v6;2026-FOR-B1g;1;;ganz;Termwert mit Klammer und negativer Zahl
winkel-dreiecke-basis-k4-v1;2026-FOR-B1i;1;;ganz;Nachbarwinkel im Parallelogramm über 180°
winkel-dreiecke-basis-k4-v10;2026-FOR-B1i;1;;unklar;Gegenwinkel statt Nachbarwinkel, anderer Lösungsweg
winkel-dreiecke-basis-k4-v2;2026-FOR-B1i;1;;ganz;Nachbarwinkel im Parallelogramm über 180°
winkel-dreiecke-basis-k4-v3;2026-FOR-B1i;1;;unklar;Gegenwinkel statt Nachbarwinkel, anderer Lösungsweg
winkel-dreiecke-basis-k4-v4;2026-FOR-B1i;1;;ganz;Nachbarwinkel im Parallelogramm über 180°
winkel-dreiecke-basis-k4-v5;2026-FOR-B1i;1;;ganz;Nachbarwinkel im Parallelogramm über 180°
winkel-dreiecke-basis-k4-v6;2026-FOR-B1i;1;;ganz;Nachbarwinkel im Parallelogramm über 180°
winkel-dreiecke-basis-k4-v7;2026-FOR-B1i;1;;unklar;Gegenwinkel statt Nachbarwinkel, anderer Lösungsweg
winkel-dreiecke-basis-k4-v8;2026-FOR-B1i;1;;ganz;Nachbarwinkel im Parallelogramm über 180°
winkel-dreiecke-basis-k4-v9;2026-FOR-B1i;1;;ganz;Nachbarwinkel im Parallelogramm über 180°
winkel-dreiecke-e2-k2-s10-v3;2026-FOR-B1i;1;;ganz;Nachbarwinkel im Parallelogramm über 180°
winkel-dreiecke-e2-k2-s10-v4;2026-FOR-B1i;1;;ganz;Nachbarwinkel im Parallelogramm über 180°
pyramide-kegel-kugel-e2-k2-s12-v1;2026-FOR-K2b;3;;unklar;verlangt zusätzlich die Gesamthöhe aus der Folgeteilaufgabe
pyramide-kegel-kugel-e2-k2-s12-v2;2026-FOR-K2b;3;;unklar;verlangt zusätzlich die Gesamthöhe aus der Folgeteilaufgabe
pyramide-kegel-kugel-e2-k2-s12-v3;2026-FOR-K2b;3;;unklar;verlangt zusätzlich die Gesamthöhe aus der Folgeteilaufgabe
pythagoras-e3-k2-s15-v3;2026-FOR-K2c;3;;ganz;Kegelhöhe über Pythagoras plus Zylinderhöhe
pythagoras-e3-k2-s15-v4;2026-FOR-K2c;3;;ganz;Kegelhöhe über Pythagoras plus Zylinderhöhe
pyramide-kegel-kugel-e2-k2-s14-v1;2026-FOR-K2d;3;;ganz;Volumenaussage Kegel gegen Zylinder rechnerisch prüfen
pyramide-kegel-kugel-e2-k2-s14-v2;2026-FOR-K2d;3;;ganz;Volumenaussage Kegel gegen Zylinder rechnerisch prüfen
daten-e4-k1-s2-v3;2026-FOR-K3a;1;;ganz;Spannweite mit gleichem Weg
daten-e4-k1-s12-v3;2026-FOR-K3b;2;;ganz;Mittel berechnen und Behauptung prüfen
prozentrechnung-e5-k2-s8-v1;2026-FOR-K3c;2;;ganz;prozentuale Steigerung mit gleichem Weg
prozentrechnung-e5-k2-s8-v2;2026-FOR-K3c;2;;ganz;prozentuale Steigerung mit gleichem Weg
daten-e2-k2-s7-v3;2026-FOR-K3d;1;;ganz;Säule mit gegebenem Wert einzeichnen
daten-e5-k1-s10-v3;2026-FOR-K3e;1;;ganz;Verzerrung durch abgeschnittene Achse erklären
daten-e5-k1-s10-v4;2026-FOR-K3e;1;;ganz;Verzerrung durch abgeschnittene Achse erklären
reelle-zahlen-e3-k1-s5-v3;2026-FOR-K4a;2;;ganz;Kathete über Pythagoras mit gleichem Weg
trigonometrie-e2-k1-s11-v5;2026-FOR-K4b;2;;ganz;Nachweis des Winkels über cos⁻¹ wie im Original
trigonometrie-e2-k1-s11-v6;2026-FOR-K4b;2;;ganz;gleiche Winkelrechnung, Berechnen statt Nachweis eines Näherungswerts
trigonometrie-e3-k1-s17-v7;2026-FOR-K4c;3;;ganz;Diagonale aus Höhe und Winkel mit dem Sinus
trigonometrie-e3-k1-s17-v8;2026-FOR-K4c;3;;ganz;Diagonale aus Höhe und Winkel mit dem Sinus
lineare-funktionen-e2-k4-s8-v1;2026-FOR-K5a;2;;ganz;Gerade aus Gleichung zeichnen wie im Original
lineare-funktionen-e2-k4-s8-v2;2026-FOR-K5a;2;;ganz;Gerade aus Gleichung zeichnen wie im Original
lineare-funktionen-e3-k2-s7-v11;2026-FOR-K5b;2;;ganz;rechnerische Punktprobe mit Entscheidung
lineare-funktionen-e3-k2-s7-v12;2026-FOR-K5b;2;;ganz;rechnerische Punktprobe mit Entscheidung
wahrscheinlichkeit-e3-k3-s2-v1;2026-FOR-K6b;4;;teil;nur Baum ergänzen, Original verlangt auch P(beide ungerade)
bruchrechnung-e1-k3-s8-v10;2026-FOR-K6c;2;;teil;das Original verlangt den zweistufigen Pfad des Gegenereignisses selbst, die Bankzeile gibt ihn vor und übt nur eins minus Bruch und Kürzen
bruchrechnung-e1-k3-s8-v9;2026-FOR-K6c;2;;teil;das Original verlangt den zweistufigen Pfad des Gegenereignisses selbst, die Bankzeile gibt ihn vor und übt nur eins minus Bruch und Kürzen
wahrscheinlichkeit-e3-k3-s7-v1;2026-FOR-K6c;2;;ganz;Gegenereignis mit Pfadregel an zwei Würfeln
wahrscheinlichkeit-e3-k3-s10-v2;2026-FOR-K6d;2;;ganz;eine Zahl ändern und mit Rechnung belegen
potenz-exponentialfunktionen-e2-k2-s8-v1;2026-FOR-K7a;2;;ganz;Anfangswert und Folgewert in der Tabelle ergänzen
potenz-exponentialfunktionen-e2-k2-s8-v2;2026-FOR-K7a;2;;ganz;Anfangswert und Folgewert in der Tabelle ergänzen
potenz-exponentialfunktionen-e1-k2-s7-v1;2026-FOR-K7b;3;;ganz;Graph ankreuzen und beide anderen begründet ausschließen
potenz-exponentialfunktionen-e1-k2-s7-v2;2026-FOR-K7b;3;;ganz;Graph ankreuzen und beide anderen begründet ausschließen
trigonometrische-funktionen-e4-k1-s12-v2;2026-FOR-K7b;3;;ganz;Graph ankreuzen und beide anderen begründet ausschließen
potenz-exponentialfunktionen-e3-k1-s7-v1;2026-FOR-K7c;3;;ganz;Gleichung aufstellen und Wert eines späteren Jahres berechnen
potenz-exponentialfunktionen-e3-k1-s7-v2;2026-FOR-K7c;3;;ganz;Gleichung aufstellen und Wert eines späteren Jahres berechnen
zufallsexperimente-und-pfadregeln-e3-k1-s9-v1;2026-bb-ea-A1.10a;3;;ganz;Vergleich über Pfade und Potenz für zwei Runden
zufallsexperimente-und-pfadregeln-e3-k1-s9-v2;2026-bb-ea-A1.10a;3;;ganz;Vergleich über Pfade und Potenz für mehrere Runden
zufallsexperimente-und-pfadregeln-e7-k1-s8-v1;2026-bb-ea-A1.10b;2;;ganz;beide Platzhalter des Terms mit gleichem Weg
zufallsexperimente-und-pfadregeln-e7-k1-s8-v2;2026-bb-ea-A1.10b;2;;ganz;beide Platzhalter des Terms mit gleichem Weg
gleichungen-loesen-e2-k1-s7-v1;2026-bb-ea-A1.1a;1;;ganz;Schnittstellen über den positiven Exponentialfaktor nachweisen
gleichungen-loesen-e2-k1-s7-v3;2026-bb-ea-A1.1a;1;;ganz;Schnittstellen über den positiven Exponentialfaktor nachweisen
tangente-normale-schnittwinkel-e4-k1-s7-v1;2026-bb-ea-A1.2b;4;;ganz;Parameter aus senkrechtem Schnitt wie im Original
orthogonalitaet-e3-k1-s1-v2;2026-bb-ea-A1.3a;2;;ganz;Orthogonalität begründen und Punktprobe, beide Leistungen
abstaende-e2-k1-s3-v1;2026-bb-ea-A1.3b;3;;ganz;Punkt mit vorgegebenem Abstand auf der Lotgeraden
kenngroessen-von-verteilungen-e4-k1-s4-v1;2026-bb-ea-A1.4b;4;;ganz;μ, σ und Säulensumme im Sigma-Intervall
kenngroessen-von-verteilungen-e4-k1-s4-v2;2026-bb-ea-A1.4b;4;;ganz;μ, σ und Säulensumme im Sigma-Intervall
funktionsklassen-und-eigenschaften-e5-k1-s10-v1;2026-bb-ea-A1.5b;4;;ganz;Wertemenge nach Transformation angeben und begründen
funktionsklassen-und-eigenschaften-e5-k1-s10-v2;2026-bb-ea-A1.5b;4;;ganz;Wertemenge nach Transformation angeben und begründen
orthogonalitaet-e1-k4-s3-v2;2026-bb-ea-A1.7a;2;;ganz;rechter Winkel mit Parametern begründet
abstaende-e1-k2-s5-v1;2026-bb-ea-A1.7b;3;;ganz;Gleichschenkligkeit ansetzen und mit abgebildeter Gerade abgleichen
abstaende-e3-k1-s7-v5;2026-bb-ea-A1.8b;4;;ganz;Geradenschar über gemeinsamen Lotfußpunkt beurteilen
abstaende-e3-k1-s7-v6;2026-bb-ea-A1.8b;4;;ganz;Geradenschar über gemeinsamen Lotfußpunkt beurteilen
kenngroessen-von-verteilungen-e2-k1-s2-v3;2026-bb-ea-A1.9b;4;;ganz;a und b aus Erwartungswertbedingung mit gleichem Weg
funktionsscharen-und-ortskurven-e2-k1-s6-v1;2026-bb-ea-B2.1a;4;;teil;nur Symmetrie, Original verlangt auch gemeinsame Tangente
tangente-normale-schnittwinkel-e4-k1-s10-v1;2026-bb-ea-B2.1d;4;;ganz;Winkelhalbierende über halben Steigungswinkel und Exponentialgleichung
tangente-normale-schnittwinkel-e4-k1-s10-v2;2026-bb-ea-B2.1d;4;;ganz;Winkelhalbierende über halben Steigungswinkel und Exponentialgleichung
stammfunktion-und-hauptsatz-e3-k1-s4-v2;2026-bb-ea-B2.1e;2;;ganz;Extremum der Stammfunktion über Vorzeichenwechsel begründen
rekonstruktion-von-funktionsgleichungen-e2-k1-s7-v1;2026-bb-ea-B2.1g;2;;ganz;k aus Anfangsänderungsrate wie im Original
rekonstruktion-von-funktionsgleichungen-e2-k1-s7-v2;2026-bb-ea-B2.1g;2;;ganz;k aus Anfangsänderungsrate wie im Original
rekonstruktion-von-funktionsgleichungen-e2-k1-s7-v3;2026-bb-ea-B2.1g;2;;ganz;k aus Anfangsänderungsrate wie im Original
funktionsscharen-und-ortskurven-e3-k1-s3-v1;2026-bb-ea-B2.2a;5;;ganz;Parameter aus Punkt und Wendepunktnachweis, beides verlangt
tangente-normale-schnittwinkel-e3-k1-s6-v1;2026-bb-ea-B2.2e;5;;ganz;Mittelpunkt über Normale im Berührpunkt
rekonstruktion-von-bestaenden-e1-k1-s1-v5;2026-bb-ea-B2.2g;4;;ganz;Integral der Rate berechnen und deuten
flaecheninhalt-und-volumen-im-raum-e3-k1-s3-v2;2026-bb-ea-B3a;4;;ganz;Trapez nachweisen und Pyramidenvolumen berechnen
schnittmengen-e1-k2-s2-v2;2026-bb-ea-B3c;4;;ganz;Schnitt der Kante mit der Ebene wie im Original
abstaende-e1-k2-s7-v1;2026-bb-ea-B3e;5;;ganz;Existenz eines Kreispunkts über Radiusvergleich beurteilen
abstaende-e1-k2-s7-v2;2026-bb-ea-B3e;5;;ganz;Existenz eines Kreispunkts über Radiusvergleich beurteilen
bedingte-wahrscheinlichkeit-und-bayes-e3-k1-s2-v3;2026-bb-ea-B4e;3;;ganz;Monotonie der bedingten Wahrscheinlichkeit begründet beurteilen
normalverteilung-und-sigma-regeln-e2-k1-s3-v1;2026-bb-ea-B4f;2;;ganz;Punktwahrscheinlichkeit mit halben Schritten
normalverteilung-und-sigma-regeln-e2-k1-s3-v2;2026-bb-ea-B4f;2;;ganz;Punktwahrscheinlichkeit mit halben Schritten
normalverteilung-und-sigma-regeln-e2-k1-s3-v3;2026-bb-ea-B4f;2;;ganz;gleicher Weg mit halben Schritten, einseitiges Intervall
normalverteilung-und-sigma-regeln-e1-k1-s3-v1;2026-bb-ea-B4g;2;;ganz;vernachlässigbare Wahrscheinlichkeit als Modellargument begründen
normalverteilung-und-sigma-regeln-e1-k1-s3-v2;2026-bb-ea-B4g;2;;ganz;vernachlässigbare Wahrscheinlichkeit als Modellargument begründen
normalverteilung-und-sigma-regeln-e1-k1-s3-v3;2026-bb-ea-B4g;2;;ganz;vernachlässigbare Wahrscheinlichkeit als Modellargument begründen
normalverteilung-und-sigma-regeln-e2-k1-s4-v1;2026-bb-ea-B4h;3;;ganz;Abweichungsintervall übersetzen und mit Schranke vergleichen
normalverteilung-und-sigma-regeln-e2-k1-s4-v2;2026-bb-ea-B4h;3;;ganz;Abweichungsintervall übersetzen und mit Schranke vergleichen
normalverteilung-und-sigma-regeln-e2-k1-s4-v3;2026-bb-ea-B4h;3;;ganz;Abweichungsintervall übersetzen und mit Schranke vergleichen
spiegelung-e1-k3-s3-v3;2026-bb-gk-A1.2b;2;;ganz;Spiegelpunkt über bekannten Lotfußpunkt
orthogonalitaet-e1-k4-s3-v1;2026-bb-gk-A1.5a;2;;ganz;rechter Winkel mit Parameter über Skalarprodukt
abstaende-e1-k2-s4-v1;2026-bb-gk-A1.5b;3;;ganz;Parameter aus Gleichschenkligkeit wie im Original
kenngroessen-von-verteilungen-e4-k1-s1-v4;2026-bb-gk-A1.6a;2;;ganz;p aus ganzzahligem Erwartungswert an höchster Säule
orthogonalitaet-e2-k1-s5-v1;2026-bb-gk-A1.8a;5;;ganz;Punkt aus Orthogonalitäts- und Ebenenbedingung
kenngroessen-von-verteilungen-e3-k1-s2-v2;2026-bb-gk-A1.9a;5;;ganz;n und p bestimmen und Term angeben, beide Leistungen
grenzwerte-und-verhalten-im-unendlichen-e1-k2-s4-v1;2026-bb-gk-B2.1a;2;;ganz;Verhalten von f' an beiden Enden angeben
grenzwerte-und-verhalten-im-unendlichen-e1-k2-s4-v2;2026-bb-gk-B2.1a;2;;ganz;Verhalten von f' an beiden Enden angeben
grenzwerte-und-verhalten-im-unendlichen-e1-k2-s4-v3;2026-bb-gk-B2.1a;2;;ganz;Verhalten von f' an beiden Enden angeben
stammfunktion-und-hauptsatz-e3-k1-s4-v1;2026-bb-gk-B2.1b;2;;ganz;Minimum aller Stammfunktionen über Vorzeichen begründen
kurvenuntersuchung-e5-k1-s8-v1;2026-bb-gk-B2.1f;2;;ganz;Höhe und Breite mit Halbkreisen gegen Platte prüfen
ableitung-und-aenderungsrate-e1-k1-s7-v1;2026-bb-gk-B2.1i;3;;ganz;Gesamtlänge und Zeit, Radius aber direkt vorgegeben
tangente-normale-schnittwinkel-e1-k1-s4-v1;2026-bb-gk-B2.2b;3;;ganz;Tangente im y-Achsenschnittpunkt aufstellen
ableitung-und-aenderungsrate-e3-k1-s3-v1;2026-bb-gk-B2.2h;4;;ganz;beide Raten und relative Abweichung gegen Schranke
ableitung-und-aenderungsrate-e4-k1-s9-v4;2026-bb-gk-B2.2i;3;;ganz;Proportionalität von Bestand und Rate am Term begründen
ableitung-und-aenderungsrate-e4-k1-s9-v5;2026-bb-gk-B2.2i;3;;ganz;Proportionalität von Bestand und Rate am Term begründen
punkte-und-strecken-im-koordinatensystem-e4-k1-s6-v1;2026-bb-gk-B3a;3;;ganz;Trapez nachweisen und Flächeninhalt berechnen
punkte-und-strecken-im-koordinatensystem-e4-k1-s6-v3;2026-bb-gk-B3a;3;;ganz;Trapez nachweisen und Flächeninhalt berechnen
skalarprodukt-und-winkel-e2-k2-s1-v5;2026-bb-gk-B3b;3;;ganz;Kantenwinkel über Skalarprodukt
abstaende-e3-k1-s2-v1;2026-bb-gk-B3c;3;;ganz;Gleichungspaar als Lotfußpunkt deuten
punkte-und-strecken-im-koordinatensystem-e2-k1-s4-v1;2026-bb-gk-B3d;2;;ganz;Mittelpunkt nachweisen und symmetrischen Punkt angeben
punkte-und-strecken-im-koordinatensystem-e2-k1-s4-v2;2026-bb-gk-B3d;2;;ganz;Mittelpunkt nachweisen und symmetrischen Punkt angeben
punkte-und-strecken-im-koordinatensystem-e2-k1-s4-v3;2026-bb-gk-B3d;2;;ganz;Mittelpunkt nachweisen und symmetrischen Punkt angeben
spiegelung-e2-k1-s4-v3;2026-bb-gk-B3e;4;;ganz;Spiegelebene aus Spiegelpaar samt Konstante
matrizen-und-uebergangsprozesse-e5-k1-s7-v5;2026MerhoehtAAGLAA11-b;4;;ganz;r aus M³ gleich Einheitsmatrix wie im Original
matrizen-und-uebergangsprozesse-e5-k1-s7-v6;2026MerhoehtAAGLAA11-b;4;;ganz;r aus M³ gleich Einheitsmatrix wie im Original
matrizen-und-uebergangsprozesse-e2-k1-s7-v1;2026MerhoehtAAGLAA121-b;3;;ganz;b in Abhängigkeit von c über Eigenvektorbeziehung
matrizen-und-uebergangsprozesse-e2-k1-s7-v2;2026MerhoehtAAGLAA121-b;3;;ganz;b in Abhängigkeit von c über Eigenvektorbeziehung
matrizen-und-uebergangsprozesse-e2-k1-s7-v3;2026MerhoehtAAGLAA122-b;4;;ganz;Existenzaussage über Gleichungssystem beurteilen
matrizen-und-uebergangsprozesse-e2-k1-s7-v4;2026MerhoehtAAGLAA122-b;4;;ganz;Existenzaussage über Gleichungssystem beurteilen
orthogonalitaet-e3-k1-s1-v5;2026MerhoehtAAGLAA211-a;2;;ganz;Orthogonalität begründen und Punktprobe, beide Leistungen
punkte-und-strecken-im-koordinatensystem-e5-k1-s1-v2;2026MerhoehtAAGLAA212-a;1;;ganz;Prismenecke angeben wie im Original
lagebeziehungen-e2-k1-s4-v1;2026MerhoehtAAGLAA221-a;1;;ganz;c aus gemeinsamem Punkt der Schar
spiegelung-e3-k1-s6-v1;2026MerhoehtAAGLAA223;5;;ganz;beide Symmetrieebenen angeben und begründen
spiegelung-e3-k1-s6-v2;2026MerhoehtAAGLAA223;5;;ganz;beide Symmetrieebenen angeben und begründen
tangente-normale-schnittwinkel-e4-k1-s7-v2;2026MerhoehtAAnalysis11-b;4;;ganz;Parameter aus senkrechtem Schnitt wie im Original
stammfunktion-und-hauptsatz-e1-k1-s6-v3;2026MerhoehtAAnalysis12-b;3;;ganz;alle Stammfunktionen mit ausschließlich negativen Werten
gleichungen-loesen-e2-k1-s10-v1;2026MerhoehtAAnalysis13-a;2;;ganz;Nullstelle der Logarithmusfunktion berechnen
gleichungen-loesen-e2-k1-s10-v2;2026MerhoehtAAnalysis13-a;2;;ganz;Nullstelle der Logarithmusfunktion berechnen
gleichungen-loesen-e2-k1-s10-v3;2026MerhoehtAAnalysis13-a;2;;ganz;Nullstelle der Logarithmusfunktion berechnen
rekonstruktion-von-funktionsgleichungen-e1-k1-s6-v2;2026MerhoehtAAnalysis13-b;3;;ganz;a und b aus Asymptote und Punkt
gleichungen-loesen-e2-k1-s7-v2;2026MerhoehtAAnalysis14-a;1;;ganz;Schnittstellen über den positiven Exponentialfaktor nachweisen
funktionsscharen-und-ortskurven-e3-k1-s8-v3;2026MerhoehtAAnalysis22;5;;ganz;a über Scheitel von h' und abgelesene Steigung
funktionsscharen-und-ortskurven-e3-k1-s8-v4;2026MerhoehtAAnalysis22;5;;ganz;a über Scheitel von k' und abgelesene Steigung
stammfunktion-und-hauptsatz-e4-k1-s5-v1;2026MerhoehtAAnalysis23;5;;unklar;Bank Ankreuzen wahr oder falsch, Original begründete Beurteilung
stammfunktion-und-hauptsatz-e4-k1-s5-v2;2026MerhoehtAAnalysis23;5;;unklar;Bank Ankreuzen wahr oder falsch, Original begründete Beurteilung
bedingte-wahrscheinlichkeit-und-bayes-e3-k1-s1-v5;2026MerhoehtAStochastik22-b;3;;ganz;bedingter Term mit Parameter, gleicher Ansatz
orthogonalitaet-e2-k1-s4-v2;2026MerhoehtBAGLAA1MMS-1b;4;;ganz;Höhe und Oberfläche beide verlangt
vektoren-und-rechenoperationen-e2-k1-s3-v1;2026MerhoehtBAGLAA1WTR-1a;3;;ganz;einzeichnen und Linearkombination angeben
orthogonalitaet-e2-k1-s4-v1;2026MerhoehtBAGLAA1WTR-1b;4;;ganz;Höhe und Volumen beide verlangt
lagebeziehungen-e1-k2-s7-v1;2026MerhoehtBAGLAA2MMS2-1c;3;;ganz;Allaussage mit Gegenbeispiel und Punktprobe widerlegen
lagebeziehungen-e1-k2-s7-v2;2026MerhoehtBAGLAA2MMS2-1c;3;;ganz;Allaussage mit Gegenbeispiel und Punktprobe widerlegen
scharen-von-geraden-und-ebenen-e3-k1-s1-v5;2026MerhoehtBAGLAA2MMS2-1e;3;;ganz;beide Parameterwerte über Kosinusformel
scharen-von-geraden-und-ebenen-e4-k1-s6-v3;2026MerhoehtBAGLAA2MMS2-1f;6;;ganz;Lage ausschließen und Parameterbereich mit gleichem Weg
scharen-von-geraden-und-ebenen-e4-k1-s6-v4;2026MerhoehtBAGLAA2MMS2-1f;6;;ganz;Lage ausschließen und Parameterbereich, Rollen der Lagen vertauscht
punkte-und-strecken-im-koordinatensystem-e4-k1-s2-v2;2026MerhoehtBAGLAA2WTR1-1a;2;;ganz;Rechtecknachweis über das Skalarprodukt wie im Original
spiegelung-e3-k1-s1-v4;2026MerhoehtBAGLAA2WTR1-1b;2;;ganz;Symmetrieebene aus Punktepaaren begründen wie im Original
ebenen-e3-k1-s9-v1;2026MerhoehtBAGLAA2WTR1-1c;2;;ganz;Nullkomponente des Normalenvektors ohne Rechnung begründen
ebenen-e3-k1-s9-v2;2026MerhoehtBAGLAA2WTR1-1c;2;;ganz;Nullkomponente des Normalenvektors ohne Rechnung begründen
ebenen-e3-k1-s6-v1;2026MerhoehtBAGLAA2WTR1-1f;2;;ganz;Ebene mit Koordinatenebene vergleichen und entscheiden
abstaende-e1-k2-s6-v1;2026MerhoehtBAGLAA2WTR1-1g;5;;ganz;Weite als Abstand Auftreffpunkt zu Lotfußpunkt mit gleichem Weg
schnittmengen-e1-k2-s2-v3;2026MerhoehtBAGLAA2WTR2-1c;4;;ganz;Schnittpunkt Kante mit Ebene wie im Original
lagebeziehungen-e3-k1-s4-v1;2026MerhoehtBAGLAA2WTR2-1d;4;;ganz;Kreis in Ebene mit Mittelpunkt begründen, H als kleines Zusatzergebnis
funktionsscharen-und-ortskurven-e2-k1-s8-v3;2026MerhoehtBAnalysisMMS1-1a;4;;ganz;Nullstellen begründen und beide Steigungen nachweisen
funktionsscharen-und-ortskurven-e2-k1-s8-v4;2026MerhoehtBAnalysisMMS1-1a;4;;ganz;Nullstellen begründen und beide Tangentenaussagen nachweisen
funktionsklassen-und-eigenschaften-e5-k1-s10-v3;2026MerhoehtBAnalysisMMS1-1d;5;;ganz;Streckfaktoren angeben und Flächengleichheit beurteilen
funktionsklassen-und-eigenschaften-e5-k1-s10-v4;2026MerhoehtBAnalysisMMS1-1d;5;;ganz;Streckfaktoren angeben und Flächengleichheit beurteilen
ableitung-und-aenderungsrate-e4-k1-s5-v1;2026MerhoehtBAnalysisMMS1-1f;4;;ganz;Zeitpunkt und Wert der maximalen Rate über Ableitung
rekonstruktion-von-bestaenden-e3-k1-s4-v1;2026MerhoehtBAnalysisMMS1-1g;4;;ganz;Flächengleichheit über Gesamtzahlen erläutern wie im Original
rekonstruktion-von-bestaenden-e3-k1-s4-v2;2026MerhoehtBAnalysisMMS1-1g;4;;ganz;Flächengleichheit über Gesamtzahlen erläutern wie im Original
stammfunktion-und-hauptsatz-e4-k1-s5-v3;2026MerhoehtBAnalysisMMS1-1h;4;;ganz;Maximum der Integralfunktion begründen und deuten
stammfunktion-und-hauptsatz-e4-k1-s5-v4;2026MerhoehtBAnalysisMMS1-1h;4;;ganz;Maximum der Integralfunktion begründen und deuten
gleichungen-loesen-e3-k1-s5-v1;2026MerhoehtBAnalysisMMS2-1b;4;;ganz;Gleichung mit Rechner lösen und Punkte markieren
gleichungen-loesen-e3-k1-s5-v2;2026MerhoehtBAnalysisMMS2-1b;4;;ganz;Gleichung mit Rechner lösen und Punkte markieren
gleichungen-loesen-e3-k1-s5-v3;2026MerhoehtBAnalysisMMS2-1b;4;;ganz;Gleichung mit Rechner lösen und Punkte markieren
ableitung-und-aenderungsrate-e4-k1-s5-v2;2026MerhoehtBAnalysisMMS2-1c;2;;ganz;Zeitpunkt des schnellsten Wachstums über r' = 0
rekonstruktion-von-bestaenden-e2-k1-s4-v1;2026MerhoehtBAnalysisMMS2-1d;3;;ganz;Integralfunktion und Grenzwert im Sachzusammenhang deuten
rekonstruktion-von-bestaenden-e2-k1-s4-v2;2026MerhoehtBAnalysisMMS2-1d;3;;ganz;Integralfunktion und Grenzwert im Sachzusammenhang deuten
funktionsscharen-und-ortskurven-e2-k1-s1-v5;2026MerhoehtBAnalysisMMS2-2a;3;;teil;nur Nullstellen, Original verlangt auch Vorzeichenbegründung
flaecheninhalt-durch-integration-e4-k1-s6-v3;2026MerhoehtBAnalysisMMS2-2e;4;;ganz;Parameterunabhängigkeit nachweisen und Abweichung angeben
flaecheninhalt-durch-integration-e4-k1-s6-v4;2026MerhoehtBAnalysisMMS2-2e;4;;ganz;Parameterunabhängigkeit nachweisen und Abweichung angeben
funktionsscharen-und-ortskurven-e2-k1-s2-v2;2026MerhoehtBAnalysisWTR2-1a;5;;teil;Positivität und y-Abschnitt, Steigung an der y-Achse fehlt
tangente-normale-schnittwinkel-e4-k1-s4-v1;2026MerhoehtBAnalysisWTR2-2c;3;;ganz;Winkel gegen senkrechte Kante über Ableitung
grenzwerte-und-verhalten-im-unendlichen-e3-k1-s2-v1;2026MerhoehtBAnalysisWTR3-1a;4;;ganz;Monotonie, Ursprung und Grenzwert wie im Original
grenzwerte-und-verhalten-im-unendlichen-e3-k1-s2-v2;2026MerhoehtBAnalysisWTR3-1a;4;;ganz;Monotonie, Ursprung und Grenzwert wie im Original
grenzwerte-und-verhalten-im-unendlichen-e3-k1-s2-v3;2026MerhoehtBAnalysisWTR3-1a;4;;ganz;Monotonie, Ursprung und Grenzwert wie im Original
stammfunktion-und-hauptsatz-e2-k1-s0-v1;2026MerhoehtBAnalysisWTR3-1b;2;;ganz;Integral mit vorgegebener Stammfunktion berechnet
rotationsvolumen-e2-k1-s5-v3;2026MerhoehtBAnalysisWTR3-1d;3;;ganz;Aufgabenstellung zum Volumenanteil formulieren
rotationsvolumen-e2-k1-s5-v4;2026MerhoehtBAnalysisWTR3-1d;3;;ganz;Aufgabenstellung zum Volumenanteil formulieren
umkehrfunktion-e1-k1-s3-v1;2026MerhoehtBAnalysisWTR3-1e;4;;ganz;Definitionsbereich angeben und Umkehrterm nachweisen
umkehrfunktion-e1-k1-s3-v2;2026MerhoehtBAnalysisWTR3-1e;4;;ganz;Definitionsbereich angeben und Umkehrterm nachweisen
umkehrfunktion-e2-k1-s3-v1;2026MerhoehtBAnalysisWTR3-1g;3;;ganz;Berührung über Spiegelung an y = x begründen
umkehrfunktion-e2-k1-s3-v2;2026MerhoehtBAnalysisWTR3-1g;3;;ganz;Berührung über Spiegelung an y = x begründen
konfidenzintervalle-e2-k1-s3-v3;2026MerhoehtBStochastikMMS3-2a;3;;ganz;Intervallgrenzen berechnen und Nummer zuordnen
konfidenzintervalle-e2-k1-s3-v4;2026MerhoehtBStochastikMMS3-2a;3;;ganz;Intervallgrenzen berechnen und Nummer zuordnen
daten-e6-k1-s5-v2;2026MerhoehtBStochastikWTR2-1d;2;;ganz;Medianklasse angeben und begründen wie im Original
daten-e6-k1-s8-v1;2026MerhoehtBStochastikWTR2-1e;3;;ganz;Termzusammenhang beschreiben und Wert als Schranke deuten
daten-e6-k1-s8-v2;2026MerhoehtBStochastikWTR2-1e;3;;ganz;Termzusammenhang beschreiben und Wert als Schranke deuten
hypothesentests-e1-k1-s2-v2;2026MerhoehtBStochastikWTR2-2a;5;;ganz;Entscheidungsregel linksseitig mit gleichem Weg
konfidenzintervalle-e1-k1-s4-v1;2026MerhoehtBStochastikWTR3-2c;3;;ganz;Binomialverteilung begründen und Wahrscheinlichkeitsaussage nachweisen
konfidenzintervalle-e1-k1-s4-v2;2026MerhoehtBStochastikWTR3-2c;3;;ganz;Binomialverteilung begründen und Aussage prüfen
orthogonalitaet-e1-k4-s2-v1;2026MgrundlegendAAGLAA111-a;3;;ganz;rechten Winkel und Kathetenlängen nachweisen
flaecheninhalt-und-volumen-im-raum-e3-k1-s2-v1;2026MgrundlegendAAGLAA111-b;2;;ganz;Pyramidenhöhe aus dem Volumen bestimmen
lagebeziehungen-e1-k2-s4-v3;2026MgrundlegendAAGLAA211-a;3;;ganz;Punktprobe und Orthogonalität, beide Leistungen
punkte-und-strecken-im-koordinatensystem-e5-k1-s1-v1;2026MgrundlegendAAGLAA213-a;1;;ganz;Prismenecke angeben wie im Original
punkte-und-strecken-im-koordinatensystem-e5-k1-s1-v5;2026MgrundlegendAAGLAA213-a;1;;ganz;Prismenecke angeben wie im Original
punkte-und-strecken-im-koordinatensystem-e1-k1-s4-v1;2026MgrundlegendAAGLAA213-b;1;;ganz;Punkt auf Kante verorten und Dreieck einzeichnen
punkte-und-strecken-im-koordinatensystem-e1-k1-s4-v2;2026MgrundlegendAAGLAA213-b;1;;ganz;Punkt auf Kante verorten und Dreieck einzeichnen
punkte-und-strecken-im-koordinatensystem-e1-k1-s4-v3;2026MgrundlegendAAGLAA213-b;1;;ganz;Punkt auf Kante verorten und Dreieck einzeichnen
orthogonalitaet-e2-k1-s5-v2;2026MgrundlegendAAGLAA221;5;;ganz;Punkt aus Orthogonalität und Ebenenbedingung bestimmen
flaecheninhalt-und-volumen-im-raum-e3-k1-s3-v3;2026MgrundlegendAAGLAA222-a;2;;ganz;Prismenvolumen über Rautenfläche berechnen
vektoren-und-rechenoperationen-e2-k1-s8-v1;2026MgrundlegendAAGLAA222-b;3;;ganz;Ortsvektor des gedrehten Punktes als Term aufstellen
vektoren-und-rechenoperationen-e2-k1-s8-v2;2026MgrundlegendAAGLAA222-b;3;;ganz;Ortsvektor des gedrehten Punktes als Term aufstellen
kurvenuntersuchung-e2-k2-s2-v1;2026MgrundlegendAAnalysis11-a;2;;ganz;Hochpunkt an vorgegebener Stelle nachweisen
kurvenuntersuchung-e2-k4-s1-v1;2026MgrundlegendAAnalysis11-b;3;;ganz;Abstand der Extrempunkte über Punktsymmetrie
funktionsklassen-und-eigenschaften-e6-k1-s10-v3;2026MgrundlegendAAnalysis12-a;2;;ganz;Dreiecksfläche aus Extrempunkten der Winkelfunktion
funktionsklassen-und-eigenschaften-e6-k1-s10-v4;2026MgrundlegendAAnalysis12-a;2;;ganz;Dreiecksfläche aus Extrempunkten der Winkelfunktion
ableitung-und-aenderungsrate-e2-k1-s2-v1;2026MgrundlegendAAnalysis21-a;1;;ganz;Geradensteigung am Steigungsdreieck als Ableitungswert begründen
ableitungsregeln-e3-k1-s6-v1;2026MgrundlegendAAnalysis21-b;4;;ganz;Produktregel mit Graphenwerten wie im Original
ableitungsregeln-e3-k1-s6-v2;2026MgrundlegendAAnalysis21-b;4;;ganz;Produktregel mit Graphenwerten wie im Original
ableitungsregeln-e3-k1-s6-v3;2026MgrundlegendAAnalysis21-b;4;;ganz;Produktregel mit Graphenwerten wie im Original
binomialverteilung-e2-k1-s5-v1;2026MgrundlegendAStochastik12-a;2;;ganz;Term für höchstens einmal angeben
binomialverteilung-e2-k1-s5-v2;2026MgrundlegendAStochastik12-a;2;;ganz;Term für höchstens einmal angeben
bedingte-wahrscheinlichkeit-und-bayes-e2-k1-s3-v3;2026MgrundlegendAStochastik13-b;2;;ganz;bedingte Wahrscheinlichkeit mit Schranke vergleichen
matrizen-und-uebergangsprozesse-e4-k1-s7-v1;2026MgrundlegendBAGLAA1MMS-1c;2;;ganz;Unmöglichkeit über negative Vorgängerkomponente begründen
matrizen-und-uebergangsprozesse-e4-k1-s7-v2;2026MgrundlegendBAGLAA1MMS-1c;2;;ganz;Unmöglichkeit über negative Vorgängerkomponente begründen
vektoren-und-rechenoperationen-e2-k1-s1-v2;2026MgrundlegendBAGLAA2MMS2-1a;2;;ganz;Punkt aus Kantenvektoren ins Schrägbild einzeichnen
spiegelung-e3-k1-s2-v3;2026MgrundlegendBAGLAA2MMS2-1b;3;;ganz;Symmetrieebene auswählen und eine andere ausschließen
geraden-e2-k1-s8-v1;2026MgrundlegendBAGLAA2MMS2-1d;3;;ganz;Geradengleichung angeben und Punktprobe negativ
geraden-e2-k1-s8-v2;2026MgrundlegendBAGLAA2MMS2-1d;3;;ganz;Geradengleichung angeben und Punktprobe negativ
geraden-e2-k1-s8-v3;2026MgrundlegendBAGLAA2MMS2-1d;3;;ganz;Geradengleichung und Punktprobe, hier mit positivem Ausgang
flaecheninhalt-und-volumen-im-raum-e4-k1-s7-v5;2026MgrundlegendBAGLAA2MMS2-1e;4;;ganz;Parameter aus Volumenanteil zweier Pyramiden bestimmen
flaecheninhalt-und-volumen-im-raum-e4-k1-s7-v6;2026MgrundlegendBAGLAA2MMS2-1e;4;;ganz;Parameter aus Volumenanteil zweier Pyramiden bestimmen
punkte-und-strecken-im-koordinatensystem-e1-k1-s5-v2;2026MgrundlegendBAGLAA2WTR1-1a;3;;ganz;Parallelität und Symmetrie aus Koordinaten begründen
skalarprodukt-und-winkel-e3-k1-s5-v1;2026MgrundlegendBAGLAA2WTR1-1e;4;;ganz;Grenzwinkel als Ebenenwinkel berechnen und erläutern
skalarprodukt-und-winkel-e3-k1-s5-v2;2026MgrundlegendBAGLAA2WTR1-1e;4;;ganz;Grenzwinkel als Ebenenwinkel berechnen und erläutern
punkte-und-strecken-im-koordinatensystem-e4-k1-s6-v2;2026MgrundlegendBAGLAA2WTR2-1a;3;;ganz;Trapez nachweisen und Flächeninhalt berechnen
ableitung-und-aenderungsrate-e1-k1-s8-v1;2026MgrundlegendBAnalysisMMS1-1b;3;;ganz;Gleichung lösen und im Sachzusammenhang deuten
ableitung-und-aenderungsrate-e4-k1-s4-v2;2026MgrundlegendBAnalysisMMS1-1c;3;;ganz;Zeitpunkt und Wert der größten Rate über k''
kurvenuntersuchung-e3-k4-s1-v1;2026MgrundlegendBAnalysisMMS2-1c;3;;ganz;Wendestelle und Winkel der Wendetangente nachweisen
kurvenuntersuchung-e1-k1-s5-v1;2026MgrundlegendBAnalysisWTR1-1a;2;;ganz;Monotonie über Vorzeichen der Ableitung nachweisen
tangente-normale-schnittwinkel-e4-k1-s3-v2;2026MgrundlegendBAnalysisWTR1-1c;4;;ganz;Tangentengleichung und Schnittwinkel mit gleichem Weg
stammfunktion-und-hauptsatz-e1-k1-s5-v2;2026MgrundlegendBAnalysisWTR1-1d;3;;ganz;Stammfunktion aus Wertebedingung bestimmt
ableitung-und-aenderungsrate-e1-k1-s4-v2;2026MgrundlegendBAnalysisWTR1-2c;3;;unklar;Original nur Deutung, Bank verlangt zusätzlich Berechnung
ableitung-und-aenderungsrate-e3-k1-s3-v2;2026MgrundlegendBAnalysisWTR2-2b;4;;ganz;mittlere und momentane Rate vergleichen mit Schranke
ableitung-und-aenderungsrate-e4-k1-s9-v6;2026MgrundlegendBAnalysisWTR2-2c;3;;ganz;Proportionalität Bestand und Rate am Term nachweisen
ableitung-und-aenderungsrate-e4-k1-s9-v7;2026MgrundlegendBAnalysisWTR2-2c;3;;ganz;Proportionalität nachweisen, c als kleines Zusatzergebnis
daten-e4-k2-s3-v1;2026MgrundlegendBStochastikWTR2-1e;3;;ganz;fehlenden Wert aus dem Mittel berechnen
kombinatorik-e3-k1-s3-v1;2026MgrundlegendBStochastikWTR2-1f;3;;ganz;Reihenfolgen mit Abstandsbedingung über Muster zählen
